ISO-10303-21;
HEADER;
/* Generated by software containing ST-Developer
 * from STEP Tools, Inc. (www.steptools.com) 
 */

FILE_DESCRIPTION(
/* description */ (''),
/* implementation_level */ '2;1');

FILE_NAME(
/* name */ 'biometric scanner front plate.step',
/* time_stamp */ '2026-09-13T18:50:50+05:30',
/* author */ (''),
/* organization */ (''),
/* preprocessor_version */ 'ST-DEVELOPER v20.2',
/* originating_system */ 'Autodesk Translation Framework v15.15.0.0',
/* authorisation */ '');

FILE_SCHEMA (('AUTOMOTIVE_DESIGN { 1 0 10303 214 3 1 1 }'));
ENDSEC;

DATA;
#10=MECHANICAL_DESIGN_GEOMETRIC_PRESENTATION_REPRESENTATION('',(#13),#2461);
#11=SHAPE_REPRESENTATION_RELATIONSHIP('SRR','None',#2468,#12);
#12=ADVANCED_BREP_SHAPE_REPRESENTATION('',(#14),#2460);
#13=STYLED_ITEM('',(#2477),#14);
#14=MANIFOLD_SOLID_BREP('Body1',#1116);
#15=B_SPLINE_SURFACE_WITH_KNOTS('',3,3,((#1848,#1849,#1850,#1851,#1852,
#1853,#1854),(#1855,#1856,#1857,#1858,#1859,#1860,#1861),(#1862,#1863,#1864,
#1865,#1866,#1867,#1868),(#1869,#1870,#1871,#1872,#1873,#1874,#1875),(#1876,
#1877,#1878,#1879,#1880,#1881,#1882),(#1883,#1884,#1885,#1886,#1887,#1888,
#1889),(#1890,#1891,#1892,#1893,#1894,#1895,#1896)),.UNSPECIFIED.,.F.,.F.,
 .F.,(4,1,1,1,4),(4,1,1,1,4),(-0.1,0.242857142857143,0.414285714285714,
0.757142857142857,1.1),(0.195262876241548,0.425187768743963,0.54015021499517,
0.770075107497585,1.),.UNSPECIFIED.);
#16=B_SPLINE_SURFACE_WITH_KNOTS('',3,3,((#1922,#1923,#1924,#1925,#1926,
#1927),(#1928,#1929,#1930,#1931,#1932,#1933),(#1934,#1935,#1936,#1937,#1938,
#1939),(#1940,#1941,#1942,#1943,#1944,#1945),(#1946,#1947,#1948,#1949,#1950,
#1951),(#1952,#1953,#1954,#1955,#1956,#1957),(#1958,#1959,#1960,#1961,#1962,
#1963),(#1964,#1965,#1966,#1967,#1968,#1969),(#1970,#1971,#1972,#1973,#1974,
#1975),(#1976,#1977,#1978,#1979,#1980,#1981),(#1982,#1983,#1984,#1985,#1986,
#1987),(#1988,#1989,#1990,#1991,#1992,#1993),(#1994,#1995,#1996,#1997,#1998,
#1999),(#2000,#2001,#2002,#2003,#2004,#2005),(#2006,#2007,#2008,#2009,#2010,
#2011)),.UNSPECIFIED.,.F.,.F.,.F.,(4,2,1,1,1,1,1,1,1,2,4),(4,1,1,4),(-0.0833333333333334,
0.,0.025,0.05,0.1,0.2,0.4,0.6,0.8,1.,1.08333333333333),(0.191133763985861,
0.422238402847044,0.653343041708226,1.),.UNSPECIFIED.);
#17=B_SPLINE_SURFACE_WITH_KNOTS('',3,3,((#2036,#2037,#2038,#2039),(#2040,
#2041,#2042,#2043),(#2044,#2045,#2046,#2047),(#2048,#2049,#2050,#2051),
(#2052,#2053,#2054,#2055),(#2056,#2057,#2058,#2059)),.UNSPECIFIED.,.F.,
 .F.,.F.,(4,1,1,4),(4,4),(0.,0.285714285714286,0.571428571428571,1.),(0.,
1.),.UNSPECIFIED.);
#18=B_SPLINE_SURFACE_WITH_KNOTS('',3,3,((#2074,#2075,#2076,#2077),(#2078,
#2079,#2080,#2081),(#2082,#2083,#2084,#2085),(#2086,#2087,#2088,#2089),
(#2090,#2091,#2092,#2093),(#2094,#2095,#2096,#2097),(#2098,#2099,#2100,
#2101),(#2102,#2103,#2104,#2105),(#2106,#2107,#2108,#2109),(#2110,#2111,
#2112,#2113)),.UNSPECIFIED.,.F.,.F.,.F.,(4,1,1,1,1,1,1,4),(4,4),(0.,0.142857142857143,
0.285714285714286,0.428571428571429,0.571428571428571,0.785714285714286,
0.857142857142857,1.),(0.,1.),.UNSPECIFIED.);
#19=B_SPLINE_SURFACE_WITH_KNOTS('',3,3,((#2124,#2125,#2126,#2127),(#2128,
#2129,#2130,#2131),(#2132,#2133,#2134,#2135),(#2136,#2137,#2138,#2139),
(#2140,#2141,#2142,#2143),(#2144,#2145,#2146,#2147)),.UNSPECIFIED.,.F.,
 .F.,.F.,(4,1,1,4),(4,4),(0.,0.285714285714286,0.571428571428571,1.),(0.,
1.),.UNSPECIFIED.);
#20=B_SPLINE_SURFACE_WITH_KNOTS('',3,3,((#2156,#2157,#2158,#2159),(#2160,
#2161,#2162,#2163),(#2164,#2165,#2166,#2167),(#2168,#2169,#2170,#2171),
(#2172,#2173,#2174,#2175),(#2176,#2177,#2178,#2179),(#2180,#2181,#2182,
#2183),(#2184,#2185,#2186,#2187),(#2188,#2189,#2190,#2191),(#2192,#2193,
#2194,#2195)),.UNSPECIFIED.,.F.,.F.,.F.,(4,1,1,1,1,1,1,4),(4,4),(0.,0.142857142857143,
0.285714285714286,0.428571428571429,0.571428571428571,0.785714285714286,
0.857142857142857,1.),(0.,1.),.UNSPECIFIED.);
#21=B_SPLINE_SURFACE_WITH_KNOTS('',3,3,((#2221,#2222,#2223,#2224,#2225,
#2226,#2227),(#2228,#2229,#2230,#2231,#2232,#2233,#2234),(#2235,#2236,#2237,
#2238,#2239,#2240,#2241),(#2242,#2243,#2244,#2245,#2246,#2247,#2248),(#2249,
#2250,#2251,#2252,#2253,#2254,#2255),(#2256,#2257,#2258,#2259,#2260,#2261,
#2262),(#2263,#2264,#2265,#2266,#2267,#2268,#2269)),.UNSPECIFIED.,.F.,.F.,
 .F.,(4,1,1,1,4),(4,1,1,1,4),(-0.1,0.0714285714285715,0.414285714285714,
0.757142857142857,1.1),(0.195260516087048,0.310223299503184,0.540148866335456,
0.770074433167728,1.),.UNSPECIFIED.);
#22=B_SPLINE_SURFACE_WITH_KNOTS('',3,3,((#2278,#2279,#2280,#2281,#2282,
#2283,#2284),(#2285,#2286,#2287,#2288,#2289,#2290,#2291),(#2292,#2293,#2294,
#2295,#2296,#2297,#2298),(#2299,#2300,#2301,#2302,#2303,#2304,#2305),(#2306,
#2307,#2308,#2309,#2310,#2311,#2312),(#2313,#2314,#2315,#2316,#2317,#2318,
#2319),(#2320,#2321,#2322,#2323,#2324,#2325,#2326),(#2327,#2328,#2329,#2330,
#2331,#2332,#2333),(#2334,#2335,#2336,#2337,#2338,#2339,#2340),(#2341,#2342,
#2343,#2344,#2345,#2346,#2347),(#2348,#2349,#2350,#2351,#2352,#2353,#2354),
(#2355,#2356,#2357,#2358,#2359,#2360,#2361),(#2362,#2363,#2364,#2365,#2366,
#2367,#2368),(#2369,#2370,#2371,#2372,#2373,#2374,#2375)),.UNSPECIFIED.,
 .F.,.F.,.F.,(4,2,1,1,1,1,1,1,2,4),(4,1,1,1,4),(-0.0833333333333339,0.,
0.05,0.1,0.2,0.4,0.6,0.8,1.,1.08333333333333),(0.191133764043727,0.422238402888376,
0.537790722310701,0.768895361155351,1.),.UNSPECIFIED.);
#23=FACE_BOUND('',#176,.T.);
#24=FACE_BOUND('',#177,.T.);
#25=FACE_BOUND('',#178,.T.);
#26=FACE_BOUND('',#188,.T.);
#27=FACE_BOUND('',#189,.T.);
#28=FACE_BOUND('',#190,.T.);
#29=FACE_BOUND('',#191,.T.);
#30=FACE_BOUND('',#192,.T.);
#31=FACE_BOUND('',#193,.T.);
#32=FACE_BOUND('',#194,.T.);
#33=FACE_BOUND('',#195,.T.);
#34=FACE_BOUND('',#203,.T.);
#35=FACE_BOUND('',#204,.T.);
#36=FACE_BOUND('',#205,.T.);
#37=FACE_BOUND('',#206,.T.);
#38=FACE_BOUND('',#207,.T.);
#39=FACE_BOUND('',#208,.T.);
#40=FACE_BOUND('',#209,.T.);
#41=FACE_BOUND('',#210,.T.);
#42=FACE_BOUND('',#211,.T.);
#43=FACE_BOUND('',#213,.T.);
#44=FACE_BOUND('',#222,.T.);
#45=FACE_BOUND('',#235,.T.);
#46=FACE_BOUND('',#252,.T.);
#47=FACE_BOUND('',#253,.T.);
#48=FACE_BOUND('',#254,.T.);
#49=FACE_BOUND('',#255,.T.);
#50=B_SPLINE_CURVE_WITH_KNOTS('',3,(#1577,#1578,#1579,#1580,#1581,#1582,
#1583,#1584,#1585,#1586),.UNSPECIFIED.,.F.,.F.,(4,3,3,4),(-2.6938399821866,
-2.67047036666969,-2.63934473123024,-2.63500610699395),.UNSPECIFIED.);
#51=B_SPLINE_CURVE_WITH_KNOTS('',3,(#1590,#1591,#1592,#1593),
 .UNSPECIFIED.,.F.,.F.,(4,4),(-2.69384025578351,-2.63500654863356),
 .UNSPECIFIED.);
#52=B_SPLINE_CURVE_WITH_KNOTS('',3,(#1605,#1606,#1607,#1608),
 .UNSPECIFIED.,.F.,.F.,(4,4),(-0.353944554068537,-0.277363752727206),
 .UNSPECIFIED.);
#53=B_SPLINE_CURVE_WITH_KNOTS('',3,(#1628,#1629,#1630,#1631),
 .UNSPECIFIED.,.F.,.F.,(4,4),(-0.353943497937408,-0.277363151282727),
 .UNSPECIFIED.);
#54=B_SPLINE_CURVE_WITH_KNOTS('',3,(#1640,#1641,#1642,#1643),
 .UNSPECIFIED.,.F.,.F.,(4,4),(-2.76373586064957,-2.6938399821866),
 .UNSPECIFIED.);
#55=B_SPLINE_CURVE_WITH_KNOTS('',3,(#1645,#1646,#1647,#1648,#1649,#1650),
 .UNSPECIFIED.,.F.,.F.,(4,2,4),(-1.40359349654047,-0.747099363583464,-0.224373005521564),
 .UNSPECIFIED.);
#56=B_SPLINE_CURVE_WITH_KNOTS('',3,(#1656,#1657,#1658,#1659,#1660,#1661),
 .UNSPECIFIED.,.F.,.F.,(4,2,4),(-2.6977718660517,-2.21790315927712,-1.51432207991771),
 .UNSPECIFIED.);
#57=B_SPLINE_CURVE_WITH_KNOTS('',3,(#1662,#1663,#1664,#1665),
 .UNSPECIFIED.,.F.,.F.,(4,4),(-0.277363151282727,-0.178701121160705),
 .UNSPECIFIED.);
#58=B_SPLINE_CURVE_WITH_KNOTS('',3,(#1666,#1667,#1668,#1669,#1670,#1671,
#1672,#1673,#1674,#1675,#1676,#1677),.UNSPECIFIED.,.F.,.F.,(4,2,2,2,2,4),
(-2.63500654863356,-2.51167232866278,-1.96304251621594,-1.34234657752396,
-0.705550625845277,-0.353943497937408),.UNSPECIFIED.);
#59=B_SPLINE_CURVE_WITH_KNOTS('',3,(#1679,#1680,#1681,#1682),
 .UNSPECIFIED.,.F.,.F.,(4,4),(-2.76373584176315,-2.69384025578351),
 .UNSPECIFIED.);
#60=B_SPLINE_CURVE_WITH_KNOTS('',3,(#1684,#1685,#1686,#1687,#1688,#1689),
 .UNSPECIFIED.,.F.,.F.,(4,2,4),(-1.42277924307951,-0.74709936393149,-0.224373006196255),
 .UNSPECIFIED.);
#61=B_SPLINE_CURVE_WITH_KNOTS('',3,(#1695,#1696,#1697,#1698,#1699,#1700),
 .UNSPECIFIED.,.F.,.F.,(4,2,4),(-2.69777186753525,-2.21790315956114,-1.5330017325093),
 .UNSPECIFIED.);
#62=B_SPLINE_CURVE_WITH_KNOTS('',3,(#1701,#1702,#1703,#1704),
 .UNSPECIFIED.,.F.,.F.,(4,4),(-0.277363752727206,-0.178701121599979),
 .UNSPECIFIED.);
#63=B_SPLINE_CURVE_WITH_KNOTS('',3,(#1705,#1706,#1707,#1708,#1709,#1710,
#1711,#1712,#1713,#1714,#1715,#1716),.UNSPECIFIED.,.F.,.F.,(4,2,2,2,2,4),
(-2.63500610699395,-2.51167234361204,-1.96304252512255,-1.3423465817934,
-0.705550626305803,-0.353944554068537),.UNSPECIFIED.);
#64=B_SPLINE_CURVE_WITH_KNOTS('',3,(#1731,#1732,#1733,#1734,#1735,#1736,
#1737),.UNSPECIFIED.,.F.,.F.,(4,3,4),(-1.51432207991771,-1.50391372601744,
-1.40359349654047),.UNSPECIFIED.);
#65=B_SPLINE_CURVE_WITH_KNOTS('',3,(#1739,#1740,#1741,#1742,#1743,#1744,
#1745),.UNSPECIFIED.,.F.,.F.,(4,3,4),(-1.5330017325093,-1.50391372506753,
-1.42277924307951),.UNSPECIFIED.);
#66=B_SPLINE_CURVE_WITH_KNOTS('',3,(#1898,#1899,#1900,#1901,#1902,#1903,
#1904,#1905),.UNSPECIFIED.,.F.,.F.,(4,2,2,4),(-3.69912079879328,-3.185184764291,
-1.6506942568908,0.),.UNSPECIFIED.);
#67=B_SPLINE_CURVE_WITH_KNOTS('',3,(#1907,#1908,#1909,#1910,#1911,#1912,
#1913),.UNSPECIFIED.,.F.,.F.,(4,1,1,1,4),(-1.1,-0.757142857142857,-0.414285714285714,
-0.242857142857143,0.1),.UNSPECIFIED.);
#68=B_SPLINE_CURVE_WITH_KNOTS('',3,(#1914,#1915,#1916,#1917,#1918,#1919,
#1920,#1921),.UNSPECIFIED.,.F.,.F.,(4,2,2,4),(0.846669369525379,1.63852749460157,
4.0118440760513,6.61502571935344),.UNSPECIFIED.);
#69=B_SPLINE_CURVE_WITH_KNOTS('',3,(#2013,#2014,#2015,#2016,#2017,#2018,
#2019,#2020),.UNSPECIFIED.,.F.,.F.,(4,2,2,4),(-6.6150334141874,-4.0118485176757,
-1.63852974635511,-0.846670197115391),.UNSPECIFIED.);
#70=B_SPLINE_CURVE_WITH_KNOTS('',3,(#2021,#2022,#2023,#2024,#2025,#2026,
#2027,#2028,#2029,#2030,#2031,#2032,#2033,#2034,#2035),.UNSPECIFIED.,.F.,
 .F.,(4,2,1,1,1,1,1,1,1,2,4),(-1.08333333333333,-1.,-0.8,-0.6,-0.4,-0.2,
-0.1,-0.05,-0.025,0.,0.0833333333333334),.UNSPECIFIED.);
#71=B_SPLINE_CURVE_WITH_KNOTS('',3,(#2064,#2065,#2066,#2067),
 .UNSPECIFIED.,.F.,.F.,(4,4),(0.,1.),.UNSPECIFIED.);
#72=B_SPLINE_CURVE_WITH_KNOTS('',3,(#2070,#2071,#2072,#2073),
 .UNSPECIFIED.,.F.,.F.,(4,4),(0.,1.),.UNSPECIFIED.);
#73=B_SPLINE_CURVE_WITH_KNOTS('',3,(#2119,#2120,#2121,#2122),
 .UNSPECIFIED.,.F.,.F.,(4,4),(0.,1.),.UNSPECIFIED.);
#74=B_SPLINE_CURVE_WITH_KNOTS('',3,(#2152,#2153,#2154,#2155),
 .UNSPECIFIED.,.F.,.F.,(4,4),(0.,1.),.UNSPECIFIED.);
#75=B_SPLINE_CURVE_WITH_KNOTS('',3,(#2200,#2201,#2202,#2203,#2204,#2205,
#2206),.UNSPECIFIED.,.F.,.F.,(4,1,1,1,4),(-1.1,-0.757142857142857,-0.414285714285714,
-0.0714285714285715,0.1),.UNSPECIFIED.);
#76=B_SPLINE_CURVE_WITH_KNOTS('',3,(#2207,#2208,#2209,#2210,#2211,#2212,
#2213,#2214,#2215,#2216,#2217,#2218,#2219,#2220),.UNSPECIFIED.,.F.,.F.,
(4,2,1,1,1,1,1,1,2,4),(-1.08333333333333,-1.,-0.8,-0.6,-0.4,-0.2,-0.1,-0.05,
0.,0.0833333333333339),.UNSPECIFIED.);
#77=B_SPLINE_CURVE_WITH_KNOTS('',3,(#2270,#2271,#2272,#2273,#2274,#2275,
#2276,#2277),.UNSPECIFIED.,.F.,.F.,(4,2,2,4),(-3.69912014420477,-3.18518408303422,
-1.65069414045885,0.),.UNSPECIFIED.);
#78=PLANE('',#1135);
#79=PLANE('',#1136);
#80=PLANE('',#1142);
#81=PLANE('',#1153);
#82=PLANE('',#1154);
#83=PLANE('',#1169);
#84=PLANE('',#1170);
#85=PLANE('',#1177);
#86=PLANE('',#1178);
#87=PLANE('',#1195);
#88=PLANE('',#1206);
#89=PLANE('',#1207);
#90=PLANE('',#1215);
#91=PLANE('',#1218);
#92=PLANE('',#1221);
#93=PLANE('',#1224);
#94=PLANE('',#1227);
#95=PLANE('',#1230);
#96=PLANE('',#1232);
#97=PLANE('',#1235);
#98=PLANE('',#1238);
#99=PLANE('',#1241);
#100=PLANE('',#1244);
#101=PLANE('',#1247);
#102=PLANE('',#1251);
#103=PLANE('',#1252);
#104=PLANE('',#1253);
#105=FACE_OUTER_BOUND('',#167,.T.);
#106=FACE_OUTER_BOUND('',#168,.T.);
#107=FACE_OUTER_BOUND('',#169,.T.);
#108=FACE_OUTER_BOUND('',#170,.T.);
#109=FACE_OUTER_BOUND('',#171,.T.);
#110=FACE_OUTER_BOUND('',#172,.T.);
#111=FACE_OUTER_BOUND('',#173,.T.);
#112=FACE_OUTER_BOUND('',#174,.T.);
#113=FACE_OUTER_BOUND('',#175,.T.);
#114=FACE_OUTER_BOUND('',#179,.T.);
#115=FACE_OUTER_BOUND('',#180,.T.);
#116=FACE_OUTER_BOUND('',#181,.T.);
#117=FACE_OUTER_BOUND('',#182,.T.);
#118=FACE_OUTER_BOUND('',#183,.T.);
#119=FACE_OUTER_BOUND('',#184,.T.);
#120=FACE_OUTER_BOUND('',#185,.T.);
#121=FACE_OUTER_BOUND('',#186,.T.);
#122=FACE_OUTER_BOUND('',#187,.T.);
#123=FACE_OUTER_BOUND('',#196,.T.);
#124=FACE_OUTER_BOUND('',#197,.T.);
#125=FACE_OUTER_BOUND('',#198,.T.);
#126=FACE_OUTER_BOUND('',#199,.T.);
#127=FACE_OUTER_BOUND('',#200,.T.);
#128=FACE_OUTER_BOUND('',#201,.T.);
#129=FACE_OUTER_BOUND('',#202,.T.);
#130=FACE_OUTER_BOUND('',#212,.T.);
#131=FACE_OUTER_BOUND('',#214,.T.);
#132=FACE_OUTER_BOUND('',#215,.T.);
#133=FACE_OUTER_BOUND('',#216,.T.);
#134=FACE_OUTER_BOUND('',#217,.T.);
#135=FACE_OUTER_BOUND('',#218,.T.);
#136=FACE_OUTER_BOUND('',#219,.T.);
#137=FACE_OUTER_BOUND('',#220,.T.);
#138=FACE_OUTER_BOUND('',#221,.T.);
#139=FACE_OUTER_BOUND('',#223,.T.);
#140=FACE_OUTER_BOUND('',#224,.T.);
#141=FACE_OUTER_BOUND('',#225,.T.);
#142=FACE_OUTER_BOUND('',#226,.T.);
#143=FACE_OUTER_BOUND('',#227,.T.);
#144=FACE_OUTER_BOUND('',#228,.T.);
#145=FACE_OUTER_BOUND('',#229,.T.);
#146=FACE_OUTER_BOUND('',#230,.T.);
#147=FACE_OUTER_BOUND('',#231,.T.);
#148=FACE_OUTER_BOUND('',#232,.T.);
#149=FACE_OUTER_BOUND('',#233,.T.);
#150=FACE_OUTER_BOUND('',#234,.T.);
#151=FACE_OUTER_BOUND('',#236,.T.);
#152=FACE_OUTER_BOUND('',#237,.T.);
#153=FACE_OUTER_BOUND('',#238,.T.);
#154=FACE_OUTER_BOUND('',#239,.T.);
#155=FACE_OUTER_BOUND('',#240,.T.);
#156=FACE_OUTER_BOUND('',#241,.T.);
#157=FACE_OUTER_BOUND('',#242,.T.);
#158=FACE_OUTER_BOUND('',#243,.T.);
#159=FACE_OUTER_BOUND('',#244,.T.);
#160=FACE_OUTER_BOUND('',#245,.T.);
#161=FACE_OUTER_BOUND('',#246,.T.);
#162=FACE_OUTER_BOUND('',#247,.T.);
#163=FACE_OUTER_BOUND('',#248,.T.);
#164=FACE_OUTER_BOUND('',#249,.T.);
#165=FACE_OUTER_BOUND('',#250,.T.);
#166=FACE_OUTER_BOUND('',#251,.T.);
#167=EDGE_LOOP('',(#709,#710,#711,#712,#713,#714));
#168=EDGE_LOOP('',(#715,#716));
#169=EDGE_LOOP('',(#717,#718));
#170=EDGE_LOOP('',(#719,#720,#721,#722,#723,#724));
#171=EDGE_LOOP('',(#725,#726));
#172=EDGE_LOOP('',(#727,#728,#729,#730,#731,#732));
#173=EDGE_LOOP('',(#733,#734,#735,#736,#737,#738));
#174=EDGE_LOOP('',(#739,#740));
#175=EDGE_LOOP('',(#741));
#176=EDGE_LOOP('',(#742));
#177=EDGE_LOOP('',(#743));
#178=EDGE_LOOP('',(#744,#745,#746,#747,#748,#749,#750,#751,#752,#753,#754,
#755,#756,#757,#758,#759,#760,#761,#762,#763,#764,#765));
#179=EDGE_LOOP('',(#766,#767,#768,#769));
#180=EDGE_LOOP('',(#770,#771,#772,#773));
#181=EDGE_LOOP('',(#774,#775,#776,#777,#778,#779));
#182=EDGE_LOOP('',(#780,#781));
#183=EDGE_LOOP('',(#782,#783));
#184=EDGE_LOOP('',(#784,#785,#786,#787,#788,#789));
#185=EDGE_LOOP('',(#790,#791,#792,#793));
#186=EDGE_LOOP('',(#794,#795,#796,#797));
#187=EDGE_LOOP('',(#798,#799,#800,#801,#802,#803,#804,#805));
#188=EDGE_LOOP('',(#806,#807,#808,#809));
#189=EDGE_LOOP('',(#810,#811,#812,#813));
#190=EDGE_LOOP('',(#814,#815,#816,#817));
#191=EDGE_LOOP('',(#818));
#192=EDGE_LOOP('',(#819));
#193=EDGE_LOOP('',(#820));
#194=EDGE_LOOP('',(#821));
#195=EDGE_LOOP('',(#822));
#196=EDGE_LOOP('',(#823,#824,#825,#826));
#197=EDGE_LOOP('',(#827,#828,#829,#830));
#198=EDGE_LOOP('',(#831,#832,#833,#834));
#199=EDGE_LOOP('',(#835,#836,#837,#838));
#200=EDGE_LOOP('',(#839,#840,#841,#842));
#201=EDGE_LOOP('',(#843,#844,#845,#846));
#202=EDGE_LOOP('',(#847));
#203=EDGE_LOOP('',(#848));
#204=EDGE_LOOP('',(#849));
#205=EDGE_LOOP('',(#850));
#206=EDGE_LOOP('',(#851));
#207=EDGE_LOOP('',(#852));
#208=EDGE_LOOP('',(#853));
#209=EDGE_LOOP('',(#854));
#210=EDGE_LOOP('',(#855));
#211=EDGE_LOOP('',(#856));
#212=EDGE_LOOP('',(#857));
#213=EDGE_LOOP('',(#858));
#214=EDGE_LOOP('',(#859,#860,#861,#862));
#215=EDGE_LOOP('',(#863,#864,#865,#866,#867,#868));
#216=EDGE_LOOP('',(#869,#870,#871,#872,#873,#874,#875,#876));
#217=EDGE_LOOP('',(#877,#878,#879,#880));
#218=EDGE_LOOP('',(#881,#882,#883,#884,#885));
#219=EDGE_LOOP('',(#886,#887,#888,#889));
#220=EDGE_LOOP('',(#890,#891,#892,#893));
#221=EDGE_LOOP('',(#894,#895,#896,#897));
#222=EDGE_LOOP('',(#898,#899,#900,#901));
#223=EDGE_LOOP('',(#902,#903,#904,#905,#906,#907));
#224=EDGE_LOOP('',(#908,#909,#910,#911,#912,#913,#914,#915));
#225=EDGE_LOOP('',(#916,#917,#918,#919));
#226=EDGE_LOOP('',(#920));
#227=EDGE_LOOP('',(#921,#922,#923,#924));
#228=EDGE_LOOP('',(#925));
#229=EDGE_LOOP('',(#926,#927,#928,#929));
#230=EDGE_LOOP('',(#930));
#231=EDGE_LOOP('',(#931,#932,#933,#934));
#232=EDGE_LOOP('',(#935));
#233=EDGE_LOOP('',(#936,#937,#938,#939));
#234=EDGE_LOOP('',(#940));
#235=EDGE_LOOP('',(#941));
#236=EDGE_LOOP('',(#942,#943,#944,#945));
#237=EDGE_LOOP('',(#946,#947,#948,#949));
#238=EDGE_LOOP('',(#950,#951,#952,#953));
#239=EDGE_LOOP('',(#954,#955,#956,#957));
#240=EDGE_LOOP('',(#958,#959,#960,#961));
#241=EDGE_LOOP('',(#962,#963,#964,#965));
#242=EDGE_LOOP('',(#966,#967,#968,#969));
#243=EDGE_LOOP('',(#970,#971,#972,#973));
#244=EDGE_LOOP('',(#974,#975,#976,#977));
#245=EDGE_LOOP('',(#978,#979,#980,#981));
#246=EDGE_LOOP('',(#982,#983,#984,#985));
#247=EDGE_LOOP('',(#986,#987,#988,#989));
#248=EDGE_LOOP('',(#990,#991,#992,#993,#994,#995,#996,#997));
#249=EDGE_LOOP('',(#998,#999,#1000,#1001));
#250=EDGE_LOOP('',(#1002,#1003,#1004,#1005));
#251=EDGE_LOOP('',(#1006,#1007,#1008,#1009,#1010,#1011,#1012,#1013));
#252=EDGE_LOOP('',(#1014));
#253=EDGE_LOOP('',(#1015,#1016,#1017,#1018));
#254=EDGE_LOOP('',(#1019,#1020,#1021,#1022));
#255=EDGE_LOOP('',(#1023,#1024,#1025,#1026));
#256=LINE('',#1570,#317);
#257=LINE('',#1599,#318);
#258=LINE('',#1614,#319);
#259=LINE('',#1621,#320);
#260=LINE('',#1720,#321);
#261=LINE('',#1724,#322);
#262=LINE('',#1728,#323);
#263=LINE('',#1750,#324);
#264=LINE('',#1756,#325);
#265=LINE('',#1759,#326);
#266=LINE('',#1762,#327);
#267=LINE('',#1764,#328);
#268=LINE('',#1765,#329);
#269=LINE('',#1768,#330);
#270=LINE('',#1772,#331);
#271=LINE('',#1776,#332);
#272=LINE('',#1782,#333);
#273=LINE('',#1785,#334);
#274=LINE('',#1790,#335);
#275=LINE('',#1793,#336);
#276=LINE('',#1798,#337);
#277=LINE('',#1801,#338);
#278=LINE('',#1816,#339);
#279=LINE('',#1817,#340);
#280=LINE('',#1820,#341);
#281=LINE('',#1821,#342);
#282=LINE('',#1825,#343);
#283=LINE('',#1829,#344);
#284=LINE('',#1834,#345);
#285=LINE('',#1840,#346);
#286=LINE('',#1847,#347);
#287=LINE('',#2069,#348);
#288=LINE('',#2117,#349);
#289=LINE('',#2151,#350);
#290=LINE('',#2197,#351);
#291=LINE('',#2378,#352);
#292=LINE('',#2383,#353);
#293=LINE('',#2388,#354);
#294=LINE('',#2393,#355);
#295=LINE('',#2398,#356);
#296=LINE('',#2405,#357);
#297=LINE('',#2407,#358);
#298=LINE('',#2408,#359);
#299=LINE('',#2412,#360);
#300=LINE('',#2415,#361);
#301=LINE('',#2416,#362);
#302=LINE('',#2421,#363);
#303=LINE('',#2423,#364);
#304=LINE('',#2424,#365);
#305=LINE('',#2428,#366);
#306=LINE('',#2431,#367);
#307=LINE('',#2432,#368);
#308=LINE('',#2437,#369);
#309=LINE('',#2439,#370);
#310=LINE('',#2440,#371);
#311=LINE('',#2444,#372);
#312=LINE('',#2447,#373);
#313=LINE('',#2448,#374);
#314=LINE('',#2452,#375);
#315=LINE('',#2454,#376);
#316=LINE('',#2456,#377);
#317=VECTOR('',#1260,2.);
#318=VECTOR('',#1277,2.);
#319=VECTOR('',#1290,2.);
#320=VECTOR('',#1299,2.);
#321=VECTOR('',#1328,2.);
#322=VECTOR('',#1333,2.);
#323=VECTOR('',#1338,2.);
#324=VECTOR('',#1351,2.);
#325=VECTOR('',#1356,10.);
#326=VECTOR('',#1359,10.);
#327=VECTOR('',#1362,10.);
#328=VECTOR('',#1363,10.);
#329=VECTOR('',#1364,10.);
#330=VECTOR('',#1367,10.);
#331=VECTOR('',#1370,10.);
#332=VECTOR('',#1373,10.);
#333=VECTOR('',#1378,10.);
#334=VECTOR('',#1381,10.);
#335=VECTOR('',#1384,10.);
#336=VECTOR('',#1387,10.);
#337=VECTOR('',#1390,10.);
#338=VECTOR('',#1393,10.);
#339=VECTOR('',#1408,10.);
#340=VECTOR('',#1409,10.);
#341=VECTOR('',#1412,10.);
#342=VECTOR('',#1413,10.);
#343=VECTOR('',#1418,10.);
#344=VECTOR('',#1423,10.);
#345=VECTOR('',#1428,17.);
#346=VECTOR('',#1435,22.);
#347=VECTOR('',#1446,23.);
#348=VECTOR('',#1449,10.);
#349=VECTOR('',#1452,10.);
#350=VECTOR('',#1457,10.);
#351=VECTOR('',#1460,10.);
#352=VECTOR('',#1465,2.);
#353=VECTOR('',#1472,2.);
#354=VECTOR('',#1479,2.);
#355=VECTOR('',#1486,2.);
#356=VECTOR('',#1493,23.);
#357=VECTOR('',#1502,10.);
#358=VECTOR('',#1503,10.);
#359=VECTOR('',#1504,10.);
#360=VECTOR('',#1509,10.);
#361=VECTOR('',#1512,10.);
#362=VECTOR('',#1513,10.);
#363=VECTOR('',#1520,10.);
#364=VECTOR('',#1521,10.);
#365=VECTOR('',#1522,10.);
#366=VECTOR('',#1527,10.);
#367=VECTOR('',#1530,10.);
#368=VECTOR('',#1531,10.);
#369=VECTOR('',#1538,10.);
#370=VECTOR('',#1539,10.);
#371=VECTOR('',#1540,10.);
#372=VECTOR('',#1545,10.);
#373=VECTOR('',#1548,10.);
#374=VECTOR('',#1549,10.);
#375=VECTOR('',#1556,16.);
#376=VECTOR('',#1559,10.);
#377=VECTOR('',#1562,10.);
#378=CIRCLE('',#1131,2.);
#379=CIRCLE('',#1132,2.);
#380=CIRCLE('',#1133,2.);
#381=CIRCLE('',#1134,2.);
#382=CIRCLE('',#1137,2.);
#383=CIRCLE('',#1139,2.);
#384=CIRCLE('',#1140,2.);
#385=CIRCLE('',#1141,2.);
#386=CIRCLE('',#1143,2.);
#387=CIRCLE('',#1145,2.);
#388=CIRCLE('',#1146,2.);
#389=CIRCLE('',#1147,2.);
#390=CIRCLE('',#1149,2.);
#391=CIRCLE('',#1150,2.);
#392=CIRCLE('',#1151,2.);
#393=CIRCLE('',#1152,2.);
#394=CIRCLE('',#1155,23.);
#395=CIRCLE('',#1156,2.);
#396=CIRCLE('',#1157,2.);
#397=CIRCLE('',#1158,2.);
#398=CIRCLE('',#1159,2.);
#399=CIRCLE('',#1160,2.);
#400=CIRCLE('',#1161,2.);
#401=CIRCLE('',#1163,2.);
#402=CIRCLE('',#1165,2.);
#403=CIRCLE('',#1167,2.);
#404=CIRCLE('',#1168,2.);
#405=CIRCLE('',#1171,2.);
#406=CIRCLE('',#1173,2.);
#407=CIRCLE('',#1175,5.);
#408=CIRCLE('',#1176,5.);
#409=CIRCLE('',#1179,5.);
#410=CIRCLE('',#1180,5.);
#411=CIRCLE('',#1181,5.);
#412=CIRCLE('',#1182,1.5);
#413=CIRCLE('',#1183,1.5);
#414=CIRCLE('',#1184,1.5);
#415=CIRCLE('',#1185,1.5);
#416=CIRCLE('',#1186,1.5);
#417=CIRCLE('',#1187,1.5);
#418=CIRCLE('',#1188,2.);
#419=CIRCLE('',#1189,2.);
#420=CIRCLE('',#1190,2.);
#421=CIRCLE('',#1191,2.);
#422=CIRCLE('',#1192,23.);
#423=CIRCLE('',#1194,5.);
#424=CIRCLE('',#1197,5.);
#425=CIRCLE('',#1199,5.);
#426=CIRCLE('',#1201,17.);
#427=CIRCLE('',#1202,17.);
#428=CIRCLE('',#1204,22.);
#429=CIRCLE('',#1205,22.);
#430=CIRCLE('',#1208,23.);
#431=CIRCLE('',#1210,16.);
#432=CIRCLE('',#1211,16.);
#433=CIRCLE('',#1212,16.);
#434=CIRCLE('',#1213,16.);
#435=CIRCLE('',#1214,16.);
#436=CIRCLE('',#1217,2.);
#437=CIRCLE('',#1220,2.);
#438=CIRCLE('',#1223,2.);
#439=CIRCLE('',#1226,2.);
#440=CIRCLE('',#1229,23.);
#441=CIRCLE('',#1231,16.);
#442=CIRCLE('',#1234,1.5);
#443=CIRCLE('',#1237,1.5);
#444=CIRCLE('',#1240,1.5);
#445=CIRCLE('',#1243,1.5);
#446=CIRCLE('',#1246,1.5);
#447=CIRCLE('',#1249,1.5);
#448=VERTEX_POINT('',#1567);
#449=VERTEX_POINT('',#1569);
#450=VERTEX_POINT('',#1571);
#451=VERTEX_POINT('',#1573);
#452=VERTEX_POINT('',#1588);
#453=VERTEX_POINT('',#1589);
#454=VERTEX_POINT('',#1596);
#455=VERTEX_POINT('',#1598);
#456=VERTEX_POINT('',#1603);
#457=VERTEX_POINT('',#1604);
#458=VERTEX_POINT('',#1611);
#459=VERTEX_POINT('',#1613);
#460=VERTEX_POINT('',#1618);
#461=VERTEX_POINT('',#1620);
#462=VERTEX_POINT('',#1622);
#463=VERTEX_POINT('',#1624);
#464=VERTEX_POINT('',#1633);
#465=VERTEX_POINT('',#1635);
#466=VERTEX_POINT('',#1637);
#467=VERTEX_POINT('',#1639);
#468=VERTEX_POINT('',#1644);
#469=VERTEX_POINT('',#1651);
#470=VERTEX_POINT('',#1653);
#471=VERTEX_POINT('',#1655);
#472=VERTEX_POINT('',#1678);
#473=VERTEX_POINT('',#1683);
#474=VERTEX_POINT('',#1690);
#475=VERTEX_POINT('',#1692);
#476=VERTEX_POINT('',#1694);
#477=VERTEX_POINT('',#1718);
#478=VERTEX_POINT('',#1722);
#479=VERTEX_POINT('',#1726);
#480=VERTEX_POINT('',#1748);
#481=VERTEX_POINT('',#1752);
#482=VERTEX_POINT('',#1753);
#483=VERTEX_POINT('',#1755);
#484=VERTEX_POINT('',#1757);
#485=VERTEX_POINT('',#1761);
#486=VERTEX_POINT('',#1763);
#487=VERTEX_POINT('',#1767);
#488=VERTEX_POINT('',#1769);
#489=VERTEX_POINT('',#1771);
#490=VERTEX_POINT('',#1773);
#491=VERTEX_POINT('',#1775);
#492=VERTEX_POINT('',#1778);
#493=VERTEX_POINT('',#1779);
#494=VERTEX_POINT('',#1781);
#495=VERTEX_POINT('',#1783);
#496=VERTEX_POINT('',#1786);
#497=VERTEX_POINT('',#1787);
#498=VERTEX_POINT('',#1789);
#499=VERTEX_POINT('',#1791);
#500=VERTEX_POINT('',#1794);
#501=VERTEX_POINT('',#1795);
#502=VERTEX_POINT('',#1797);
#503=VERTEX_POINT('',#1799);
#504=VERTEX_POINT('',#1802);
#505=VERTEX_POINT('',#1804);
#506=VERTEX_POINT('',#1806);
#507=VERTEX_POINT('',#1808);
#508=VERTEX_POINT('',#1810);
#509=VERTEX_POINT('',#1813);
#510=VERTEX_POINT('',#1814);
#511=VERTEX_POINT('',#1819);
#512=VERTEX_POINT('',#1823);
#513=VERTEX_POINT('',#1827);
#514=VERTEX_POINT('',#1831);
#515=VERTEX_POINT('',#1833);
#516=VERTEX_POINT('',#1837);
#517=VERTEX_POINT('',#1839);
#518=VERTEX_POINT('',#1844);
#519=VERTEX_POINT('',#1897);
#520=VERTEX_POINT('',#1906);
#521=VERTEX_POINT('',#2012);
#522=VERTEX_POINT('',#2060);
#523=VERTEX_POINT('',#2061);
#524=VERTEX_POINT('',#2063);
#525=VERTEX_POINT('',#2068);
#526=VERTEX_POINT('',#2114);
#527=VERTEX_POINT('',#2116);
#528=VERTEX_POINT('',#2118);
#529=VERTEX_POINT('',#2148);
#530=VERTEX_POINT('',#2150);
#531=VERTEX_POINT('',#2199);
#532=VERTEX_POINT('',#2377);
#533=VERTEX_POINT('',#2382);
#534=VERTEX_POINT('',#2387);
#535=VERTEX_POINT('',#2392);
#536=VERTEX_POINT('',#2397);
#537=VERTEX_POINT('',#2401);
#538=VERTEX_POINT('',#2404);
#539=VERTEX_POINT('',#2406);
#540=VERTEX_POINT('',#2410);
#541=VERTEX_POINT('',#2414);
#542=VERTEX_POINT('',#2420);
#543=VERTEX_POINT('',#2422);
#544=VERTEX_POINT('',#2426);
#545=VERTEX_POINT('',#2430);
#546=VERTEX_POINT('',#2436);
#547=VERTEX_POINT('',#2438);
#548=VERTEX_POINT('',#2442);
#549=VERTEX_POINT('',#2446);
#550=EDGE_CURVE('',#448,#448,#378,.T.);
#551=EDGE_CURVE('',#448,#449,#256,.T.);
#552=EDGE_CURVE('',#450,#449,#379,.T.);
#553=EDGE_CURVE('',#450,#451,#380,.T.);
#554=EDGE_CURVE('',#449,#451,#381,.T.);
#555=EDGE_CURVE('',#451,#450,#50,.T.);
#556=EDGE_CURVE('',#452,#453,#51,.T.);
#557=EDGE_CURVE('',#453,#452,#382,.T.);
#558=EDGE_CURVE('',#454,#454,#383,.T.);
#559=EDGE_CURVE('',#454,#455,#257,.T.);
#560=EDGE_CURVE('',#453,#455,#384,.T.);
#561=EDGE_CURVE('',#455,#452,#385,.T.);
#562=EDGE_CURVE('',#456,#457,#52,.T.);
#563=EDGE_CURVE('',#457,#456,#386,.T.);
#564=EDGE_CURVE('',#458,#458,#387,.T.);
#565=EDGE_CURVE('',#458,#459,#258,.T.);
#566=EDGE_CURVE('',#457,#459,#388,.T.);
#567=EDGE_CURVE('',#459,#456,#389,.T.);
#568=EDGE_CURVE('',#460,#460,#390,.T.);
#569=EDGE_CURVE('',#460,#461,#259,.T.);
#570=EDGE_CURVE('',#462,#461,#391,.T.);
#571=EDGE_CURVE('',#462,#463,#392,.T.);
#572=EDGE_CURVE('',#461,#463,#393,.T.);
#573=EDGE_CURVE('',#463,#462,#53,.T.);
#574=EDGE_CURVE('',#464,#464,#394,.T.);
#575=EDGE_CURVE('',#465,#465,#395,.T.);
#576=EDGE_CURVE('',#466,#466,#396,.T.);
#577=EDGE_CURVE('',#467,#451,#54,.T.);
#578=EDGE_CURVE('',#468,#467,#55,.T.);
#579=EDGE_CURVE('',#468,#469,#397,.T.);
#580=EDGE_CURVE('',#469,#470,#398,.T.);
#581=EDGE_CURVE('',#471,#470,#56,.T.);
#582=EDGE_CURVE('',#462,#471,#57,.T.);
#583=EDGE_CURVE('',#453,#463,#58,.T.);
#584=EDGE_CURVE('',#472,#452,#59,.T.);
#585=EDGE_CURVE('',#473,#472,#60,.T.);
#586=EDGE_CURVE('',#473,#474,#399,.T.);
#587=EDGE_CURVE('',#474,#475,#400,.T.);
#588=EDGE_CURVE('',#476,#475,#61,.T.);
#589=EDGE_CURVE('',#457,#476,#62,.T.);
#590=EDGE_CURVE('',#450,#456,#63,.T.);
#591=EDGE_CURVE('',#477,#477,#401,.T.);
#592=EDGE_CURVE('',#477,#466,#260,.T.);
#593=EDGE_CURVE('',#478,#478,#402,.T.);
#594=EDGE_CURVE('',#478,#465,#261,.T.);
#595=EDGE_CURVE('',#479,#479,#403,.T.);
#596=EDGE_CURVE('',#479,#469,#262,.T.);
#597=EDGE_CURVE('',#468,#470,#404,.T.);
#598=EDGE_CURVE('',#470,#468,#64,.T.);
#599=EDGE_CURVE('',#475,#473,#65,.T.);
#600=EDGE_CURVE('',#473,#475,#405,.T.);
#601=EDGE_CURVE('',#480,#480,#406,.T.);
#602=EDGE_CURVE('',#480,#474,#263,.T.);
#603=EDGE_CURVE('',#481,#482,#407,.T.);
#604=EDGE_CURVE('',#482,#483,#264,.T.);
#605=EDGE_CURVE('',#483,#484,#408,.T.);
#606=EDGE_CURVE('',#484,#481,#265,.T.);
#607=EDGE_CURVE('',#485,#484,#266,.T.);
#608=EDGE_CURVE('',#486,#485,#267,.T.);
#609=EDGE_CURVE('',#481,#486,#268,.T.);
#610=EDGE_CURVE('',#483,#487,#269,.T.);
#611=EDGE_CURVE('',#488,#487,#409,.T.);
#612=EDGE_CURVE('',#488,#489,#270,.T.);
#613=EDGE_CURVE('',#490,#489,#410,.T.);
#614=EDGE_CURVE('',#490,#491,#271,.T.);
#615=EDGE_CURVE('',#485,#491,#411,.T.);
#616=EDGE_CURVE('',#492,#493,#412,.T.);
#617=EDGE_CURVE('',#494,#492,#272,.T.);
#618=EDGE_CURVE('',#495,#494,#413,.T.);
#619=EDGE_CURVE('',#493,#495,#273,.T.);
#620=EDGE_CURVE('',#496,#497,#414,.T.);
#621=EDGE_CURVE('',#498,#496,#274,.T.);
#622=EDGE_CURVE('',#499,#498,#415,.T.);
#623=EDGE_CURVE('',#497,#499,#275,.T.);
#624=EDGE_CURVE('',#500,#501,#416,.T.);
#625=EDGE_CURVE('',#502,#500,#276,.T.);
#626=EDGE_CURVE('',#503,#502,#417,.T.);
#627=EDGE_CURVE('',#501,#503,#277,.T.);
#628=EDGE_CURVE('',#504,#504,#418,.T.);
#629=EDGE_CURVE('',#505,#505,#419,.T.);
#630=EDGE_CURVE('',#506,#506,#420,.T.);
#631=EDGE_CURVE('',#507,#507,#421,.T.);
#632=EDGE_CURVE('',#508,#508,#422,.T.);
#633=EDGE_CURVE('',#509,#510,#423,.T.);
#634=EDGE_CURVE('',#510,#488,#278,.T.);
#635=EDGE_CURVE('',#487,#509,#279,.T.);
#636=EDGE_CURVE('',#511,#510,#280,.T.);
#637=EDGE_CURVE('',#489,#511,#281,.T.);
#638=EDGE_CURVE('',#511,#512,#424,.T.);
#639=EDGE_CURVE('',#512,#490,#282,.T.);
#640=EDGE_CURVE('',#513,#486,#425,.T.);
#641=EDGE_CURVE('',#491,#513,#283,.T.);
#642=EDGE_CURVE('',#514,#514,#426,.T.);
#643=EDGE_CURVE('',#514,#515,#284,.T.);
#644=EDGE_CURVE('',#515,#515,#427,.T.);
#645=EDGE_CURVE('',#516,#516,#428,.T.);
#646=EDGE_CURVE('',#516,#517,#285,.T.);
#647=EDGE_CURVE('',#517,#517,#429,.T.);
#648=EDGE_CURVE('',#518,#518,#430,.T.);
#649=EDGE_CURVE('',#464,#508,#286,.T.);
#650=EDGE_CURVE('',#472,#519,#66,.T.);
#651=EDGE_CURVE('',#520,#519,#67,.F.);
#652=EDGE_CURVE('',#476,#520,#68,.T.);
#653=EDGE_CURVE('',#471,#521,#69,.F.);
#654=EDGE_CURVE('',#519,#521,#70,.F.);
#655=EDGE_CURVE('',#522,#523,#431,.T.);
#656=EDGE_CURVE('',#522,#524,#71,.T.);
#657=EDGE_CURVE('',#525,#524,#287,.T.);
#658=EDGE_CURVE('',#523,#525,#72,.T.);
#659=EDGE_CURVE('',#523,#526,#432,.T.);
#660=EDGE_CURVE('',#527,#525,#288,.T.);
#661=EDGE_CURVE('',#528,#527,#73,.T.);
#662=EDGE_CURVE('',#526,#528,#433,.T.);
#663=EDGE_CURVE('',#528,#529,#434,.T.);
#664=EDGE_CURVE('',#530,#527,#289,.T.);
#665=EDGE_CURVE('',#529,#530,#74,.T.);
#666=EDGE_CURVE('',#529,#522,#435,.T.);
#667=EDGE_CURVE('',#524,#530,#290,.T.);
#668=EDGE_CURVE('',#521,#531,#75,.F.);
#669=EDGE_CURVE('',#531,#520,#76,.F.);
#670=EDGE_CURVE('',#467,#531,#77,.T.);
#671=EDGE_CURVE('',#507,#532,#291,.T.);
#672=EDGE_CURVE('',#532,#532,#436,.T.);
#673=EDGE_CURVE('',#506,#533,#292,.T.);
#674=EDGE_CURVE('',#533,#533,#437,.T.);
#675=EDGE_CURVE('',#505,#534,#293,.T.);
#676=EDGE_CURVE('',#534,#534,#438,.T.);
#677=EDGE_CURVE('',#504,#535,#294,.T.);
#678=EDGE_CURVE('',#535,#535,#439,.T.);
#679=EDGE_CURVE('',#518,#536,#295,.T.);
#680=EDGE_CURVE('',#536,#536,#440,.T.);
#681=EDGE_CURVE('',#537,#537,#441,.T.);
#682=EDGE_CURVE('',#492,#538,#296,.T.);
#683=EDGE_CURVE('',#539,#538,#297,.T.);
#684=EDGE_CURVE('',#494,#539,#298,.T.);
#685=EDGE_CURVE('',#540,#539,#442,.T.);
#686=EDGE_CURVE('',#495,#540,#299,.T.);
#687=EDGE_CURVE('',#541,#540,#300,.T.);
#688=EDGE_CURVE('',#493,#541,#301,.T.);
#689=EDGE_CURVE('',#538,#541,#443,.T.);
#690=EDGE_CURVE('',#496,#542,#302,.T.);
#691=EDGE_CURVE('',#543,#542,#303,.T.);
#692=EDGE_CURVE('',#498,#543,#304,.T.);
#693=EDGE_CURVE('',#544,#543,#444,.T.);
#694=EDGE_CURVE('',#499,#544,#305,.T.);
#695=EDGE_CURVE('',#545,#544,#306,.T.);
#696=EDGE_CURVE('',#497,#545,#307,.T.);
#697=EDGE_CURVE('',#542,#545,#445,.T.);
#698=EDGE_CURVE('',#500,#546,#308,.T.);
#699=EDGE_CURVE('',#547,#546,#309,.T.);
#700=EDGE_CURVE('',#502,#547,#310,.T.);
#701=EDGE_CURVE('',#548,#547,#446,.T.);
#702=EDGE_CURVE('',#503,#548,#311,.T.);
#703=EDGE_CURVE('',#549,#548,#312,.T.);
#704=EDGE_CURVE('',#501,#549,#313,.T.);
#705=EDGE_CURVE('',#546,#549,#447,.T.);
#706=EDGE_CURVE('',#537,#526,#314,.T.);
#707=EDGE_CURVE('',#513,#512,#315,.T.);
#708=EDGE_CURVE('',#509,#482,#316,.T.);
#709=ORIENTED_EDGE('',*,*,#550,.F.);
#710=ORIENTED_EDGE('',*,*,#551,.T.);
#711=ORIENTED_EDGE('',*,*,#552,.F.);
#712=ORIENTED_EDGE('',*,*,#553,.T.);
#713=ORIENTED_EDGE('',*,*,#554,.F.);
#714=ORIENTED_EDGE('',*,*,#551,.F.);
#715=ORIENTED_EDGE('',*,*,#555,.F.);
#716=ORIENTED_EDGE('',*,*,#553,.F.);
#717=ORIENTED_EDGE('',*,*,#556,.F.);
#718=ORIENTED_EDGE('',*,*,#557,.F.);
#719=ORIENTED_EDGE('',*,*,#558,.F.);
#720=ORIENTED_EDGE('',*,*,#559,.T.);
#721=ORIENTED_EDGE('',*,*,#560,.F.);
#722=ORIENTED_EDGE('',*,*,#557,.T.);
#723=ORIENTED_EDGE('',*,*,#561,.F.);
#724=ORIENTED_EDGE('',*,*,#559,.F.);
#725=ORIENTED_EDGE('',*,*,#562,.F.);
#726=ORIENTED_EDGE('',*,*,#563,.F.);
#727=ORIENTED_EDGE('',*,*,#564,.F.);
#728=ORIENTED_EDGE('',*,*,#565,.T.);
#729=ORIENTED_EDGE('',*,*,#566,.F.);
#730=ORIENTED_EDGE('',*,*,#563,.T.);
#731=ORIENTED_EDGE('',*,*,#567,.F.);
#732=ORIENTED_EDGE('',*,*,#565,.F.);
#733=ORIENTED_EDGE('',*,*,#568,.F.);
#734=ORIENTED_EDGE('',*,*,#569,.T.);
#735=ORIENTED_EDGE('',*,*,#570,.F.);
#736=ORIENTED_EDGE('',*,*,#571,.T.);
#737=ORIENTED_EDGE('',*,*,#572,.F.);
#738=ORIENTED_EDGE('',*,*,#569,.F.);
#739=ORIENTED_EDGE('',*,*,#573,.F.);
#740=ORIENTED_EDGE('',*,*,#571,.F.);
#741=ORIENTED_EDGE('',*,*,#574,.T.);
#742=ORIENTED_EDGE('',*,*,#575,.T.);
#743=ORIENTED_EDGE('',*,*,#576,.T.);
#744=ORIENTED_EDGE('',*,*,#552,.T.);
#745=ORIENTED_EDGE('',*,*,#554,.T.);
#746=ORIENTED_EDGE('',*,*,#577,.F.);
#747=ORIENTED_EDGE('',*,*,#578,.F.);
#748=ORIENTED_EDGE('',*,*,#579,.T.);
#749=ORIENTED_EDGE('',*,*,#580,.T.);
#750=ORIENTED_EDGE('',*,*,#581,.F.);
#751=ORIENTED_EDGE('',*,*,#582,.F.);
#752=ORIENTED_EDGE('',*,*,#570,.T.);
#753=ORIENTED_EDGE('',*,*,#572,.T.);
#754=ORIENTED_EDGE('',*,*,#583,.F.);
#755=ORIENTED_EDGE('',*,*,#560,.T.);
#756=ORIENTED_EDGE('',*,*,#561,.T.);
#757=ORIENTED_EDGE('',*,*,#584,.F.);
#758=ORIENTED_EDGE('',*,*,#585,.F.);
#759=ORIENTED_EDGE('',*,*,#586,.T.);
#760=ORIENTED_EDGE('',*,*,#587,.T.);
#761=ORIENTED_EDGE('',*,*,#588,.F.);
#762=ORIENTED_EDGE('',*,*,#589,.F.);
#763=ORIENTED_EDGE('',*,*,#566,.T.);
#764=ORIENTED_EDGE('',*,*,#567,.T.);
#765=ORIENTED_EDGE('',*,*,#590,.F.);
#766=ORIENTED_EDGE('',*,*,#591,.F.);
#767=ORIENTED_EDGE('',*,*,#592,.T.);
#768=ORIENTED_EDGE('',*,*,#576,.F.);
#769=ORIENTED_EDGE('',*,*,#592,.F.);
#770=ORIENTED_EDGE('',*,*,#593,.F.);
#771=ORIENTED_EDGE('',*,*,#594,.T.);
#772=ORIENTED_EDGE('',*,*,#575,.F.);
#773=ORIENTED_EDGE('',*,*,#594,.F.);
#774=ORIENTED_EDGE('',*,*,#595,.F.);
#775=ORIENTED_EDGE('',*,*,#596,.T.);
#776=ORIENTED_EDGE('',*,*,#579,.F.);
#777=ORIENTED_EDGE('',*,*,#597,.T.);
#778=ORIENTED_EDGE('',*,*,#580,.F.);
#779=ORIENTED_EDGE('',*,*,#596,.F.);
#780=ORIENTED_EDGE('',*,*,#598,.F.);
#781=ORIENTED_EDGE('',*,*,#597,.F.);
#782=ORIENTED_EDGE('',*,*,#599,.F.);
#783=ORIENTED_EDGE('',*,*,#600,.F.);
#784=ORIENTED_EDGE('',*,*,#601,.F.);
#785=ORIENTED_EDGE('',*,*,#602,.T.);
#786=ORIENTED_EDGE('',*,*,#586,.F.);
#787=ORIENTED_EDGE('',*,*,#600,.T.);
#788=ORIENTED_EDGE('',*,*,#587,.F.);
#789=ORIENTED_EDGE('',*,*,#602,.F.);
#790=ORIENTED_EDGE('',*,*,#603,.T.);
#791=ORIENTED_EDGE('',*,*,#604,.T.);
#792=ORIENTED_EDGE('',*,*,#605,.T.);
#793=ORIENTED_EDGE('',*,*,#606,.T.);
#794=ORIENTED_EDGE('',*,*,#606,.F.);
#795=ORIENTED_EDGE('',*,*,#607,.F.);
#796=ORIENTED_EDGE('',*,*,#608,.F.);
#797=ORIENTED_EDGE('',*,*,#609,.F.);
#798=ORIENTED_EDGE('',*,*,#605,.F.);
#799=ORIENTED_EDGE('',*,*,#610,.T.);
#800=ORIENTED_EDGE('',*,*,#611,.F.);
#801=ORIENTED_EDGE('',*,*,#612,.T.);
#802=ORIENTED_EDGE('',*,*,#613,.F.);
#803=ORIENTED_EDGE('',*,*,#614,.T.);
#804=ORIENTED_EDGE('',*,*,#615,.F.);
#805=ORIENTED_EDGE('',*,*,#607,.T.);
#806=ORIENTED_EDGE('',*,*,#616,.F.);
#807=ORIENTED_EDGE('',*,*,#617,.F.);
#808=ORIENTED_EDGE('',*,*,#618,.F.);
#809=ORIENTED_EDGE('',*,*,#619,.F.);
#810=ORIENTED_EDGE('',*,*,#620,.F.);
#811=ORIENTED_EDGE('',*,*,#621,.F.);
#812=ORIENTED_EDGE('',*,*,#622,.F.);
#813=ORIENTED_EDGE('',*,*,#623,.F.);
#814=ORIENTED_EDGE('',*,*,#624,.F.);
#815=ORIENTED_EDGE('',*,*,#625,.F.);
#816=ORIENTED_EDGE('',*,*,#626,.F.);
#817=ORIENTED_EDGE('',*,*,#627,.F.);
#818=ORIENTED_EDGE('',*,*,#628,.T.);
#819=ORIENTED_EDGE('',*,*,#629,.T.);
#820=ORIENTED_EDGE('',*,*,#630,.T.);
#821=ORIENTED_EDGE('',*,*,#631,.T.);
#822=ORIENTED_EDGE('',*,*,#632,.T.);
#823=ORIENTED_EDGE('',*,*,#633,.T.);
#824=ORIENTED_EDGE('',*,*,#634,.T.);
#825=ORIENTED_EDGE('',*,*,#611,.T.);
#826=ORIENTED_EDGE('',*,*,#635,.T.);
#827=ORIENTED_EDGE('',*,*,#634,.F.);
#828=ORIENTED_EDGE('',*,*,#636,.F.);
#829=ORIENTED_EDGE('',*,*,#637,.F.);
#830=ORIENTED_EDGE('',*,*,#612,.F.);
#831=ORIENTED_EDGE('',*,*,#638,.T.);
#832=ORIENTED_EDGE('',*,*,#639,.T.);
#833=ORIENTED_EDGE('',*,*,#613,.T.);
#834=ORIENTED_EDGE('',*,*,#637,.T.);
#835=ORIENTED_EDGE('',*,*,#640,.T.);
#836=ORIENTED_EDGE('',*,*,#608,.T.);
#837=ORIENTED_EDGE('',*,*,#615,.T.);
#838=ORIENTED_EDGE('',*,*,#641,.T.);
#839=ORIENTED_EDGE('',*,*,#642,.F.);
#840=ORIENTED_EDGE('',*,*,#643,.T.);
#841=ORIENTED_EDGE('',*,*,#644,.T.);
#842=ORIENTED_EDGE('',*,*,#643,.F.);
#843=ORIENTED_EDGE('',*,*,#645,.F.);
#844=ORIENTED_EDGE('',*,*,#646,.T.);
#845=ORIENTED_EDGE('',*,*,#647,.T.);
#846=ORIENTED_EDGE('',*,*,#646,.F.);
#847=ORIENTED_EDGE('',*,*,#647,.F.);
#848=ORIENTED_EDGE('',*,*,#644,.F.);
#849=ORIENTED_EDGE('',*,*,#601,.T.);
#850=ORIENTED_EDGE('',*,*,#595,.T.);
#851=ORIENTED_EDGE('',*,*,#593,.T.);
#852=ORIENTED_EDGE('',*,*,#591,.T.);
#853=ORIENTED_EDGE('',*,*,#568,.T.);
#854=ORIENTED_EDGE('',*,*,#564,.T.);
#855=ORIENTED_EDGE('',*,*,#558,.T.);
#856=ORIENTED_EDGE('',*,*,#550,.T.);
#857=ORIENTED_EDGE('',*,*,#648,.T.);
#858=ORIENTED_EDGE('',*,*,#645,.T.);
#859=ORIENTED_EDGE('',*,*,#574,.F.);
#860=ORIENTED_EDGE('',*,*,#649,.T.);
#861=ORIENTED_EDGE('',*,*,#632,.F.);
#862=ORIENTED_EDGE('',*,*,#649,.F.);
#863=ORIENTED_EDGE('',*,*,#588,.T.);
#864=ORIENTED_EDGE('',*,*,#599,.T.);
#865=ORIENTED_EDGE('',*,*,#585,.T.);
#866=ORIENTED_EDGE('',*,*,#650,.T.);
#867=ORIENTED_EDGE('',*,*,#651,.F.);
#868=ORIENTED_EDGE('',*,*,#652,.F.);
#869=ORIENTED_EDGE('',*,*,#584,.T.);
#870=ORIENTED_EDGE('',*,*,#556,.T.);
#871=ORIENTED_EDGE('',*,*,#583,.T.);
#872=ORIENTED_EDGE('',*,*,#573,.T.);
#873=ORIENTED_EDGE('',*,*,#582,.T.);
#874=ORIENTED_EDGE('',*,*,#653,.T.);
#875=ORIENTED_EDGE('',*,*,#654,.F.);
#876=ORIENTED_EDGE('',*,*,#650,.F.);
#877=ORIENTED_EDGE('',*,*,#655,.F.);
#878=ORIENTED_EDGE('',*,*,#656,.T.);
#879=ORIENTED_EDGE('',*,*,#657,.F.);
#880=ORIENTED_EDGE('',*,*,#658,.F.);
#881=ORIENTED_EDGE('',*,*,#659,.F.);
#882=ORIENTED_EDGE('',*,*,#658,.T.);
#883=ORIENTED_EDGE('',*,*,#660,.F.);
#884=ORIENTED_EDGE('',*,*,#661,.F.);
#885=ORIENTED_EDGE('',*,*,#662,.F.);
#886=ORIENTED_EDGE('',*,*,#663,.F.);
#887=ORIENTED_EDGE('',*,*,#661,.T.);
#888=ORIENTED_EDGE('',*,*,#664,.F.);
#889=ORIENTED_EDGE('',*,*,#665,.F.);
#890=ORIENTED_EDGE('',*,*,#666,.F.);
#891=ORIENTED_EDGE('',*,*,#665,.T.);
#892=ORIENTED_EDGE('',*,*,#667,.F.);
#893=ORIENTED_EDGE('',*,*,#656,.F.);
#894=ORIENTED_EDGE('',*,*,#668,.T.);
#895=ORIENTED_EDGE('',*,*,#669,.T.);
#896=ORIENTED_EDGE('',*,*,#651,.T.);
#897=ORIENTED_EDGE('',*,*,#654,.T.);
#898=ORIENTED_EDGE('',*,*,#657,.T.);
#899=ORIENTED_EDGE('',*,*,#667,.T.);
#900=ORIENTED_EDGE('',*,*,#664,.T.);
#901=ORIENTED_EDGE('',*,*,#660,.T.);
#902=ORIENTED_EDGE('',*,*,#581,.T.);
#903=ORIENTED_EDGE('',*,*,#598,.T.);
#904=ORIENTED_EDGE('',*,*,#578,.T.);
#905=ORIENTED_EDGE('',*,*,#670,.T.);
#906=ORIENTED_EDGE('',*,*,#668,.F.);
#907=ORIENTED_EDGE('',*,*,#653,.F.);
#908=ORIENTED_EDGE('',*,*,#577,.T.);
#909=ORIENTED_EDGE('',*,*,#555,.T.);
#910=ORIENTED_EDGE('',*,*,#590,.T.);
#911=ORIENTED_EDGE('',*,*,#562,.T.);
#912=ORIENTED_EDGE('',*,*,#589,.T.);
#913=ORIENTED_EDGE('',*,*,#652,.T.);
#914=ORIENTED_EDGE('',*,*,#669,.F.);
#915=ORIENTED_EDGE('',*,*,#670,.F.);
#916=ORIENTED_EDGE('',*,*,#631,.F.);
#917=ORIENTED_EDGE('',*,*,#671,.T.);
#918=ORIENTED_EDGE('',*,*,#672,.T.);
#919=ORIENTED_EDGE('',*,*,#671,.F.);
#920=ORIENTED_EDGE('',*,*,#672,.F.);
#921=ORIENTED_EDGE('',*,*,#630,.F.);
#922=ORIENTED_EDGE('',*,*,#673,.T.);
#923=ORIENTED_EDGE('',*,*,#674,.T.);
#924=ORIENTED_EDGE('',*,*,#673,.F.);
#925=ORIENTED_EDGE('',*,*,#674,.F.);
#926=ORIENTED_EDGE('',*,*,#629,.F.);
#927=ORIENTED_EDGE('',*,*,#675,.T.);
#928=ORIENTED_EDGE('',*,*,#676,.T.);
#929=ORIENTED_EDGE('',*,*,#675,.F.);
#930=ORIENTED_EDGE('',*,*,#676,.F.);
#931=ORIENTED_EDGE('',*,*,#628,.F.);
#932=ORIENTED_EDGE('',*,*,#677,.T.);
#933=ORIENTED_EDGE('',*,*,#678,.T.);
#934=ORIENTED_EDGE('',*,*,#677,.F.);
#935=ORIENTED_EDGE('',*,*,#678,.F.);
#936=ORIENTED_EDGE('',*,*,#648,.F.);
#937=ORIENTED_EDGE('',*,*,#679,.T.);
#938=ORIENTED_EDGE('',*,*,#680,.F.);
#939=ORIENTED_EDGE('',*,*,#679,.F.);
#940=ORIENTED_EDGE('',*,*,#642,.T.);
#941=ORIENTED_EDGE('',*,*,#681,.F.);
#942=ORIENTED_EDGE('',*,*,#617,.T.);
#943=ORIENTED_EDGE('',*,*,#682,.T.);
#944=ORIENTED_EDGE('',*,*,#683,.F.);
#945=ORIENTED_EDGE('',*,*,#684,.F.);
#946=ORIENTED_EDGE('',*,*,#618,.T.);
#947=ORIENTED_EDGE('',*,*,#684,.T.);
#948=ORIENTED_EDGE('',*,*,#685,.F.);
#949=ORIENTED_EDGE('',*,*,#686,.F.);
#950=ORIENTED_EDGE('',*,*,#619,.T.);
#951=ORIENTED_EDGE('',*,*,#686,.T.);
#952=ORIENTED_EDGE('',*,*,#687,.F.);
#953=ORIENTED_EDGE('',*,*,#688,.F.);
#954=ORIENTED_EDGE('',*,*,#616,.T.);
#955=ORIENTED_EDGE('',*,*,#688,.T.);
#956=ORIENTED_EDGE('',*,*,#689,.F.);
#957=ORIENTED_EDGE('',*,*,#682,.F.);
#958=ORIENTED_EDGE('',*,*,#621,.T.);
#959=ORIENTED_EDGE('',*,*,#690,.T.);
#960=ORIENTED_EDGE('',*,*,#691,.F.);
#961=ORIENTED_EDGE('',*,*,#692,.F.);
#962=ORIENTED_EDGE('',*,*,#622,.T.);
#963=ORIENTED_EDGE('',*,*,#692,.T.);
#964=ORIENTED_EDGE('',*,*,#693,.F.);
#965=ORIENTED_EDGE('',*,*,#694,.F.);
#966=ORIENTED_EDGE('',*,*,#623,.T.);
#967=ORIENTED_EDGE('',*,*,#694,.T.);
#968=ORIENTED_EDGE('',*,*,#695,.F.);
#969=ORIENTED_EDGE('',*,*,#696,.F.);
#970=ORIENTED_EDGE('',*,*,#620,.T.);
#971=ORIENTED_EDGE('',*,*,#696,.T.);
#972=ORIENTED_EDGE('',*,*,#697,.F.);
#973=ORIENTED_EDGE('',*,*,#690,.F.);
#974=ORIENTED_EDGE('',*,*,#625,.T.);
#975=ORIENTED_EDGE('',*,*,#698,.T.);
#976=ORIENTED_EDGE('',*,*,#699,.F.);
#977=ORIENTED_EDGE('',*,*,#700,.F.);
#978=ORIENTED_EDGE('',*,*,#626,.T.);
#979=ORIENTED_EDGE('',*,*,#700,.T.);
#980=ORIENTED_EDGE('',*,*,#701,.F.);
#981=ORIENTED_EDGE('',*,*,#702,.F.);
#982=ORIENTED_EDGE('',*,*,#627,.T.);
#983=ORIENTED_EDGE('',*,*,#702,.T.);
#984=ORIENTED_EDGE('',*,*,#703,.F.);
#985=ORIENTED_EDGE('',*,*,#704,.F.);
#986=ORIENTED_EDGE('',*,*,#624,.T.);
#987=ORIENTED_EDGE('',*,*,#704,.T.);
#988=ORIENTED_EDGE('',*,*,#705,.F.);
#989=ORIENTED_EDGE('',*,*,#698,.F.);
#990=ORIENTED_EDGE('',*,*,#681,.T.);
#991=ORIENTED_EDGE('',*,*,#706,.T.);
#992=ORIENTED_EDGE('',*,*,#662,.T.);
#993=ORIENTED_EDGE('',*,*,#663,.T.);
#994=ORIENTED_EDGE('',*,*,#666,.T.);
#995=ORIENTED_EDGE('',*,*,#655,.T.);
#996=ORIENTED_EDGE('',*,*,#659,.T.);
#997=ORIENTED_EDGE('',*,*,#706,.F.);
#998=ORIENTED_EDGE('',*,*,#639,.F.);
#999=ORIENTED_EDGE('',*,*,#707,.F.);
#1000=ORIENTED_EDGE('',*,*,#641,.F.);
#1001=ORIENTED_EDGE('',*,*,#614,.F.);
#1002=ORIENTED_EDGE('',*,*,#604,.F.);
#1003=ORIENTED_EDGE('',*,*,#708,.F.);
#1004=ORIENTED_EDGE('',*,*,#635,.F.);
#1005=ORIENTED_EDGE('',*,*,#610,.F.);
#1006=ORIENTED_EDGE('',*,*,#603,.F.);
#1007=ORIENTED_EDGE('',*,*,#609,.T.);
#1008=ORIENTED_EDGE('',*,*,#640,.F.);
#1009=ORIENTED_EDGE('',*,*,#707,.T.);
#1010=ORIENTED_EDGE('',*,*,#638,.F.);
#1011=ORIENTED_EDGE('',*,*,#636,.T.);
#1012=ORIENTED_EDGE('',*,*,#633,.F.);
#1013=ORIENTED_EDGE('',*,*,#708,.T.);
#1014=ORIENTED_EDGE('',*,*,#680,.T.);
#1015=ORIENTED_EDGE('',*,*,#705,.T.);
#1016=ORIENTED_EDGE('',*,*,#703,.T.);
#1017=ORIENTED_EDGE('',*,*,#701,.T.);
#1018=ORIENTED_EDGE('',*,*,#699,.T.);
#1019=ORIENTED_EDGE('',*,*,#697,.T.);
#1020=ORIENTED_EDGE('',*,*,#695,.T.);
#1021=ORIENTED_EDGE('',*,*,#693,.T.);
#1022=ORIENTED_EDGE('',*,*,#691,.T.);
#1023=ORIENTED_EDGE('',*,*,#689,.T.);
#1024=ORIENTED_EDGE('',*,*,#687,.T.);
#1025=ORIENTED_EDGE('',*,*,#685,.T.);
#1026=ORIENTED_EDGE('',*,*,#683,.T.);
#1027=CYLINDRICAL_SURFACE('',#1130,2.);
#1028=CYLINDRICAL_SURFACE('',#1138,2.);
#1029=CYLINDRICAL_SURFACE('',#1144,2.);
#1030=CYLINDRICAL_SURFACE('',#1148,2.);
#1031=CYLINDRICAL_SURFACE('',#1162,2.);
#1032=CYLINDRICAL_SURFACE('',#1164,2.);
#1033=CYLINDRICAL_SURFACE('',#1166,2.);
#1034=CYLINDRICAL_SURFACE('',#1172,2.);
#1035=CYLINDRICAL_SURFACE('',#1174,5.);
#1036=CYLINDRICAL_SURFACE('',#1193,5.);
#1037=CYLINDRICAL_SURFACE('',#1196,5.);
#1038=CYLINDRICAL_SURFACE('',#1198,5.);
#1039=CYLINDRICAL_SURFACE('',#1200,17.);
#1040=CYLINDRICAL_SURFACE('',#1203,22.);
#1041=CYLINDRICAL_SURFACE('',#1209,23.);
#1042=CYLINDRICAL_SURFACE('',#1216,2.);
#1043=CYLINDRICAL_SURFACE('',#1219,2.);
#1044=CYLINDRICAL_SURFACE('',#1222,2.);
#1045=CYLINDRICAL_SURFACE('',#1225,2.);
#1046=CYLINDRICAL_SURFACE('',#1228,23.);
#1047=CYLINDRICAL_SURFACE('',#1233,1.5);
#1048=CYLINDRICAL_SURFACE('',#1236,1.5);
#1049=CYLINDRICAL_SURFACE('',#1239,1.5);
#1050=CYLINDRICAL_SURFACE('',#1242,1.5);
#1051=CYLINDRICAL_SURFACE('',#1245,1.5);
#1052=CYLINDRICAL_SURFACE('',#1248,1.5);
#1053=CYLINDRICAL_SURFACE('',#1250,16.);
#1054=ADVANCED_FACE('',(#105),#1027,.F.);
#1055=ADVANCED_FACE('',(#106),#78,.F.);
#1056=ADVANCED_FACE('',(#107),#79,.F.);
#1057=ADVANCED_FACE('',(#108),#1028,.F.);
#1058=ADVANCED_FACE('',(#109),#80,.F.);
#1059=ADVANCED_FACE('',(#110),#1029,.F.);
#1060=ADVANCED_FACE('',(#111),#1030,.F.);
#1061=ADVANCED_FACE('',(#112),#81,.F.);
#1062=ADVANCED_FACE('',(#113,#23,#24,#25),#82,.F.);
#1063=ADVANCED_FACE('',(#114),#1031,.F.);
#1064=ADVANCED_FACE('',(#115),#1032,.F.);
#1065=ADVANCED_FACE('',(#116),#1033,.F.);
#1066=ADVANCED_FACE('',(#117),#83,.F.);
#1067=ADVANCED_FACE('',(#118),#84,.F.);
#1068=ADVANCED_FACE('',(#119),#1034,.F.);
#1069=ADVANCED_FACE('',(#120),#1035,.T.);
#1070=ADVANCED_FACE('',(#121),#85,.T.);
#1071=ADVANCED_FACE('',(#122,#26,#27,#28,#29,#30,#31,#32,#33),#86,.F.);
#1072=ADVANCED_FACE('',(#123),#1036,.T.);
#1073=ADVANCED_FACE('',(#124),#87,.T.);
#1074=ADVANCED_FACE('',(#125),#1037,.T.);
#1075=ADVANCED_FACE('',(#126),#1038,.T.);
#1076=ADVANCED_FACE('',(#127),#1039,.T.);
#1077=ADVANCED_FACE('',(#128),#1040,.F.);
#1078=ADVANCED_FACE('',(#129,#34,#35,#36,#37,#38,#39,#40,#41,#42),#88,.T.);
#1079=ADVANCED_FACE('',(#130,#43),#89,.T.);
#1080=ADVANCED_FACE('',(#131),#1041,.T.);
#1081=ADVANCED_FACE('',(#132),#15,.T.);
#1082=ADVANCED_FACE('',(#133),#16,.T.);
#1083=ADVANCED_FACE('',(#134),#17,.F.);
#1084=ADVANCED_FACE('',(#135),#18,.F.);
#1085=ADVANCED_FACE('',(#136),#19,.F.);
#1086=ADVANCED_FACE('',(#137),#20,.F.);
#1087=ADVANCED_FACE('',(#138,#44),#90,.F.);
#1088=ADVANCED_FACE('',(#139),#21,.T.);
#1089=ADVANCED_FACE('',(#140),#22,.T.);
#1090=ADVANCED_FACE('',(#141),#1042,.F.);
#1091=ADVANCED_FACE('',(#142),#91,.F.);
#1092=ADVANCED_FACE('',(#143),#1043,.F.);
#1093=ADVANCED_FACE('',(#144),#92,.F.);
#1094=ADVANCED_FACE('',(#145),#1044,.F.);
#1095=ADVANCED_FACE('',(#146),#93,.F.);
#1096=ADVANCED_FACE('',(#147),#1045,.F.);
#1097=ADVANCED_FACE('',(#148),#94,.F.);
#1098=ADVANCED_FACE('',(#149),#1046,.F.);
#1099=ADVANCED_FACE('',(#150,#45),#95,.T.);
#1100=ADVANCED_FACE('',(#151),#96,.T.);
#1101=ADVANCED_FACE('',(#152),#1047,.F.);
#1102=ADVANCED_FACE('',(#153),#97,.T.);
#1103=ADVANCED_FACE('',(#154),#1048,.F.);
#1104=ADVANCED_FACE('',(#155),#98,.T.);
#1105=ADVANCED_FACE('',(#156),#1049,.F.);
#1106=ADVANCED_FACE('',(#157),#99,.T.);
#1107=ADVANCED_FACE('',(#158),#1050,.F.);
#1108=ADVANCED_FACE('',(#159),#100,.T.);
#1109=ADVANCED_FACE('',(#160),#1051,.F.);
#1110=ADVANCED_FACE('',(#161),#101,.T.);
#1111=ADVANCED_FACE('',(#162),#1052,.F.);
#1112=ADVANCED_FACE('',(#163),#1053,.F.);
#1113=ADVANCED_FACE('',(#164),#102,.T.);
#1114=ADVANCED_FACE('',(#165),#103,.T.);
#1115=ADVANCED_FACE('',(#166,#46,#47,#48,#49),#104,.T.);
#1116=CLOSED_SHELL('',(#1054,#1055,#1056,#1057,#1058,#1059,#1060,#1061,
#1062,#1063,#1064,#1065,#1066,#1067,#1068,#1069,#1070,#1071,#1072,#1073,
#1074,#1075,#1076,#1077,#1078,#1079,#1080,#1081,#1082,#1083,#1084,#1085,
#1086,#1087,#1088,#1089,#1090,#1091,#1092,#1093,#1094,#1095,#1096,#1097,
#1098,#1099,#1100,#1101,#1102,#1103,#1104,#1105,#1106,#1107,#1108,#1109,
#1110,#1111,#1112,#1113,#1114,#1115));
#1117=DERIVED_UNIT_ELEMENT(#1119,1.);
#1118=DERIVED_UNIT_ELEMENT(#2463,-3.);
#1119=(
MASS_UNIT()
NAMED_UNIT(*)
SI_UNIT(.KILO.,.GRAM.)
);
#1120=DERIVED_UNIT((#1117,#1118));
#1121=MEASURE_REPRESENTATION_ITEM('density measure',
POSITIVE_RATIO_MEASURE(7850.),#1120);
#1122=PROPERTY_DEFINITION_REPRESENTATION(#1127,#1124);
#1123=PROPERTY_DEFINITION_REPRESENTATION(#1128,#1125);
#1124=REPRESENTATION('material name',(#1126),#2460);
#1125=REPRESENTATION('density',(#1121),#2460);
#1126=DESCRIPTIVE_REPRESENTATION_ITEM('Steel','Steel');
#1127=PROPERTY_DEFINITION('material property','material name',#2470);
#1128=PROPERTY_DEFINITION('material property','density of part',#2470);
#1129=AXIS2_PLACEMENT_3D('',#1565,#1254,#1255);
#1130=AXIS2_PLACEMENT_3D('',#1566,#1256,#1257);
#1131=AXIS2_PLACEMENT_3D('',#1568,#1258,#1259);
#1132=AXIS2_PLACEMENT_3D('',#1572,#1261,#1262);
#1133=AXIS2_PLACEMENT_3D('',#1574,#1263,#1264);
#1134=AXIS2_PLACEMENT_3D('',#1575,#1265,#1266);
#1135=AXIS2_PLACEMENT_3D('',#1576,#1267,#1268);
#1136=AXIS2_PLACEMENT_3D('',#1587,#1269,#1270);
#1137=AXIS2_PLACEMENT_3D('',#1594,#1271,#1272);
#1138=AXIS2_PLACEMENT_3D('',#1595,#1273,#1274);
#1139=AXIS2_PLACEMENT_3D('',#1597,#1275,#1276);
#1140=AXIS2_PLACEMENT_3D('',#1600,#1278,#1279);
#1141=AXIS2_PLACEMENT_3D('',#1601,#1280,#1281);
#1142=AXIS2_PLACEMENT_3D('',#1602,#1282,#1283);
#1143=AXIS2_PLACEMENT_3D('',#1609,#1284,#1285);
#1144=AXIS2_PLACEMENT_3D('',#1610,#1286,#1287);
#1145=AXIS2_PLACEMENT_3D('',#1612,#1288,#1289);
#1146=AXIS2_PLACEMENT_3D('',#1615,#1291,#1292);
#1147=AXIS2_PLACEMENT_3D('',#1616,#1293,#1294);
#1148=AXIS2_PLACEMENT_3D('',#1617,#1295,#1296);
#1149=AXIS2_PLACEMENT_3D('',#1619,#1297,#1298);
#1150=AXIS2_PLACEMENT_3D('',#1623,#1300,#1301);
#1151=AXIS2_PLACEMENT_3D('',#1625,#1302,#1303);
#1152=AXIS2_PLACEMENT_3D('',#1626,#1304,#1305);
#1153=AXIS2_PLACEMENT_3D('',#1627,#1306,#1307);
#1154=AXIS2_PLACEMENT_3D('',#1632,#1308,#1309);
#1155=AXIS2_PLACEMENT_3D('',#1634,#1310,#1311);
#1156=AXIS2_PLACEMENT_3D('',#1636,#1312,#1313);
#1157=AXIS2_PLACEMENT_3D('',#1638,#1314,#1315);
#1158=AXIS2_PLACEMENT_3D('',#1652,#1316,#1317);
#1159=AXIS2_PLACEMENT_3D('',#1654,#1318,#1319);
#1160=AXIS2_PLACEMENT_3D('',#1691,#1320,#1321);
#1161=AXIS2_PLACEMENT_3D('',#1693,#1322,#1323);
#1162=AXIS2_PLACEMENT_3D('',#1717,#1324,#1325);
#1163=AXIS2_PLACEMENT_3D('',#1719,#1326,#1327);
#1164=AXIS2_PLACEMENT_3D('',#1721,#1329,#1330);
#1165=AXIS2_PLACEMENT_3D('',#1723,#1331,#1332);
#1166=AXIS2_PLACEMENT_3D('',#1725,#1334,#1335);
#1167=AXIS2_PLACEMENT_3D('',#1727,#1336,#1337);
#1168=AXIS2_PLACEMENT_3D('',#1729,#1339,#1340);
#1169=AXIS2_PLACEMENT_3D('',#1730,#1341,#1342);
#1170=AXIS2_PLACEMENT_3D('',#1738,#1343,#1344);
#1171=AXIS2_PLACEMENT_3D('',#1746,#1345,#1346);
#1172=AXIS2_PLACEMENT_3D('',#1747,#1347,#1348);
#1173=AXIS2_PLACEMENT_3D('',#1749,#1349,#1350);
#1174=AXIS2_PLACEMENT_3D('',#1751,#1352,#1353);
#1175=AXIS2_PLACEMENT_3D('',#1754,#1354,#1355);
#1176=AXIS2_PLACEMENT_3D('',#1758,#1357,#1358);
#1177=AXIS2_PLACEMENT_3D('',#1760,#1360,#1361);
#1178=AXIS2_PLACEMENT_3D('',#1766,#1365,#1366);
#1179=AXIS2_PLACEMENT_3D('',#1770,#1368,#1369);
#1180=AXIS2_PLACEMENT_3D('',#1774,#1371,#1372);
#1181=AXIS2_PLACEMENT_3D('',#1777,#1374,#1375);
#1182=AXIS2_PLACEMENT_3D('',#1780,#1376,#1377);
#1183=AXIS2_PLACEMENT_3D('',#1784,#1379,#1380);
#1184=AXIS2_PLACEMENT_3D('',#1788,#1382,#1383);
#1185=AXIS2_PLACEMENT_3D('',#1792,#1385,#1386);
#1186=AXIS2_PLACEMENT_3D('',#1796,#1388,#1389);
#1187=AXIS2_PLACEMENT_3D('',#1800,#1391,#1392);
#1188=AXIS2_PLACEMENT_3D('',#1803,#1394,#1395);
#1189=AXIS2_PLACEMENT_3D('',#1805,#1396,#1397);
#1190=AXIS2_PLACEMENT_3D('',#1807,#1398,#1399);
#1191=AXIS2_PLACEMENT_3D('',#1809,#1400,#1401);
#1192=AXIS2_PLACEMENT_3D('',#1811,#1402,#1403);
#1193=AXIS2_PLACEMENT_3D('',#1812,#1404,#1405);
#1194=AXIS2_PLACEMENT_3D('',#1815,#1406,#1407);
#1195=AXIS2_PLACEMENT_3D('',#1818,#1410,#1411);
#1196=AXIS2_PLACEMENT_3D('',#1822,#1414,#1415);
#1197=AXIS2_PLACEMENT_3D('',#1824,#1416,#1417);
#1198=AXIS2_PLACEMENT_3D('',#1826,#1419,#1420);
#1199=AXIS2_PLACEMENT_3D('',#1828,#1421,#1422);
#1200=AXIS2_PLACEMENT_3D('',#1830,#1424,#1425);
#1201=AXIS2_PLACEMENT_3D('',#1832,#1426,#1427);
#1202=AXIS2_PLACEMENT_3D('',#1835,#1429,#1430);
#1203=AXIS2_PLACEMENT_3D('',#1836,#1431,#1432);
#1204=AXIS2_PLACEMENT_3D('',#1838,#1433,#1434);
#1205=AXIS2_PLACEMENT_3D('',#1841,#1436,#1437);
#1206=AXIS2_PLACEMENT_3D('',#1842,#1438,#1439);
#1207=AXIS2_PLACEMENT_3D('',#1843,#1440,#1441);
#1208=AXIS2_PLACEMENT_3D('',#1845,#1442,#1443);
#1209=AXIS2_PLACEMENT_3D('',#1846,#1444,#1445);
#1210=AXIS2_PLACEMENT_3D('',#2062,#1447,#1448);
#1211=AXIS2_PLACEMENT_3D('',#2115,#1450,#1451);
#1212=AXIS2_PLACEMENT_3D('',#2123,#1453,#1454);
#1213=AXIS2_PLACEMENT_3D('',#2149,#1455,#1456);
#1214=AXIS2_PLACEMENT_3D('',#2196,#1458,#1459);
#1215=AXIS2_PLACEMENT_3D('',#2198,#1461,#1462);
#1216=AXIS2_PLACEMENT_3D('',#2376,#1463,#1464);
#1217=AXIS2_PLACEMENT_3D('',#2379,#1466,#1467);
#1218=AXIS2_PLACEMENT_3D('',#2380,#1468,#1469);
#1219=AXIS2_PLACEMENT_3D('',#2381,#1470,#1471);
#1220=AXIS2_PLACEMENT_3D('',#2384,#1473,#1474);
#1221=AXIS2_PLACEMENT_3D('',#2385,#1475,#1476);
#1222=AXIS2_PLACEMENT_3D('',#2386,#1477,#1478);
#1223=AXIS2_PLACEMENT_3D('',#2389,#1480,#1481);
#1224=AXIS2_PLACEMENT_3D('',#2390,#1482,#1483);
#1225=AXIS2_PLACEMENT_3D('',#2391,#1484,#1485);
#1226=AXIS2_PLACEMENT_3D('',#2394,#1487,#1488);
#1227=AXIS2_PLACEMENT_3D('',#2395,#1489,#1490);
#1228=AXIS2_PLACEMENT_3D('',#2396,#1491,#1492);
#1229=AXIS2_PLACEMENT_3D('',#2399,#1494,#1495);
#1230=AXIS2_PLACEMENT_3D('',#2400,#1496,#1497);
#1231=AXIS2_PLACEMENT_3D('',#2402,#1498,#1499);
#1232=AXIS2_PLACEMENT_3D('',#2403,#1500,#1501);
#1233=AXIS2_PLACEMENT_3D('',#2409,#1505,#1506);
#1234=AXIS2_PLACEMENT_3D('',#2411,#1507,#1508);
#1235=AXIS2_PLACEMENT_3D('',#2413,#1510,#1511);
#1236=AXIS2_PLACEMENT_3D('',#2417,#1514,#1515);
#1237=AXIS2_PLACEMENT_3D('',#2418,#1516,#1517);
#1238=AXIS2_PLACEMENT_3D('',#2419,#1518,#1519);
#1239=AXIS2_PLACEMENT_3D('',#2425,#1523,#1524);
#1240=AXIS2_PLACEMENT_3D('',#2427,#1525,#1526);
#1241=AXIS2_PLACEMENT_3D('',#2429,#1528,#1529);
#1242=AXIS2_PLACEMENT_3D('',#2433,#1532,#1533);
#1243=AXIS2_PLACEMENT_3D('',#2434,#1534,#1535);
#1244=AXIS2_PLACEMENT_3D('',#2435,#1536,#1537);
#1245=AXIS2_PLACEMENT_3D('',#2441,#1541,#1542);
#1246=AXIS2_PLACEMENT_3D('',#2443,#1543,#1544);
#1247=AXIS2_PLACEMENT_3D('',#2445,#1546,#1547);
#1248=AXIS2_PLACEMENT_3D('',#2449,#1550,#1551);
#1249=AXIS2_PLACEMENT_3D('',#2450,#1552,#1553);
#1250=AXIS2_PLACEMENT_3D('',#2451,#1554,#1555);
#1251=AXIS2_PLACEMENT_3D('',#2453,#1557,#1558);
#1252=AXIS2_PLACEMENT_3D('',#2455,#1560,#1561);
#1253=AXIS2_PLACEMENT_3D('',#2457,#1563,#1564);
#1254=DIRECTION('axis',(0.,0.,1.));
#1255=DIRECTION('refdir',(1.,0.,0.));
#1256=DIRECTION('center_axis',(0.,0.,-1.));
#1257=DIRECTION('ref_axis',(1.,0.,0.));
#1258=DIRECTION('center_axis',(0.,0.,-1.));
#1259=DIRECTION('ref_axis',(1.,0.,0.));
#1260=DIRECTION('',(0.,0.,-1.));
#1261=DIRECTION('center_axis',(0.,0.,1.));
#1262=DIRECTION('ref_axis',(1.,0.,0.));
#1263=DIRECTION('center_axis',(0.,0.,-1.));
#1264=DIRECTION('ref_axis',(1.,0.,0.));
#1265=DIRECTION('center_axis',(0.,0.,1.));
#1266=DIRECTION('ref_axis',(1.,0.,0.));
#1267=DIRECTION('center_axis',(0.,0.,-1.));
#1268=DIRECTION('ref_axis',(1.,0.,0.));
#1269=DIRECTION('center_axis',(0.,0.,-1.));
#1270=DIRECTION('ref_axis',(1.,0.,0.));
#1271=DIRECTION('center_axis',(0.,0.,-1.));
#1272=DIRECTION('ref_axis',(1.,0.,0.));
#1273=DIRECTION('center_axis',(0.,0.,-1.));
#1274=DIRECTION('ref_axis',(1.,0.,0.));
#1275=DIRECTION('center_axis',(0.,0.,-1.));
#1276=DIRECTION('ref_axis',(1.,0.,0.));
#1277=DIRECTION('',(0.,0.,-1.));
#1278=DIRECTION('center_axis',(0.,0.,1.));
#1279=DIRECTION('ref_axis',(1.,0.,0.));
#1280=DIRECTION('center_axis',(0.,0.,1.));
#1281=DIRECTION('ref_axis',(1.,0.,0.));
#1282=DIRECTION('center_axis',(0.,0.,-1.));
#1283=DIRECTION('ref_axis',(1.,0.,0.));
#1284=DIRECTION('center_axis',(0.,0.,-1.));
#1285=DIRECTION('ref_axis',(1.,0.,0.));
#1286=DIRECTION('center_axis',(0.,0.,-1.));
#1287=DIRECTION('ref_axis',(1.,0.,0.));
#1288=DIRECTION('center_axis',(0.,0.,-1.));
#1289=DIRECTION('ref_axis',(1.,0.,0.));
#1290=DIRECTION('',(0.,0.,-1.));
#1291=DIRECTION('center_axis',(0.,0.,1.));
#1292=DIRECTION('ref_axis',(1.,0.,0.));
#1293=DIRECTION('center_axis',(0.,0.,1.));
#1294=DIRECTION('ref_axis',(1.,0.,0.));
#1295=DIRECTION('center_axis',(0.,0.,-1.));
#1296=DIRECTION('ref_axis',(1.,0.,0.));
#1297=DIRECTION('center_axis',(0.,0.,-1.));
#1298=DIRECTION('ref_axis',(1.,0.,0.));
#1299=DIRECTION('',(0.,0.,-1.));
#1300=DIRECTION('center_axis',(0.,0.,1.));
#1301=DIRECTION('ref_axis',(1.,0.,0.));
#1302=DIRECTION('center_axis',(0.,0.,-1.));
#1303=DIRECTION('ref_axis',(1.,0.,0.));
#1304=DIRECTION('center_axis',(0.,0.,1.));
#1305=DIRECTION('ref_axis',(1.,0.,0.));
#1306=DIRECTION('center_axis',(0.,0.,-1.));
#1307=DIRECTION('ref_axis',(1.,0.,0.));
#1308=DIRECTION('center_axis',(0.,0.,1.));
#1309=DIRECTION('ref_axis',(1.,0.,0.));
#1310=DIRECTION('center_axis',(0.,0.,-1.));
#1311=DIRECTION('ref_axis',(1.,0.,0.));
#1312=DIRECTION('center_axis',(0.,0.,1.));
#1313=DIRECTION('ref_axis',(1.,0.,0.));
#1314=DIRECTION('center_axis',(0.,0.,1.));
#1315=DIRECTION('ref_axis',(1.,0.,0.));
#1316=DIRECTION('center_axis',(0.,0.,1.));
#1317=DIRECTION('ref_axis',(1.,0.,0.));
#1318=DIRECTION('center_axis',(0.,0.,1.));
#1319=DIRECTION('ref_axis',(1.,0.,0.));
#1320=DIRECTION('center_axis',(0.,0.,1.));
#1321=DIRECTION('ref_axis',(1.,0.,0.));
#1322=DIRECTION('center_axis',(0.,0.,1.));
#1323=DIRECTION('ref_axis',(1.,0.,0.));
#1324=DIRECTION('center_axis',(0.,0.,-1.));
#1325=DIRECTION('ref_axis',(1.,0.,0.));
#1326=DIRECTION('center_axis',(0.,0.,-1.));
#1327=DIRECTION('ref_axis',(1.,0.,0.));
#1328=DIRECTION('',(0.,0.,-1.));
#1329=DIRECTION('center_axis',(0.,0.,-1.));
#1330=DIRECTION('ref_axis',(1.,0.,0.));
#1331=DIRECTION('center_axis',(0.,0.,-1.));
#1332=DIRECTION('ref_axis',(1.,0.,0.));
#1333=DIRECTION('',(0.,0.,-1.));
#1334=DIRECTION('center_axis',(0.,0.,-1.));
#1335=DIRECTION('ref_axis',(1.,0.,0.));
#1336=DIRECTION('center_axis',(0.,0.,-1.));
#1337=DIRECTION('ref_axis',(1.,0.,0.));
#1338=DIRECTION('',(0.,0.,-1.));
#1339=DIRECTION('center_axis',(0.,0.,-1.));
#1340=DIRECTION('ref_axis',(1.,0.,0.));
#1341=DIRECTION('center_axis',(0.,0.,-1.));
#1342=DIRECTION('ref_axis',(1.,0.,0.));
#1343=DIRECTION('center_axis',(0.,0.,-1.));
#1344=DIRECTION('ref_axis',(1.,0.,0.));
#1345=DIRECTION('center_axis',(0.,0.,-1.));
#1346=DIRECTION('ref_axis',(1.,0.,0.));
#1347=DIRECTION('center_axis',(0.,0.,-1.));
#1348=DIRECTION('ref_axis',(1.,0.,0.));
#1349=DIRECTION('center_axis',(0.,0.,-1.));
#1350=DIRECTION('ref_axis',(1.,0.,0.));
#1351=DIRECTION('',(0.,0.,-1.));
#1352=DIRECTION('center_axis',(0.,0.,1.));
#1353=DIRECTION('ref_axis',(0.707106781186547,-0.707106781186547,0.));
#1354=DIRECTION('center_axis',(0.,0.,-1.));
#1355=DIRECTION('ref_axis',(0.707106781186547,-0.707106781186547,0.));
#1356=DIRECTION('',(0.,0.,-1.));
#1357=DIRECTION('center_axis',(0.,0.,1.));
#1358=DIRECTION('ref_axis',(0.707106781186547,-0.707106781186547,0.));
#1359=DIRECTION('',(0.,0.,1.));
#1360=DIRECTION('center_axis',(1.,0.,0.));
#1361=DIRECTION('ref_axis',(0.,1.,0.));
#1362=DIRECTION('',(0.,-1.,0.));
#1363=DIRECTION('',(0.,0.,-1.));
#1364=DIRECTION('',(0.,1.,0.));
#1365=DIRECTION('center_axis',(0.,0.,1.));
#1366=DIRECTION('ref_axis',(1.,0.,0.));
#1367=DIRECTION('',(-1.,0.,0.));
#1368=DIRECTION('center_axis',(0.,0.,1.));
#1369=DIRECTION('ref_axis',(-0.707106781186547,-0.707106781186547,0.));
#1370=DIRECTION('',(0.,1.,0.));
#1371=DIRECTION('center_axis',(0.,0.,1.));
#1372=DIRECTION('ref_axis',(-0.707106781186547,0.707106781186547,0.));
#1373=DIRECTION('',(1.,0.,0.));
#1374=DIRECTION('center_axis',(0.,0.,1.));
#1375=DIRECTION('ref_axis',(0.707106781186547,0.707106781186547,0.));
#1376=DIRECTION('center_axis',(0.,0.,-1.));
#1377=DIRECTION('ref_axis',(0.,1.,0.));
#1378=DIRECTION('',(-1.,0.,0.));
#1379=DIRECTION('center_axis',(0.,0.,-1.));
#1380=DIRECTION('ref_axis',(0.,-1.,0.));
#1381=DIRECTION('',(1.,4.44089203232618E-16,0.));
#1382=DIRECTION('center_axis',(0.,0.,-1.));
#1383=DIRECTION('ref_axis',(0.,1.,0.));
#1384=DIRECTION('',(-1.,0.,0.));
#1385=DIRECTION('center_axis',(0.,0.,-1.));
#1386=DIRECTION('ref_axis',(0.,-1.,0.));
#1387=DIRECTION('',(1.,0.,0.));
#1388=DIRECTION('center_axis',(0.,0.,-1.));
#1389=DIRECTION('ref_axis',(0.,1.,0.));
#1390=DIRECTION('',(-1.,0.,0.));
#1391=DIRECTION('center_axis',(0.,0.,-1.));
#1392=DIRECTION('ref_axis',(0.,-1.,0.));
#1393=DIRECTION('',(1.,0.,0.));
#1394=DIRECTION('center_axis',(0.,0.,1.));
#1395=DIRECTION('ref_axis',(-1.,0.,0.));
#1396=DIRECTION('center_axis',(0.,0.,1.));
#1397=DIRECTION('ref_axis',(-1.,0.,0.));
#1398=DIRECTION('center_axis',(0.,0.,1.));
#1399=DIRECTION('ref_axis',(-1.,0.,0.));
#1400=DIRECTION('center_axis',(0.,0.,1.));
#1401=DIRECTION('ref_axis',(-1.,0.,0.));
#1402=DIRECTION('center_axis',(0.,0.,1.));
#1403=DIRECTION('ref_axis',(1.,0.,0.));
#1404=DIRECTION('center_axis',(0.,0.,1.));
#1405=DIRECTION('ref_axis',(-0.707106781186547,-0.707106781186547,0.));
#1406=DIRECTION('center_axis',(0.,0.,-1.));
#1407=DIRECTION('ref_axis',(-0.707106781186547,-0.707106781186547,0.));
#1408=DIRECTION('',(0.,0.,-1.));
#1409=DIRECTION('',(0.,0.,1.));
#1410=DIRECTION('center_axis',(-1.,0.,0.));
#1411=DIRECTION('ref_axis',(0.,-1.,0.));
#1412=DIRECTION('',(0.,-1.,0.));
#1413=DIRECTION('',(0.,0.,1.));
#1414=DIRECTION('center_axis',(0.,0.,1.));
#1415=DIRECTION('ref_axis',(-0.707106781186547,0.707106781186547,0.));
#1416=DIRECTION('center_axis',(0.,0.,-1.));
#1417=DIRECTION('ref_axis',(-0.707106781186547,0.707106781186547,0.));
#1418=DIRECTION('',(0.,0.,-1.));
#1419=DIRECTION('center_axis',(0.,0.,1.));
#1420=DIRECTION('ref_axis',(0.707106781186547,0.707106781186547,0.));
#1421=DIRECTION('center_axis',(0.,0.,-1.));
#1422=DIRECTION('ref_axis',(0.707106781186547,0.707106781186547,0.));
#1423=DIRECTION('',(0.,0.,1.));
#1424=DIRECTION('center_axis',(0.,0.,-1.));
#1425=DIRECTION('ref_axis',(-1.,0.,0.));
#1426=DIRECTION('center_axis',(0.,0.,1.));
#1427=DIRECTION('ref_axis',(-1.,0.,0.));
#1428=DIRECTION('',(0.,0.,-1.));
#1429=DIRECTION('center_axis',(0.,0.,1.));
#1430=DIRECTION('ref_axis',(-1.,0.,0.));
#1431=DIRECTION('center_axis',(0.,0.,-1.));
#1432=DIRECTION('ref_axis',(-1.,0.,0.));
#1433=DIRECTION('center_axis',(0.,0.,-1.));
#1434=DIRECTION('ref_axis',(-1.,0.,0.));
#1435=DIRECTION('',(0.,0.,-1.));
#1436=DIRECTION('center_axis',(0.,0.,-1.));
#1437=DIRECTION('ref_axis',(-1.,0.,0.));
#1438=DIRECTION('center_axis',(0.,0.,1.));
#1439=DIRECTION('ref_axis',(-1.,0.,0.));
#1440=DIRECTION('center_axis',(0.,0.,1.));
#1441=DIRECTION('ref_axis',(1.,0.,0.));
#1442=DIRECTION('center_axis',(0.,0.,1.));
#1443=DIRECTION('ref_axis',(1.,0.,0.));
#1444=DIRECTION('center_axis',(0.,0.,-1.));
#1445=DIRECTION('ref_axis',(1.,0.,0.));
#1446=DIRECTION('',(0.,0.,1.));
#1447=DIRECTION('center_axis',(0.,0.,-1.));
#1448=DIRECTION('ref_axis',(1.,0.,0.));
#1449=DIRECTION('',(1.,0.,0.));
#1450=DIRECTION('center_axis',(0.,0.,-1.));
#1451=DIRECTION('ref_axis',(1.,0.,0.));
#1452=DIRECTION('',(0.,-1.,0.));
#1453=DIRECTION('center_axis',(0.,0.,-1.));
#1454=DIRECTION('ref_axis',(1.,0.,0.));
#1455=DIRECTION('center_axis',(0.,0.,-1.));
#1456=DIRECTION('ref_axis',(1.,0.,0.));
#1457=DIRECTION('',(-1.,0.,0.));
#1458=DIRECTION('center_axis',(0.,0.,-1.));
#1459=DIRECTION('ref_axis',(1.,0.,0.));
#1460=DIRECTION('',(0.,1.,0.));
#1461=DIRECTION('center_axis',(0.,0.,1.));
#1462=DIRECTION('ref_axis',(1.,0.,0.));
#1463=DIRECTION('center_axis',(0.,0.,1.));
#1464=DIRECTION('ref_axis',(-1.,0.,0.));
#1465=DIRECTION('',(0.,0.,1.));
#1466=DIRECTION('center_axis',(0.,0.,1.));
#1467=DIRECTION('ref_axis',(-1.,0.,0.));
#1468=DIRECTION('center_axis',(0.,0.,1.));
#1469=DIRECTION('ref_axis',(-1.,0.,0.));
#1470=DIRECTION('center_axis',(0.,0.,1.));
#1471=DIRECTION('ref_axis',(-1.,0.,0.));
#1472=DIRECTION('',(0.,0.,1.));
#1473=DIRECTION('center_axis',(0.,0.,1.));
#1474=DIRECTION('ref_axis',(-1.,0.,0.));
#1475=DIRECTION('center_axis',(0.,0.,1.));
#1476=DIRECTION('ref_axis',(-1.,0.,0.));
#1477=DIRECTION('center_axis',(0.,0.,1.));
#1478=DIRECTION('ref_axis',(-1.,0.,0.));
#1479=DIRECTION('',(0.,0.,1.));
#1480=DIRECTION('center_axis',(0.,0.,1.));
#1481=DIRECTION('ref_axis',(-1.,0.,0.));
#1482=DIRECTION('center_axis',(0.,0.,1.));
#1483=DIRECTION('ref_axis',(-1.,0.,0.));
#1484=DIRECTION('center_axis',(0.,0.,1.));
#1485=DIRECTION('ref_axis',(-1.,0.,0.));
#1486=DIRECTION('',(0.,0.,1.));
#1487=DIRECTION('center_axis',(0.,0.,1.));
#1488=DIRECTION('ref_axis',(-1.,0.,0.));
#1489=DIRECTION('center_axis',(0.,0.,1.));
#1490=DIRECTION('ref_axis',(-1.,0.,0.));
#1491=DIRECTION('center_axis',(0.,0.,1.));
#1492=DIRECTION('ref_axis',(1.,0.,0.));
#1493=DIRECTION('',(0.,0.,1.));
#1494=DIRECTION('center_axis',(0.,0.,-1.));
#1495=DIRECTION('ref_axis',(1.,0.,0.));
#1496=DIRECTION('center_axis',(0.,0.,1.));
#1497=DIRECTION('ref_axis',(1.,0.,0.));
#1498=DIRECTION('center_axis',(0.,0.,1.));
#1499=DIRECTION('ref_axis',(1.,0.,0.));
#1500=DIRECTION('center_axis',(0.,1.,0.));
#1501=DIRECTION('ref_axis',(-1.,0.,0.));
#1502=DIRECTION('',(0.,0.,1.));
#1503=DIRECTION('',(-1.,0.,0.));
#1504=DIRECTION('',(0.,0.,1.));
#1505=DIRECTION('center_axis',(0.,0.,1.));
#1506=DIRECTION('ref_axis',(0.,-1.,0.));
#1507=DIRECTION('center_axis',(0.,0.,-1.));
#1508=DIRECTION('ref_axis',(0.,-1.,0.));
#1509=DIRECTION('',(0.,0.,1.));
#1510=DIRECTION('center_axis',(4.44089203232618E-16,-1.,0.));
#1511=DIRECTION('ref_axis',(1.,4.44089203232618E-16,0.));
#1512=DIRECTION('',(1.,4.44089203232618E-16,0.));
#1513=DIRECTION('',(0.,0.,1.));
#1514=DIRECTION('center_axis',(0.,0.,1.));
#1515=DIRECTION('ref_axis',(0.,1.,0.));
#1516=DIRECTION('center_axis',(0.,0.,-1.));
#1517=DIRECTION('ref_axis',(0.,1.,0.));
#1518=DIRECTION('center_axis',(0.,1.,0.));
#1519=DIRECTION('ref_axis',(-1.,0.,0.));
#1520=DIRECTION('',(0.,0.,1.));
#1521=DIRECTION('',(-1.,0.,0.));
#1522=DIRECTION('',(0.,0.,1.));
#1523=DIRECTION('center_axis',(0.,0.,1.));
#1524=DIRECTION('ref_axis',(0.,-1.,0.));
#1525=DIRECTION('center_axis',(0.,0.,-1.));
#1526=DIRECTION('ref_axis',(0.,-1.,0.));
#1527=DIRECTION('',(0.,0.,1.));
#1528=DIRECTION('center_axis',(0.,-1.,0.));
#1529=DIRECTION('ref_axis',(1.,0.,0.));
#1530=DIRECTION('',(1.,0.,0.));
#1531=DIRECTION('',(0.,0.,1.));
#1532=DIRECTION('center_axis',(0.,0.,1.));
#1533=DIRECTION('ref_axis',(0.,1.,0.));
#1534=DIRECTION('center_axis',(0.,0.,-1.));
#1535=DIRECTION('ref_axis',(0.,1.,0.));
#1536=DIRECTION('center_axis',(0.,1.,0.));
#1537=DIRECTION('ref_axis',(-1.,0.,0.));
#1538=DIRECTION('',(0.,0.,1.));
#1539=DIRECTION('',(-1.,0.,0.));
#1540=DIRECTION('',(0.,0.,1.));
#1541=DIRECTION('center_axis',(0.,0.,1.));
#1542=DIRECTION('ref_axis',(0.,-1.,0.));
#1543=DIRECTION('center_axis',(0.,0.,-1.));
#1544=DIRECTION('ref_axis',(0.,-1.,0.));
#1545=DIRECTION('',(0.,0.,1.));
#1546=DIRECTION('center_axis',(0.,-1.,0.));
#1547=DIRECTION('ref_axis',(1.,0.,0.));
#1548=DIRECTION('',(1.,0.,0.));
#1549=DIRECTION('',(0.,0.,1.));
#1550=DIRECTION('center_axis',(0.,0.,1.));
#1551=DIRECTION('ref_axis',(0.,1.,0.));
#1552=DIRECTION('center_axis',(0.,0.,-1.));
#1553=DIRECTION('ref_axis',(0.,1.,0.));
#1554=DIRECTION('center_axis',(0.,0.,1.));
#1555=DIRECTION('ref_axis',(1.,0.,0.));
#1556=DIRECTION('',(0.,0.,-1.));
#1557=DIRECTION('center_axis',(0.,1.,0.));
#1558=DIRECTION('ref_axis',(-1.,0.,0.));
#1559=DIRECTION('',(-1.,0.,0.));
#1560=DIRECTION('center_axis',(0.,-1.,0.));
#1561=DIRECTION('ref_axis',(1.,0.,0.));
#1562=DIRECTION('',(1.,0.,0.));
#1563=DIRECTION('center_axis',(0.,0.,1.));
#1564=DIRECTION('ref_axis',(1.,0.,0.));
#1565=CARTESIAN_POINT('',(0.,0.,0.));
#1566=CARTESIAN_POINT('Origin',(-14.,24.0000005662441,35.5));
#1567=CARTESIAN_POINT('',(-16.,24.0000005662441,37.));
#1568=CARTESIAN_POINT('Origin',(-14.,24.0000005662441,37.));
#1569=CARTESIAN_POINT('',(-16.,24.0000005662441,34.));
#1570=CARTESIAN_POINT('',(-16.,24.0000005662441,35.5));
#1571=CARTESIAN_POINT('',(-12.8094746069454,25.6073173476994,33.9999093408197));
#1572=CARTESIAN_POINT('Origin',(-14.,24.0000005662441,34.));
#1573=CARTESIAN_POINT('',(-12.2561319547693,24.9784606603173,33.9999149029078));
#1574=CARTESIAN_POINT('Origin',(-14.,24.0000005662441,34.));
#1575=CARTESIAN_POINT('Origin',(-14.,24.0000005662441,34.));
#1576=CARTESIAN_POINT('Origin',(-14.,24.0000005662441,34.));
#1577=CARTESIAN_POINT('Ctrl Pts',(-12.2571146736239,24.9794260922977,33.9998298058156));
#1578=CARTESIAN_POINT('Ctrl Pts',(-12.3334769089123,25.0627205210741,33.9998249576279));
#1579=CARTESIAN_POINT('Ctrl Pts',(-12.4086360579995,25.1460834542754,33.9998218167683));
#1580=CARTESIAN_POINT('Ctrl Pts',(-12.4825577498066,25.2294321216497,33.9998200032772));
#1581=CARTESIAN_POINT('Ctrl Pts',(-12.5810129267258,25.3404429439364,33.9998175879161));
#1582=CARTESIAN_POINT('Ctrl Pts',(-12.677268345657,25.4514243535,33.9998175688839));
#1583=CARTESIAN_POINT('Ctrl Pts',(-12.7710682078527,25.5619031307072,33.9998183287708));
#1584=CARTESIAN_POINT('Ctrl Pts',(-12.784143036679,25.5773028452389,33.999818434692));
#1585=CARTESIAN_POINT('Ctrl Pts',(-12.797170235206,25.5926928121008,33.9998185542471));
#1586=CARTESIAN_POINT('Ctrl Pts',(-12.8101491882131,25.6080717677212,33.9998186816394));
#1587=CARTESIAN_POINT('Origin',(14.,52.0000005662441,34.));
#1588=CARTESIAN_POINT('',(12.255214124185,51.0225649417874,33.9999969918663));
#1589=CARTESIAN_POINT('',(12.808844033133,50.3934757709917,33.9999969290088));
#1590=CARTESIAN_POINT('Ctrl Pts',(12.2551494078742,51.0225055972443,34.));
#1591=CARTESIAN_POINT('Ctrl Pts',(12.449328376452,50.8107108045717,34.));
#1592=CARTESIAN_POINT('Ctrl Pts',(12.6338392768025,50.6006316995252,34.));
#1593=CARTESIAN_POINT('Ctrl Pts',(12.808799759259,50.3934384023487,34.));
#1594=CARTESIAN_POINT('Origin',(14.,52.0000005662441,34.));
#1595=CARTESIAN_POINT('Origin',(14.,52.0000005662441,35.5));
#1596=CARTESIAN_POINT('',(12.,52.0000005662441,37.));
#1597=CARTESIAN_POINT('Origin',(14.,52.0000005662441,37.));
#1598=CARTESIAN_POINT('',(12.,52.0000005662441,34.));
#1599=CARTESIAN_POINT('',(12.,52.0000005662441,35.5));
#1600=CARTESIAN_POINT('Origin',(14.,52.0000005662441,34.));
#1601=CARTESIAN_POINT('Origin',(14.,52.0000005662441,34.));
#1602=CARTESIAN_POINT('Origin',(-14.,52.0000005662441,34.));
#1603=CARTESIAN_POINT('',(-12.8082865475745,50.3930053985284,34.000035876967));
#1604=CARTESIAN_POINT('',(-12.2548711694568,51.0222510051616,34.0000130842321));
#1605=CARTESIAN_POINT('Ctrl Pts',(-12.8087997592746,50.3934384023303,34.));
#1606=CARTESIAN_POINT('Ctrl Pts',(-12.6269313699509,50.6088122439383,34.));
#1607=CARTESIAN_POINT('Ctrl Pts',(-12.4421875068197,50.8184994911942,34.));
#1608=CARTESIAN_POINT('Ctrl Pts',(-12.2551493846103,51.0225056226186,34.));
#1609=CARTESIAN_POINT('Origin',(-14.,52.0000005662441,34.));
#1610=CARTESIAN_POINT('Origin',(-14.,52.0000005662441,35.5));
#1611=CARTESIAN_POINT('',(-16.,52.0000005662441,37.));
#1612=CARTESIAN_POINT('Origin',(-14.,52.0000005662441,37.));
#1613=CARTESIAN_POINT('',(-16.,52.0000005662441,34.));
#1614=CARTESIAN_POINT('',(-16.,52.0000005662441,35.5));
#1615=CARTESIAN_POINT('Origin',(-14.,52.0000005662441,34.));
#1616=CARTESIAN_POINT('Origin',(-14.,52.0000005662441,34.));
#1617=CARTESIAN_POINT('Origin',(14.,24.0000005662441,35.5));
#1618=CARTESIAN_POINT('',(12.,24.0000005662441,37.));
#1619=CARTESIAN_POINT('Origin',(14.,24.0000005662441,37.));
#1620=CARTESIAN_POINT('',(12.,24.0000005662441,34.));
#1621=CARTESIAN_POINT('',(12.,24.0000005662441,35.5));
#1622=CARTESIAN_POINT('',(12.2549190849847,24.9777057953558,34.0000106643588));
#1623=CARTESIAN_POINT('Origin',(14.,24.0000005662441,34.));
#1624=CARTESIAN_POINT('',(12.8083209717814,25.606967074216,34.0000331916728));
#1625=CARTESIAN_POINT('Origin',(14.,24.0000005662441,34.));
#1626=CARTESIAN_POINT('Origin',(14.,24.0000005662441,34.));
#1627=CARTESIAN_POINT('Origin',(14.,24.0000005662441,34.));
#1628=CARTESIAN_POINT('Ctrl Pts',(12.8088000256936,25.6065629276965,34.));
#1629=CARTESIAN_POINT('Ctrl Pts',(12.6269315613017,25.3911889878756,34.));
#1630=CARTESIAN_POINT('Ctrl Pts',(12.4421883641279,25.1815024525206,34.));
#1631=CARTESIAN_POINT('Ctrl Pts',(12.25514921339,24.9774952037689,34.));
#1632=CARTESIAN_POINT('Origin',(0.,38.0000005662441,34.));
#1633=CARTESIAN_POINT('',(-23.,38.0000005662441,34.));
#1634=CARTESIAN_POINT('Origin',(0.,38.0000005662441,34.));
#1635=CARTESIAN_POINT('',(17.5,37.696840763092,34.));
#1636=CARTESIAN_POINT('Origin',(19.5,37.696840763092,34.));
#1637=CARTESIAN_POINT('',(-21.5,38.4063053131104,34.));
#1638=CARTESIAN_POINT('Origin',(-19.5,38.4063053131104,34.));
#1639=CARTESIAN_POINT('',(-11.5220881061775,24.2172179424477,34.0000000000004));
#1640=CARTESIAN_POINT('Ctrl Pts',(-11.5220881061775,24.2172179424477,34.));
#1641=CARTESIAN_POINT('Ctrl Pts',(-11.7802853389868,24.4716983677743,34.));
#1642=CARTESIAN_POINT('Ctrl Pts',(-12.0244615812597,24.725879704459,34.));
#1643=CARTESIAN_POINT('Ctrl Pts',(-12.2551492359147,24.9774952283369,34.));
#1644=CARTESIAN_POINT('',(-0.577522185892017,20.4228255515069,34.0000143778683));
#1645=CARTESIAN_POINT('Ctrl Pts',(-0.577726199762945,20.422543625277,34.));
#1646=CARTESIAN_POINT('Ctrl Pts',(-2.76283782800432,20.4876492552526,34.));
#1647=CARTESIAN_POINT('Ctrl Pts',(-4.92446037439741,20.9217678033017,34.));
#1648=CARTESIAN_POINT('Ctrl Pts',(-8.59528320317384,22.3367873703621,34.));
#1649=CARTESIAN_POINT('Ctrl Pts',(-10.1282010818218,23.1808721405476,34.));
#1650=CARTESIAN_POINT('Ctrl Pts',(-11.5220881061775,24.2172179424477,34.));
#1651=CARTESIAN_POINT('',(-2.02652205526829,18.5,34.));
#1652=CARTESIAN_POINT('Origin',(-0.0265220552682877,18.5,34.));
#1653=CARTESIAN_POINT('',(0.529703049039262,20.4210951619789,33.9999796232144));
#1654=CARTESIAN_POINT('Origin',(-0.0265220552682877,18.5,34.));
#1655=CARTESIAN_POINT('',(11.5220881061775,24.2172179424477,34.0000000000004));
#1656=CARTESIAN_POINT('Ctrl Pts',(11.5220881061775,24.2172179424477,34.));
#1657=CARTESIAN_POINT('Ctrl Pts',(10.2419775319752,23.2654641802261,34.));
#1658=CARTESIAN_POINT('Ctrl Pts',(8.84425017409342,22.4756030378812,34.0000000000008));
#1659=CARTESIAN_POINT('Ctrl Pts',(5.19247119928897,20.9746591707119,34.0000000000008));
#1660=CARTESIAN_POINT('Ctrl Pts',(2.875780847529,20.4852299922278,34.));
#1661=CARTESIAN_POINT('Ctrl Pts',(0.529465334733032,20.4211657972819,34.));
#1662=CARTESIAN_POINT('Ctrl Pts',(12.25514921339,24.9774952037689,34.));
#1663=CARTESIAN_POINT('Ctrl Pts',(12.0141779573143,24.7146631561129,34.));
#1664=CARTESIAN_POINT('Ctrl Pts',(11.7695494042232,24.4611169792165,34.));
#1665=CARTESIAN_POINT('Ctrl Pts',(11.5220881061775,24.2172179424477,34.));
#1666=CARTESIAN_POINT('Ctrl Pts',(12.808799759259,50.3934384023487,34.));
#1667=CARTESIAN_POINT('Ctrl Pts',(13.1755727483295,49.9590951503537,34.));
#1668=CARTESIAN_POINT('Ctrl Pts',(13.5003023491728,49.537383102678,34.0000000001084));
#1669=CARTESIAN_POINT('Ctrl Pts',(15.0522151374735,47.3723763421176,34.0000000001084));
#1670=CARTESIAN_POINT('Ctrl Pts',(16.011909820439,45.418065022777,34.));
#1671=CARTESIAN_POINT('Ctrl Pts',(17.3146771740661,40.9795298611556,34.));
#1672=CARTESIAN_POINT('Ctrl Pts',(17.5424100718692,38.5154322756049,34.0000000001588));
#1673=CARTESIAN_POINT('Ctrl Pts',(17.0358152642375,33.5679376073036,34.0000000001588));
#1674=CARTESIAN_POINT('Ctrl Pts',(16.2831351037473,31.1454034835569,34.0000000004071));
#1675=CARTESIAN_POINT('Ctrl Pts',(14.4174098975322,27.7048047578251,34.0000000004071));
#1676=CARTESIAN_POINT('Ctrl Pts',(13.6438216887605,26.59541993494,34.));
#1677=CARTESIAN_POINT('Ctrl Pts',(12.8088000256936,25.6065629276965,34.));
#1678=CARTESIAN_POINT('',(11.5220881057916,51.7827830691111,34.0000000000004));
#1679=CARTESIAN_POINT('Ctrl Pts',(11.5220881057916,51.7827830691111,34.));
#1680=CARTESIAN_POINT('Ctrl Pts',(11.7802842617072,51.5283037058985,34.));
#1681=CARTESIAN_POINT('Ctrl Pts',(12.0244610244434,51.2741219215998,34.));
#1682=CARTESIAN_POINT('Ctrl Pts',(12.2551494078742,51.0225055972443,34.));
#1683=CARTESIAN_POINT('',(0.386235228810451,55.5810572238828,34.0001996778982));
#1684=CARTESIAN_POINT('Ctrl Pts',(0.386091662523593,55.5822195909765,34.));
#1685=CARTESIAN_POINT('Ctrl Pts',(2.63639211804554,55.5374229773939,34.));
#1686=CARTESIAN_POINT('Ctrl Pts',(4.86473662635933,55.1012553766293,34.));
#1687=CARTESIAN_POINT('Ctrl Pts',(8.59528320694756,53.6632136431544,34.));
#1688=CARTESIAN_POINT('Ctrl Pts',(10.1282010834848,52.8191288717948,34.));
#1689=CARTESIAN_POINT('Ctrl Pts',(11.5220881057916,51.7827830691111,34.));
#1690=CARTESIAN_POINT('',(-2.18146300688386,57.5,34.));
#1691=CARTESIAN_POINT('Origin',(-0.18146300688386,57.5,34.));
#1692=CARTESIAN_POINT('',(-0.71614741212319,55.572070264116,34.0001530482334));
#1693=CARTESIAN_POINT('Origin',(-0.18146300688386,57.5,34.));
#1694=CARTESIAN_POINT('',(-11.5220881057917,51.782783069111,34.0000000000004));
#1695=CARTESIAN_POINT('Ctrl Pts',(-11.5220881057916,51.782783069111,34.));
#1696=CARTESIAN_POINT('Ctrl Pts',(-10.2419775294926,52.7345368350104,34.));
#1697=CARTESIAN_POINT('Ctrl Pts',(-8.84425016884245,53.5243979803515,34.0000000000008));
#1698=CARTESIAN_POINT('Ctrl Pts',(-5.25011111984663,55.0016508494759,34.0000000000008));
#1699=CARTESIAN_POINT('Ctrl Pts',(-2.99869164032234,55.488499074995,34.));
#1700=CARTESIAN_POINT('Ctrl Pts',(-0.716280285385278,55.5728335695788,34.));
#1701=CARTESIAN_POINT('Ctrl Pts',(-12.2551493846103,51.0225056226186,34.));
#1702=CARTESIAN_POINT('Ctrl Pts',(-12.0141794164845,51.2853362712914,34.));
#1703=CARTESIAN_POINT('Ctrl Pts',(-11.7695509109688,51.5388825475988,34.));
#1704=CARTESIAN_POINT('Ctrl Pts',(-11.5220881057916,51.782783069111,34.));
#1705=CARTESIAN_POINT('Ctrl Pts',(-12.8088000256777,25.6065629276776,34.));
#1706=CARTESIAN_POINT('Ctrl Pts',(-13.1755714549729,26.0409043513269,34.));
#1707=CARTESIAN_POINT('Ctrl Pts',(-13.5003034153149,26.4626194001631,34.0000000001084));
#1708=CARTESIAN_POINT('Ctrl Pts',(-15.052215148359,28.6276246955921,34.0000000001084));
#1709=CARTESIAN_POINT('Ctrl Pts',(-16.0119098317009,30.5819360233681,34.));
#1710=CARTESIAN_POINT('Ctrl Pts',(-17.3146771790708,35.0204711951253,34.));
#1711=CARTESIAN_POINT('Ctrl Pts',(-17.5424100728076,37.4845687810715,34.0000000001588));
#1712=CARTESIAN_POINT('Ctrl Pts',(-17.0358152569076,42.4320634448361,34.0000000001588));
#1713=CARTESIAN_POINT('Ctrl Pts',(-16.2831350937207,44.8545975638824,34.0000000004071));
#1714=CARTESIAN_POINT('Ctrl Pts',(-14.4174118809213,48.2951925989585,34.0000000004071));
#1715=CARTESIAN_POINT('Ctrl Pts',(-13.6438136128017,49.4045906861394,34.));
#1716=CARTESIAN_POINT('Ctrl Pts',(-12.8087997592746,50.3934384023303,34.));
#1717=CARTESIAN_POINT('Origin',(-19.5,38.4063053131104,35.5));
#1718=CARTESIAN_POINT('',(-21.5,38.4063053131104,37.));
#1719=CARTESIAN_POINT('Origin',(-19.5,38.4063053131104,37.));
#1720=CARTESIAN_POINT('',(-21.5,38.4063053131104,35.5));
#1721=CARTESIAN_POINT('Origin',(19.5,37.696840763092,35.5));
#1722=CARTESIAN_POINT('',(17.5,37.696840763092,37.));
#1723=CARTESIAN_POINT('Origin',(19.5,37.696840763092,37.));
#1724=CARTESIAN_POINT('',(17.5,37.696840763092,35.5));
#1725=CARTESIAN_POINT('Origin',(-0.0265220552682877,18.5,35.5));
#1726=CARTESIAN_POINT('',(-2.02652205526829,18.5,37.));
#1727=CARTESIAN_POINT('Origin',(-0.0265220552682877,18.5,37.));
#1728=CARTESIAN_POINT('',(-2.02652205526829,18.5,35.5));
#1729=CARTESIAN_POINT('Origin',(-0.0265220552682877,18.5,34.));
#1730=CARTESIAN_POINT('Origin',(-0.0265220552682877,18.5,34.));
#1731=CARTESIAN_POINT('Ctrl Pts',(0.529940763345491,20.4210245266759,33.9999592464288));
#1732=CARTESIAN_POINT('Ctrl Pts',(0.495229876225178,20.4200990904379,33.9999612598116));
#1733=CARTESIAN_POINT('Ctrl Pts',(0.46051230716866,20.4192669354607,33.9999633437947));
#1734=CARTESIAN_POINT('Ctrl Pts',(0.425788436230648,20.4185280760831,33.9999654456073));
#1735=CARTESIAN_POINT('Ctrl Pts',(0.0910999709904748,20.4114065281551,33.9999857040762));
#1736=CARTESIAN_POINT('Ctrl Pts',(-0.24338283439299,20.4129671482623,34.0000076762352));
#1737=CARTESIAN_POINT('Ctrl Pts',(-0.577318172021089,20.4231074777367,34.0000287557365));
#1738=CARTESIAN_POINT('Origin',(-0.18146300688386,57.5,34.));
#1739=CARTESIAN_POINT('Ctrl Pts',(-0.716014538861102,55.5713069586533,34.0003060964668));
#1740=CARTESIAN_POINT('Ctrl Pts',(-0.619076719465008,55.5748078660425,34.0003159575452));
#1741=CARTESIAN_POINT('Ctrl Pts',(-0.522082857138107,55.5775840937037,34.0003257164399));
#1742=CARTESIAN_POINT('Ctrl Pts',(-0.425041139515879,55.5796352385469,34.0003349420496));
#1743=CARTESIAN_POINT('Ctrl Pts',(-0.154363165821512,55.5853564865162,34.0003606749963));
#1744=CARTESIAN_POINT('Ctrl Pts',(0.116169769938665,55.5854262631307,34.0003820335188));
#1745=CARTESIAN_POINT('Ctrl Pts',(0.386378795097309,55.579894856789,34.0003993557963));
#1746=CARTESIAN_POINT('Origin',(-0.18146300688386,57.5,34.));
#1747=CARTESIAN_POINT('Origin',(-0.18146300688386,57.5,35.5));
#1748=CARTESIAN_POINT('',(-2.18146300688386,57.5,37.));
#1749=CARTESIAN_POINT('Origin',(-0.18146300688386,57.5,37.));
#1750=CARTESIAN_POINT('',(-2.18146300688386,57.5,35.5));
#1751=CARTESIAN_POINT('Origin',(35.,-45.,41.));
#1752=CARTESIAN_POINT('',(40.,-45.,46.));
#1753=CARTESIAN_POINT('',(35.,-50.,46.));
#1754=CARTESIAN_POINT('Origin',(35.,-45.,46.));
#1755=CARTESIAN_POINT('',(35.,-50.,41.));
#1756=CARTESIAN_POINT('',(35.,-50.,41.));
#1757=CARTESIAN_POINT('',(40.,-45.,41.));
#1758=CARTESIAN_POINT('Origin',(35.,-45.,41.));
#1759=CARTESIAN_POINT('',(40.,-45.,41.));
#1760=CARTESIAN_POINT('Origin',(40.,-50.,41.));
#1761=CARTESIAN_POINT('',(40.,75.,41.));
#1762=CARTESIAN_POINT('',(40.,80.,41.));
#1763=CARTESIAN_POINT('',(40.,75.,46.));
#1764=CARTESIAN_POINT('',(40.,75.,41.));
#1765=CARTESIAN_POINT('',(40.,80.,46.));
#1766=CARTESIAN_POINT('Origin',(0.,15.,41.));
#1767=CARTESIAN_POINT('',(-35.,-50.,41.));
#1768=CARTESIAN_POINT('',(40.,-50.,41.));
#1769=CARTESIAN_POINT('',(-40.,-45.,41.));
#1770=CARTESIAN_POINT('Origin',(-35.,-45.,41.));
#1771=CARTESIAN_POINT('',(-40.,75.,41.));
#1772=CARTESIAN_POINT('',(-40.,-50.,41.));
#1773=CARTESIAN_POINT('',(-35.,80.,41.));
#1774=CARTESIAN_POINT('Origin',(-35.,75.,41.));
#1775=CARTESIAN_POINT('',(35.,80.,41.));
#1776=CARTESIAN_POINT('',(-40.,80.,41.));
#1777=CARTESIAN_POINT('Origin',(35.,75.,41.));
#1778=CARTESIAN_POINT('',(-10.0000001490116,-15.,41.));
#1779=CARTESIAN_POINT('',(-10.0000001490116,-12.,41.));
#1780=CARTESIAN_POINT('Origin',(-10.0000001490116,-13.5,41.));
#1781=CARTESIAN_POINT('',(10.0000001490116,-15.,41.));
#1782=CARTESIAN_POINT('',(10.0000001490116,-15.,41.));
#1783=CARTESIAN_POINT('',(10.0000001490116,-12.,41.));
#1784=CARTESIAN_POINT('Origin',(10.0000001490116,-13.5,41.));
#1785=CARTESIAN_POINT('',(-10.0000001490116,-12.,41.));
#1786=CARTESIAN_POINT('',(-5.,-20.,41.));
#1787=CARTESIAN_POINT('',(-5.,-17.,41.));
#1788=CARTESIAN_POINT('Origin',(-5.,-18.5,41.));
#1789=CARTESIAN_POINT('',(5.,-20.,41.));
#1790=CARTESIAN_POINT('',(5.,-20.,41.));
#1791=CARTESIAN_POINT('',(5.,-17.,41.));
#1792=CARTESIAN_POINT('Origin',(5.,-18.5,41.));
#1793=CARTESIAN_POINT('',(-5.,-17.,41.));
#1794=CARTESIAN_POINT('',(-5.00000007450581,-9.99999999999999,41.));
#1795=CARTESIAN_POINT('',(-5.00000007450581,-6.99999999999999,41.));
#1796=CARTESIAN_POINT('Origin',(-5.00000007450581,-8.49999999999999,41.));
#1797=CARTESIAN_POINT('',(5.00000007450581,-9.99999999999999,41.));
#1798=CARTESIAN_POINT('',(-5.00000007450581,-9.99999999999999,41.));
#1799=CARTESIAN_POINT('',(5.00000007450581,-6.99999999999999,41.));
#1800=CARTESIAN_POINT('Origin',(5.00000007450581,-8.49999999999999,41.));
#1801=CARTESIAN_POINT('',(-5.00000007450581,-6.99999999999999,41.));
#1802=CARTESIAN_POINT('',(-33.,-45.,41.));
#1803=CARTESIAN_POINT('Origin',(-35.,-45.,41.));
#1804=CARTESIAN_POINT('',(37.,75.,41.));
#1805=CARTESIAN_POINT('Origin',(35.,75.,41.));
#1806=CARTESIAN_POINT('',(-33.,75.,41.));
#1807=CARTESIAN_POINT('Origin',(-35.,75.,41.));
#1808=CARTESIAN_POINT('',(37.,-45.,41.));
#1809=CARTESIAN_POINT('Origin',(35.,-45.,41.));
#1810=CARTESIAN_POINT('',(-23.,38.0000005662441,41.));
#1811=CARTESIAN_POINT('Origin',(0.,38.0000005662441,41.));
#1812=CARTESIAN_POINT('Origin',(-35.,-45.,41.));
#1813=CARTESIAN_POINT('',(-35.,-50.,46.));
#1814=CARTESIAN_POINT('',(-40.,-45.,46.));
#1815=CARTESIAN_POINT('Origin',(-35.,-45.,46.));
#1816=CARTESIAN_POINT('',(-40.,-45.,41.));
#1817=CARTESIAN_POINT('',(-35.,-50.,41.));
#1818=CARTESIAN_POINT('Origin',(-40.,80.,41.));
#1819=CARTESIAN_POINT('',(-40.,75.,46.));
#1820=CARTESIAN_POINT('',(-40.,-50.,46.));
#1821=CARTESIAN_POINT('',(-40.,75.,41.));
#1822=CARTESIAN_POINT('Origin',(-35.,75.,41.));
#1823=CARTESIAN_POINT('',(-35.,80.,46.));
#1824=CARTESIAN_POINT('Origin',(-35.,75.,46.));
#1825=CARTESIAN_POINT('',(-35.,80.,41.));
#1826=CARTESIAN_POINT('Origin',(35.,75.,41.));
#1827=CARTESIAN_POINT('',(35.,80.,46.));
#1828=CARTESIAN_POINT('Origin',(35.,75.,46.));
#1829=CARTESIAN_POINT('',(35.,80.,41.));
#1830=CARTESIAN_POINT('Origin',(0.,38.0000005662441,42.));
#1831=CARTESIAN_POINT('',(17.,38.0000005662441,42.));
#1832=CARTESIAN_POINT('Origin',(0.,38.0000005662441,42.));
#1833=CARTESIAN_POINT('',(17.,38.0000005662441,37.));
#1834=CARTESIAN_POINT('',(17.,38.0000005662441,42.));
#1835=CARTESIAN_POINT('Origin',(0.,38.0000005662441,37.));
#1836=CARTESIAN_POINT('Origin',(0.,38.0000005662441,42.));
#1837=CARTESIAN_POINT('',(22.,38.0000005662441,42.));
#1838=CARTESIAN_POINT('Origin',(0.,38.0000005662441,42.));
#1839=CARTESIAN_POINT('',(22.,38.0000005662441,37.));
#1840=CARTESIAN_POINT('',(22.,38.0000005662441,42.));
#1841=CARTESIAN_POINT('Origin',(0.,38.0000005662441,37.));
#1842=CARTESIAN_POINT('Origin',(0.,38.0000005662441,37.));
#1843=CARTESIAN_POINT('Origin',(0.,38.0000005662441,42.));
#1844=CARTESIAN_POINT('',(-23.,38.0000005662441,42.));
#1845=CARTESIAN_POINT('Origin',(0.,38.0000005662441,42.));
#1846=CARTESIAN_POINT('Origin',(0.,38.0000005662441,42.));
#1847=CARTESIAN_POINT('',(-23.,38.0000005662441,42.));
#1848=CARTESIAN_POINT('Ctrl Pts',(-13.2459777577411,50.320638984178,34.3160269647115));
#1849=CARTESIAN_POINT('Ctrl Pts',(-13.1816003707755,50.48186286079,32.0684639038384));
#1850=CARTESIAN_POINT('Ctrl Pts',(-13.0199249183346,50.8338299794586,29.1417722069036));
#1851=CARTESIAN_POINT('Ctrl Pts',(-12.6046642400659,51.4321098820945,23.4396310951064));
#1852=CARTESIAN_POINT('Ctrl Pts',(-12.1550081872286,51.8796878690482,16.012695920598));
#1853=CARTESIAN_POINT('Ctrl Pts',(-12.,52.,6.29858396437866));
#1854=CARTESIAN_POINT('Ctrl Pts',(-12.,52.,0.));
#1855=CARTESIAN_POINT('Ctrl Pts',(-11.2693396175615,52.2221393672787,34.211599589456));
#1856=CARTESIAN_POINT('Ctrl Pts',(-11.1661144970228,52.2261782074915,31.9196148935764));
#1857=CARTESIAN_POINT('Ctrl Pts',(-10.9288465026411,52.2343015497503,28.9345239972306));
#1858=CARTESIAN_POINT('Ctrl Pts',(-10.4210755975386,52.1875544226306,23.2656676950751));
#1859=CARTESIAN_POINT('Ctrl Pts',(-9.90802995075085,52.0733556424813,15.9394603586629));
#1860=CARTESIAN_POINT('Ctrl Pts',(-9.71428571428572,52.,6.27741686184456));
#1861=CARTESIAN_POINT('Ctrl Pts',(-9.71428571428572,52.,0.));
#1862=CARTESIAN_POINT('Ctrl Pts',(-7.61487510290929,54.4217776550609,34.0741730112267));
#1863=CARTESIAN_POINT('Ctrl Pts',(-7.51222775001572,54.230597198355,31.730015580035));
#1864=CARTESIAN_POINT('Ctrl Pts',(-7.28913984913178,53.8118292817767,28.6941392942883));
#1865=CARTESIAN_POINT('Ctrl Pts',(-6.87007553873585,53.0437075935317,23.077075606992));
#1866=CARTESIAN_POINT('Ctrl Pts',(-6.45287913305301,52.3008713211488,15.8538744168285));
#1867=CARTESIAN_POINT('Ctrl Pts',(-6.28571428571429,52.,6.25289056579828));
#1868=CARTESIAN_POINT('Ctrl Pts',(-6.28571428571429,52.,0.));
#1869=CARTESIAN_POINT('Ctrl Pts',(-0.739029729347919,55.9244687246758,33.9787270866384));
#1870=CARTESIAN_POINT('Ctrl Pts',(-0.724491848881475,55.5905700363428,31.6012098705346));
#1871=CARTESIAN_POINT('Ctrl Pts',(-0.694518140240597,54.8761768813313,28.5422820084888));
#1872=CARTESIAN_POINT('Ctrl Pts',(-0.643046372625176,53.6247682701913,22.9565429661935));
#1873=CARTESIAN_POINT('Ctrl Pts',(-0.592648721121521,52.4559339973176,15.7951825882794));
#1874=CARTESIAN_POINT('Ctrl Pts',(-0.571428571428571,52.,6.23589657905525));
#1875=CARTESIAN_POINT('Ctrl Pts',(-0.571428571428571,52.,0.));
#1876=CARTESIAN_POINT('Ctrl Pts',(6.39557665330725,55.160554084751,34.0278549909136));
#1877=CARTESIAN_POINT('Ctrl Pts',(6.29325886422983,54.901429382455,31.6666688094643));
#1878=CARTESIAN_POINT('Ctrl Pts',(6.07581453217334,54.3390512000884,28.6161518660183));
#1879=CARTESIAN_POINT('Ctrl Pts',(5.68620951960943,53.3302540710855,23.01551564729));
#1880=CARTESIAN_POINT('Ctrl Pts',(5.30096138489681,52.3769653852113,15.8249923546199));
#1881=CARTESIAN_POINT('Ctrl Pts',(5.14285714285714,52.,6.24457120929008));
#1882=CARTESIAN_POINT('Ctrl Pts',(5.14285714285714,52.,0.));
#1883=CARTESIAN_POINT('Ctrl Pts',(11.2693396175615,52.2221393672787,34.211599589456));
#1884=CARTESIAN_POINT('Ctrl Pts',(11.1659802850325,52.2276490704798,31.9193738209477));
#1885=CARTESIAN_POINT('Ctrl Pts',(10.9285258245956,52.2350498134313,28.9335816566301));
#1886=CARTESIAN_POINT('Ctrl Pts',(10.4208868263425,52.1881256355811,23.2651565716289));
#1887=CARTESIAN_POINT('Ctrl Pts',(9.90805843775314,52.0737383321321,15.9398053796417));
#1888=CARTESIAN_POINT('Ctrl Pts',(9.71428571428572,52.,6.277486298381));
#1889=CARTESIAN_POINT('Ctrl Pts',(9.71428571428572,52.,0.));
#1890=CARTESIAN_POINT('Ctrl Pts',(13.2459777577411,50.320638984178,34.3160269647115));
#1891=CARTESIAN_POINT('Ctrl Pts',(13.1816003707755,50.48186286079,32.0684639038384));
#1892=CARTESIAN_POINT('Ctrl Pts',(13.0199249183346,50.8338299794586,29.1417722069036));
#1893=CARTESIAN_POINT('Ctrl Pts',(12.6046642400659,51.4321098820945,23.4396310951064));
#1894=CARTESIAN_POINT('Ctrl Pts',(12.1550081872286,51.8796878690482,16.012695920598));
#1895=CARTESIAN_POINT('Ctrl Pts',(12.,52.,6.29858396437866));
#1896=CARTESIAN_POINT('Ctrl Pts',(12.,52.,0.));
#1897=CARTESIAN_POINT('',(12.,52.,0.));
#1898=CARTESIAN_POINT('Ctrl Pts',(11.5220881057916,51.7827830691111,34.0000000000008));
#1899=CARTESIAN_POINT('Ctrl Pts',(11.5237122241657,51.7604288492999,32.2475129974321));
#1900=CARTESIAN_POINT('Ctrl Pts',(11.5294786067085,51.7350983850278,30.7368144661638));
#1901=CARTESIAN_POINT('Ctrl Pts',(11.6024554739123,51.6723600517737,24.2734068160199));
#1902=CARTESIAN_POINT('Ctrl Pts',(11.7159619363538,51.7443101201569,21.3909254527631));
#1903=CARTESIAN_POINT('Ctrl Pts',(11.9592673295003,51.9514397433465,10.0226852429498));
#1904=CARTESIAN_POINT('Ctrl Pts',(12.,52.,5.502314189636));
#1905=CARTESIAN_POINT('Ctrl Pts',(12.,52.,-2.22044604925031E-15));
#1906=CARTESIAN_POINT('',(-12.,52.,0.));
#1907=CARTESIAN_POINT('Ctrl Pts',(12.,52.,0.));
#1908=CARTESIAN_POINT('Ctrl Pts',(9.71428571428572,52.,0.));
#1909=CARTESIAN_POINT('Ctrl Pts',(5.14285714285714,52.,0.));
#1910=CARTESIAN_POINT('Ctrl Pts',(-0.571428571428571,52.,0.));
#1911=CARTESIAN_POINT('Ctrl Pts',(-6.28571428571429,52.,0.));
#1912=CARTESIAN_POINT('Ctrl Pts',(-9.71428571428572,52.,0.));
#1913=CARTESIAN_POINT('Ctrl Pts',(-12.,52.,0.));
#1914=CARTESIAN_POINT('Ctrl Pts',(-11.5220881057916,51.7827830691111,34.0000000000008));
#1915=CARTESIAN_POINT('Ctrl Pts',(-11.5236987443771,51.7606143839032,32.2620582145548));
#1916=CARTESIAN_POINT('Ctrl Pts',(-11.5293911501119,51.7355336603957,30.7621346830952));
#1917=CARTESIAN_POINT('Ctrl Pts',(-11.6010568947837,51.6725016221499,24.3455026258218));
#1918=CARTESIAN_POINT('Ctrl Pts',(-11.7126772702146,51.7420047853076,21.4999851452435));
#1919=CARTESIAN_POINT('Ctrl Pts',(-11.9585987350176,51.9503459509212,10.101371291453));
#1920=CARTESIAN_POINT('Ctrl Pts',(-12.,52.,5.56299491672389));
#1921=CARTESIAN_POINT('Ctrl Pts',(-12.,52.,2.22044604925031E-15));
#1922=CARTESIAN_POINT('Ctrl Pts',(10.1123412711873,53.0188456457225,34.4526835859933));
#1923=CARTESIAN_POINT('Ctrl Pts',(10.3093462209656,52.9752752720931,32.1889193749481));
#1924=CARTESIAN_POINT('Ctrl Pts',(10.9052970367396,52.7963439106913,28.2759336016718));
#1925=CARTESIAN_POINT('Ctrl Pts',(11.7883949076892,52.1861741582444,19.8700149278432));
#1926=CARTESIAN_POINT('Ctrl Pts',(12.,52.,9.49635499198339));
#1927=CARTESIAN_POINT('Ctrl Pts',(12.,52.,0.));
#1928=CARTESIAN_POINT('Ctrl Pts',(10.6371597176593,52.6059257660205,34.4181235363531));
#1929=CARTESIAN_POINT('Ctrl Pts',(10.7925747883229,52.5385613693969,32.139093384596));
#1930=CARTESIAN_POINT('Ctrl Pts',(11.2575101257184,52.2935056124138,28.2012425425592));
#1931=CARTESIAN_POINT('Ctrl Pts',(11.8882849595995,51.5771439864244,19.837310557649));
#1932=CARTESIAN_POINT('Ctrl Pts',(12.0011881708092,51.3337560063103,9.48885165436965));
#1933=CARTESIAN_POINT('Ctrl Pts',(12.,51.3333333333333,0.));
#1934=CARTESIAN_POINT('Ctrl Pts',(11.1411094252733,52.1622186821354,34.3841657612895));
#1935=CARTESIAN_POINT('Ctrl Pts',(11.255188153388,52.0733025785242,32.0906014634026));
#1936=CARTESIAN_POINT('Ctrl Pts',(11.5922716986944,51.7691918417703,28.129739787623));
#1937=CARTESIAN_POINT('Ctrl Pts',(11.9843576180543,50.9621194168918,19.8067386896523));
#1938=CARTESIAN_POINT('Ctrl Pts',(12.0015083153394,50.6672731140647,9.48073274641122));
#1939=CARTESIAN_POINT('Ctrl Pts',(12.,50.6666666666667,0.));
#1940=CARTESIAN_POINT('Ctrl Pts',(11.7646680637959,51.5492169913751,34.3417247563124));
#1941=CARTESIAN_POINT('Ctrl Pts',(11.8267220921027,51.4346482036074,32.0298424220383));
#1942=CARTESIAN_POINT('Ctrl Pts',(12.0030742323446,51.0638211192764,28.0432487148152));
#1943=CARTESIAN_POINT('Ctrl Pts',(12.1035009063198,50.1550979786835,19.7688348292338));
#1944=CARTESIAN_POINT('Ctrl Pts',(12.0024658429523,49.8007181771817,9.47116527158808));
#1945=CARTESIAN_POINT('Ctrl Pts',(12.,49.8,0.));
#1946=CARTESIAN_POINT('Ctrl Pts',(12.0505089086403,51.2597601864577,34.3223456690063));
#1947=CARTESIAN_POINT('Ctrl Pts',(12.0860038152468,51.136057079039,32.0022072697067));
#1948=CARTESIAN_POINT('Ctrl Pts',(12.184142838713,50.7463375757566,28.0036995115071));
#1949=CARTESIAN_POINT('Ctrl Pts',(12.1587665494434,49.7921768300295,19.7511499437103));
#1950=CARTESIAN_POINT('Ctrl Pts',(12.0029654137915,49.3999627259181,9.46671532441711));
#1951=CARTESIAN_POINT('Ctrl Pts',(12.,49.4,0.));
#1952=CARTESIAN_POINT('Ctrl Pts',(12.6269081146374,50.6385852455567,34.2845422498956));
#1953=CARTESIAN_POINT('Ctrl Pts',(12.6109338107695,50.4980290577271,31.9483721641454));
#1954=CARTESIAN_POINT('Ctrl Pts',(12.5545486666841,50.0708955858404,27.9273905535407));
#1955=CARTESIAN_POINT('Ctrl Pts',(12.2693082771195,49.0482640459275,19.7155729802865));
#1956=CARTESIAN_POINT('Ctrl Pts',(12.0040815657014,48.5992436915127,9.45792243475413));
#1957=CARTESIAN_POINT('Ctrl Pts',(12.,48.6,0.));
#1958=CARTESIAN_POINT('Ctrl Pts',(13.6300480016321,49.4443294340731,34.2212296176889));
#1959=CARTESIAN_POINT('Ctrl Pts',(13.5237856443732,49.2827788684433,31.8590181208683));
#1960=CARTESIAN_POINT('Ctrl Pts',(13.1987906621357,48.8113804016993,27.8017037321111));
#1961=CARTESIAN_POINT('Ctrl Pts',(12.4613108282449,47.7202086241895,19.6540566645548));
#1962=CARTESIAN_POINT('Ctrl Pts',(12.0054145121236,47.1983323999538,9.44207698634295));
#1963=CARTESIAN_POINT('Ctrl Pts',(12.,47.2,0.));
#1964=CARTESIAN_POINT('Ctrl Pts',(15.539463463676,46.6319797646021,34.1082674710351));
#1965=CARTESIAN_POINT('Ctrl Pts',(15.2607001852899,46.4602846451104,31.7014480179908));
#1966=CARTESIAN_POINT('Ctrl Pts',(14.4308838796863,45.9784882808899,27.5887189950059));
#1967=CARTESIAN_POINT('Ctrl Pts',(12.8261473180755,44.9443835272549,19.5393382915381));
#1968=CARTESIAN_POINT('Ctrl Pts',(12.0063932208135,44.3990463747338,9.41071119020821));
#1969=CARTESIAN_POINT('Ctrl Pts',(12.,44.4,0.));
#1970=CARTESIAN_POINT('Ctrl Pts',(17.4914666005607,41.4774448134684,34.0027816598459));
#1971=CARTESIAN_POINT('Ctrl Pts',(17.0279345574655,41.3886504713787,31.5589861710353));
#1972=CARTESIAN_POINT('Ctrl Pts',(15.6906841062557,41.1491429296086,27.415219080568));
#1973=CARTESIAN_POINT('Ctrl Pts',(13.2041456844882,40.6678944501243,19.4304491065774));
#1974=CARTESIAN_POINT('Ctrl Pts',(12.0043458776604,40.4004224575225,9.37621779089599));
#1975=CARTESIAN_POINT('Ctrl Pts',(12.,40.4,0.));
#1976=CARTESIAN_POINT('Ctrl Pts',(17.4886972057402,34.5232044873394,34.0028206397952));
#1977=CARTESIAN_POINT('Ctrl Pts',(17.0256453189646,34.6113086338867,31.5590530909985));
#1978=CARTESIAN_POINT('Ctrl Pts',(15.6893067472684,34.8509667267724,27.4154870358904));
#1979=CARTESIAN_POINT('Ctrl Pts',(13.203680720723,35.3320098370948,19.4306964683899));
#1980=CARTESIAN_POINT('Ctrl Pts',(12.0041870211794,35.5995518906962,9.37612099619378));
#1981=CARTESIAN_POINT('Ctrl Pts',(12.,35.6,0.));
#1982=CARTESIAN_POINT('Ctrl Pts',(15.1475201529105,28.3351303635791,34.1294466915294));
#1983=CARTESIAN_POINT('Ctrl Pts',(14.9041921663927,28.5212857373279,31.7318479185022));
#1984=CARTESIAN_POINT('Ctrl Pts',(14.1755731301023,29.0512558209441,27.6218429009262));
#1985=CARTESIAN_POINT('Ctrl Pts',(12.7506324371676,30.1956914504058,19.5622768997247));
#1986=CARTESIAN_POINT('Ctrl Pts',(12.0041630830316,30.8022502787804,9.41523347757374));
#1987=CARTESIAN_POINT('Ctrl Pts',(12.,30.8,0.));
#1988=CARTESIAN_POINT('Ctrl Pts',(12.761476901917,25.4312868910093,34.2731859302111));
#1989=CARTESIAN_POINT('Ctrl Pts',(12.7328704918017,25.5816170764212,31.9317534224586));
#1990=CARTESIAN_POINT('Ctrl Pts',(12.6390390506276,26.0310592683036,27.9030531456978));
#1991=CARTESIAN_POINT('Ctrl Pts',(12.2961614862167,27.1143781050023,19.7073007363255));
#1992=CARTESIAN_POINT('Ctrl Pts',(12.0044394922226,27.601657596325,9.45594167465586));
#1993=CARTESIAN_POINT('Ctrl Pts',(12.,27.6,0.));
#1994=CARTESIAN_POINT('Ctrl Pts',(11.1438181241899,23.8403765974711,34.3841675453758));
#1995=CARTESIAN_POINT('Ctrl Pts',(11.2601497929686,23.9311371193988,32.090268426872));
#1996=CARTESIAN_POINT('Ctrl Pts',(11.5997641258795,24.2428300320108,28.13003874409));
#1997=CARTESIAN_POINT('Ctrl Pts',(11.9842369794543,25.0472123324314,19.8065467580984));
#1998=CARTESIAN_POINT('Ctrl Pts',(12.0019899491636,25.3320765596052,9.48121072405806));
#1999=CARTESIAN_POINT('Ctrl Pts',(12.,25.3333333333333,0.));
#2000=CARTESIAN_POINT('Ctrl Pts',(10.6371597168977,23.3940752590059,34.4181235900528));
#2001=CARTESIAN_POINT('Ctrl Pts',(10.7925747870646,23.4614395748817,32.139093456541));
#2002=CARTESIAN_POINT('Ctrl Pts',(11.2575101228579,23.7064950957689,28.2012426171016));
#2003=CARTESIAN_POINT('Ctrl Pts',(11.8882849601792,24.422856239698,19.8373105541705));
#2004=CARTESIAN_POINT('Ctrl Pts',(12.0011881709575,24.6662439934638,9.48885165436769));
#2005=CARTESIAN_POINT('Ctrl Pts',(12.,24.6666666666667,0.));
#2006=CARTESIAN_POINT('Ctrl Pts',(10.112341269859,22.9811553801457,34.4526836411523));
#2007=CARTESIAN_POINT('Ctrl Pts',(10.3093462184939,23.0247256740568,32.1889194489387));
#2008=CARTESIAN_POINT('Ctrl Pts',(10.905297031418,23.2036567989818,28.2759336784714));
#2009=CARTESIAN_POINT('Ctrl Pts',(11.7883949087487,23.8138260673175,19.870014924319));
#2010=CARTESIAN_POINT('Ctrl Pts',(12.,24.,9.49635499198339));
#2011=CARTESIAN_POINT('Ctrl Pts',(12.,24.,0.));
#2012=CARTESIAN_POINT('',(12.,24.,0.));
#2013=CARTESIAN_POINT('Ctrl Pts',(12.,24.,-5.55111512312578E-16));
#2014=CARTESIAN_POINT('Ctrl Pts',(12.,24.,5.56299449443359));
#2015=CARTESIAN_POINT('Ctrl Pts',(11.9585987638323,24.0496540459202,10.1013699563055));
#2016=CARTESIAN_POINT('Ctrl Pts',(11.7126772820585,24.2579955239216,21.4999845976027));
#2017=CARTESIAN_POINT('Ctrl Pts',(11.6010568893719,24.3274988642124,24.3455031070843));
#2018=CARTESIAN_POINT('Ctrl Pts',(11.529391136401,24.2644671907138,30.7621360169702));
#2019=CARTESIAN_POINT('Ctrl Pts',(11.5236987448213,24.2393865606381,32.2620583917018));
#2020=CARTESIAN_POINT('Ctrl Pts',(11.5220881061775,24.2172179424477,34.0000000000008));
#2021=CARTESIAN_POINT('Ctrl Pts',(12.,24.,0.));
#2022=CARTESIAN_POINT('Ctrl Pts',(12.,24.6666666666667,0.));
#2023=CARTESIAN_POINT('Ctrl Pts',(12.,25.3333333333333,0.));
#2024=CARTESIAN_POINT('Ctrl Pts',(12.,27.6,0.));
#2025=CARTESIAN_POINT('Ctrl Pts',(12.,30.8,0.));
#2026=CARTESIAN_POINT('Ctrl Pts',(12.,35.6,0.));
#2027=CARTESIAN_POINT('Ctrl Pts',(12.,40.4,0.));
#2028=CARTESIAN_POINT('Ctrl Pts',(12.,44.4,0.));
#2029=CARTESIAN_POINT('Ctrl Pts',(12.,47.2,0.));
#2030=CARTESIAN_POINT('Ctrl Pts',(12.,48.6,0.));
#2031=CARTESIAN_POINT('Ctrl Pts',(12.,49.4,0.));
#2032=CARTESIAN_POINT('Ctrl Pts',(12.,49.8,0.));
#2033=CARTESIAN_POINT('Ctrl Pts',(12.,50.6666666666667,0.));
#2034=CARTESIAN_POINT('Ctrl Pts',(12.,51.3333333333333,0.));
#2035=CARTESIAN_POINT('Ctrl Pts',(12.,52.,0.));
#2036=CARTESIAN_POINT('Ctrl Pts',(10.2429503946317,25.7084600926861,41.));
#2037=CARTESIAN_POINT('Ctrl Pts',(10.2429503946317,25.7084600926861,27.3333333333333));
#2038=CARTESIAN_POINT('Ctrl Pts',(10.,26.,27.3333333333333));
#2039=CARTESIAN_POINT('Ctrl Pts',(10.,26.,0.));
#2040=CARTESIAN_POINT('Ctrl Pts',(8.61639732026945,24.3529991973843,41.));
#2041=CARTESIAN_POINT('Ctrl Pts',(8.61639732026945,24.3529991973843,27.3333333333333));
#2042=CARTESIAN_POINT('Ctrl Pts',(8.09523809523809,26.,27.3333333333334));
#2043=CARTESIAN_POINT('Ctrl Pts',(8.09523809523809,26.,0.));
#2044=CARTESIAN_POINT('Ctrl Pts',(4.82133990572459,22.3026154911332,41.));
#2045=CARTESIAN_POINT('Ctrl Pts',(4.82133990572459,22.3026154911332,27.3333333333333));
#2046=CARTESIAN_POINT('Ctrl Pts',(4.28571428571429,26.,27.3333333333333));
#2047=CARTESIAN_POINT('Ctrl Pts',(4.28571428571429,26.,0.));
#2048=CARTESIAN_POINT('Ctrl Pts',(-2.70461143331559,21.5427902478794,41.));
#2049=CARTESIAN_POINT('Ctrl Pts',(-2.70461143331559,21.5427902478794,27.3333333333333));
#2050=CARTESIAN_POINT('Ctrl Pts',(-2.38095238095238,26.,27.3333333333334));
#2051=CARTESIAN_POINT('Ctrl Pts',(-2.38095238095238,26.,0.));
#2052=CARTESIAN_POINT('Ctrl Pts',(-7.80312078308834,23.6752687497333,41.));
#2053=CARTESIAN_POINT('Ctrl Pts',(-7.80312078308834,23.6752687497333,27.3333333333333));
#2054=CARTESIAN_POINT('Ctrl Pts',(-7.14285714285714,26.,27.3333333333333));
#2055=CARTESIAN_POINT('Ctrl Pts',(-7.14285714285714,26.,0.));
#2056=CARTESIAN_POINT('Ctrl Pts',(-10.2429503946317,25.7084600926861,41.));
#2057=CARTESIAN_POINT('Ctrl Pts',(-10.2429503946317,25.7084600926861,27.3333333333333));
#2058=CARTESIAN_POINT('Ctrl Pts',(-10.,26.,27.3333333333333));
#2059=CARTESIAN_POINT('Ctrl Pts',(-10.,26.,0.));
#2060=CARTESIAN_POINT('',(10.2429503946317,25.7084600926861,41.));
#2061=CARTESIAN_POINT('',(-10.2429503946317,25.7084600926861,41.));
#2062=CARTESIAN_POINT('Origin',(0.,38.0000005662441,41.));
#2063=CARTESIAN_POINT('',(10.,26.,0.));
#2064=CARTESIAN_POINT('Ctrl Pts',(10.2429503946317,25.7084600926861,41.));
#2065=CARTESIAN_POINT('Ctrl Pts',(10.2429503946317,25.7084600926861,27.3333333333333));
#2066=CARTESIAN_POINT('Ctrl Pts',(10.,26.,27.3333333333333));
#2067=CARTESIAN_POINT('Ctrl Pts',(10.,26.,0.));
#2068=CARTESIAN_POINT('',(-10.,26.,0.));
#2069=CARTESIAN_POINT('',(10.,26.,0.));
#2070=CARTESIAN_POINT('Ctrl Pts',(-10.2429503946317,25.7084600926861,41.));
#2071=CARTESIAN_POINT('Ctrl Pts',(-10.2429503946317,25.7084600926861,27.3333333333333));
#2072=CARTESIAN_POINT('Ctrl Pts',(-10.,26.,27.3333333333333));
#2073=CARTESIAN_POINT('Ctrl Pts',(-10.,26.,0.));
#2074=CARTESIAN_POINT('Ctrl Pts',(-10.2429503946317,25.7084600926861,41.));
#2075=CARTESIAN_POINT('Ctrl Pts',(-10.2429503946317,25.7084600926861,27.3333333333333));
#2076=CARTESIAN_POINT('Ctrl Pts',(-10.,26.,27.3333333333333));
#2077=CARTESIAN_POINT('Ctrl Pts',(-10.,26.,0.));
#2078=CARTESIAN_POINT('Ctrl Pts',(-11.0562269318128,26.386190540337,41.));
#2079=CARTESIAN_POINT('Ctrl Pts',(-11.0562269318128,26.386190540337,27.3333333333333));
#2080=CARTESIAN_POINT('Ctrl Pts',(-10.,27.1428571428571,27.3333333333333));
#2081=CARTESIAN_POINT('Ctrl Pts',(-10.,27.1428571428571,0.));
#2082=CARTESIAN_POINT('Ctrl Pts',(-12.7313279956619,28.0603395413165,41.));
#2083=CARTESIAN_POINT('Ctrl Pts',(-12.7313279956619,28.0603395413165,27.3333333333333));
#2084=CARTESIAN_POINT('Ctrl Pts',(-10.,29.4285714285714,27.3333333333333));
#2085=CARTESIAN_POINT('Ctrl Pts',(-10.,29.4285714285714,0.));
#2086=CARTESIAN_POINT('Ctrl Pts',(-14.844926321407,31.5418484774365,41.));
#2087=CARTESIAN_POINT('Ctrl Pts',(-14.844926321407,31.5418484774365,27.3333333333333));
#2088=CARTESIAN_POINT('Ctrl Pts',(-10.,32.8571428571429,27.3333333333334));
#2089=CARTESIAN_POINT('Ctrl Pts',(-10.,32.8571428571429,0.));
#2090=CARTESIAN_POINT('Ctrl Pts',(-16.047739997256,35.7546367164338,41.));
#2091=CARTESIAN_POINT('Ctrl Pts',(-16.047739997256,35.7546367164338,27.3333333333333));
#2092=CARTESIAN_POINT('Ctrl Pts',(-10.,36.2857142857143,27.3333333333333));
#2093=CARTESIAN_POINT('Ctrl Pts',(-10.,36.2857142857143,0.));
#2094=CARTESIAN_POINT('Ctrl Pts',(-16.0567299204407,40.9984978142036,41.));
#2095=CARTESIAN_POINT('Ctrl Pts',(-16.0567299204407,40.9984978142036,27.3333333333333));
#2096=CARTESIAN_POINT('Ctrl Pts',(-10.,40.2857142857143,27.3333333333333));
#2097=CARTESIAN_POINT('Ctrl Pts',(-10.,40.2857142857143,0.));
#2098=CARTESIAN_POINT('Ctrl Pts',(-14.5297483639098,45.1260560365317,41.));
#2099=CARTESIAN_POINT('Ctrl Pts',(-14.5297483639098,45.1260560365317,27.3333333333333));
#2100=CARTESIAN_POINT('Ctrl Pts',(-10.,43.7142857142857,27.3333333333333));
#2101=CARTESIAN_POINT('Ctrl Pts',(-10.,43.7142857142857,0.));
#2102=CARTESIAN_POINT('Ctrl Pts',(-12.3090975364441,48.3536554918854,41.));
#2103=CARTESIAN_POINT('Ctrl Pts',(-12.3090975364441,48.3536554918854,27.3333333333333));
#2104=CARTESIAN_POINT('Ctrl Pts',(-10.,47.1428571428571,27.3333333333333));
#2105=CARTESIAN_POINT('Ctrl Pts',(-10.,47.1428571428571,0.));
#2106=CARTESIAN_POINT('Ctrl Pts',(-11.0562269318128,49.6138105921512,41.));
#2107=CARTESIAN_POINT('Ctrl Pts',(-11.0562269318128,49.6138105921512,27.3333333333333));
#2108=CARTESIAN_POINT('Ctrl Pts',(-10.,48.8571428571429,27.3333333333333));
#2109=CARTESIAN_POINT('Ctrl Pts',(-10.,48.8571428571429,0.));
#2110=CARTESIAN_POINT('Ctrl Pts',(-10.2429503946317,50.2915410398021,41.));
#2111=CARTESIAN_POINT('Ctrl Pts',(-10.2429503946317,50.2915410398021,27.3333333333333));
#2112=CARTESIAN_POINT('Ctrl Pts',(-10.,50.,27.3333333333333));
#2113=CARTESIAN_POINT('Ctrl Pts',(-10.,50.,0.));
#2114=CARTESIAN_POINT('',(-16.,38.0000005662441,41.));
#2115=CARTESIAN_POINT('Origin',(0.,38.0000005662441,41.));
#2116=CARTESIAN_POINT('',(-10.,50.,0.));
#2117=CARTESIAN_POINT('',(-10.,26.,0.));
#2118=CARTESIAN_POINT('',(-10.2429503946317,50.2915410398021,41.));
#2119=CARTESIAN_POINT('Ctrl Pts',(-10.2429503946317,50.2915410398021,41.));
#2120=CARTESIAN_POINT('Ctrl Pts',(-10.2429503946317,50.2915410398021,27.3333333333333));
#2121=CARTESIAN_POINT('Ctrl Pts',(-10.,50.,27.3333333333333));
#2122=CARTESIAN_POINT('Ctrl Pts',(-10.,50.,0.));
#2123=CARTESIAN_POINT('Origin',(0.,38.0000005662441,41.));
#2124=CARTESIAN_POINT('Ctrl Pts',(-10.2429503946317,50.2915410398021,41.));
#2125=CARTESIAN_POINT('Ctrl Pts',(-10.2429503946317,50.2915410398021,27.3333333333333));
#2126=CARTESIAN_POINT('Ctrl Pts',(-10.,50.,27.3333333333333));
#2127=CARTESIAN_POINT('Ctrl Pts',(-10.,50.,0.));
#2128=CARTESIAN_POINT('Ctrl Pts',(-8.61639732026944,51.647001935104,41.));
#2129=CARTESIAN_POINT('Ctrl Pts',(-8.61639732026944,51.647001935104,27.3333333333333));
#2130=CARTESIAN_POINT('Ctrl Pts',(-8.09523809523809,50.,27.3333333333334));
#2131=CARTESIAN_POINT('Ctrl Pts',(-8.09523809523809,50.,0.));
#2132=CARTESIAN_POINT('Ctrl Pts',(-4.82139200519009,53.6971554044959,41.));
#2133=CARTESIAN_POINT('Ctrl Pts',(-4.82139200519009,53.6971554044959,27.3333333333333));
#2134=CARTESIAN_POINT('Ctrl Pts',(-4.28571428571429,50.,27.3333333333333));
#2135=CARTESIAN_POINT('Ctrl Pts',(-4.28571428571429,50.,0.));
#2136=CARTESIAN_POINT('Ctrl Pts',(2.70442572492878,54.4567744649324,41.));
#2137=CARTESIAN_POINT('Ctrl Pts',(2.70442572492878,54.4567744649324,27.3333333333333));
#2138=CARTESIAN_POINT('Ctrl Pts',(2.38095238095238,50.,27.3333333333334));
#2139=CARTESIAN_POINT('Ctrl Pts',(2.38095238095238,50.,0.));
#2140=CARTESIAN_POINT('Ctrl Pts',(7.80312078308834,52.3247323827549,41.));
#2141=CARTESIAN_POINT('Ctrl Pts',(7.80312078308834,52.3247323827549,27.3333333333333));
#2142=CARTESIAN_POINT('Ctrl Pts',(7.14285714285714,50.,27.3333333333333));
#2143=CARTESIAN_POINT('Ctrl Pts',(7.14285714285714,50.,0.));
#2144=CARTESIAN_POINT('Ctrl Pts',(10.2429503946317,50.2915410398021,41.));
#2145=CARTESIAN_POINT('Ctrl Pts',(10.2429503946317,50.2915410398021,27.3333333333333));
#2146=CARTESIAN_POINT('Ctrl Pts',(10.,50.,27.3333333333333));
#2147=CARTESIAN_POINT('Ctrl Pts',(10.,50.,0.));
#2148=CARTESIAN_POINT('',(10.2429503946317,50.2915410398021,41.));
#2149=CARTESIAN_POINT('Origin',(0.,38.0000005662441,41.));
#2150=CARTESIAN_POINT('',(10.,50.,0.));
#2151=CARTESIAN_POINT('',(-10.,50.,0.));
#2152=CARTESIAN_POINT('Ctrl Pts',(10.2429503946317,50.2915410398021,41.));
#2153=CARTESIAN_POINT('Ctrl Pts',(10.2429503946317,50.2915410398021,27.3333333333333));
#2154=CARTESIAN_POINT('Ctrl Pts',(10.,50.,27.3333333333333));
#2155=CARTESIAN_POINT('Ctrl Pts',(10.,50.,0.));
#2156=CARTESIAN_POINT('Ctrl Pts',(10.2429503946317,50.2915410398021,41.));
#2157=CARTESIAN_POINT('Ctrl Pts',(10.2429503946317,50.2915410398021,27.3333333333333));
#2158=CARTESIAN_POINT('Ctrl Pts',(10.,50.,27.3333333333333));
#2159=CARTESIAN_POINT('Ctrl Pts',(10.,50.,0.));
#2160=CARTESIAN_POINT('Ctrl Pts',(11.0562269318128,49.6138105921512,41.));
#2161=CARTESIAN_POINT('Ctrl Pts',(11.0562269318128,49.6138105921512,27.3333333333333));
#2162=CARTESIAN_POINT('Ctrl Pts',(10.,48.8571428571429,27.3333333333333));
#2163=CARTESIAN_POINT('Ctrl Pts',(10.,48.8571428571429,0.));
#2164=CARTESIAN_POINT('Ctrl Pts',(12.7313279956619,47.9396615911717,41.));
#2165=CARTESIAN_POINT('Ctrl Pts',(12.7313279956619,47.9396615911717,27.3333333333333));
#2166=CARTESIAN_POINT('Ctrl Pts',(10.,46.5714285714286,27.3333333333333));
#2167=CARTESIAN_POINT('Ctrl Pts',(10.,46.5714285714286,0.));
#2168=CARTESIAN_POINT('Ctrl Pts',(14.844926321407,44.4581526550518,41.));
#2169=CARTESIAN_POINT('Ctrl Pts',(14.844926321407,44.4581526550518,27.3333333333333));
#2170=CARTESIAN_POINT('Ctrl Pts',(10.,43.1428571428571,27.3333333333334));
#2171=CARTESIAN_POINT('Ctrl Pts',(10.,43.1428571428571,0.));
#2172=CARTESIAN_POINT('Ctrl Pts',(16.047739997256,40.2453644160544,41.));
#2173=CARTESIAN_POINT('Ctrl Pts',(16.047739997256,40.2453644160544,27.3333333333333));
#2174=CARTESIAN_POINT('Ctrl Pts',(10.,39.7142857142857,27.3333333333333));
#2175=CARTESIAN_POINT('Ctrl Pts',(10.,39.7142857142857,0.));
#2176=CARTESIAN_POINT('Ctrl Pts',(16.0567299204407,35.0015033182846,41.));
#2177=CARTESIAN_POINT('Ctrl Pts',(16.0567299204407,35.0015033182846,27.3333333333333));
#2178=CARTESIAN_POINT('Ctrl Pts',(10.,35.7142857142857,27.3333333333333));
#2179=CARTESIAN_POINT('Ctrl Pts',(10.,35.7142857142857,0.));
#2180=CARTESIAN_POINT('Ctrl Pts',(14.5297483639098,30.8739450959566,41.));
#2181=CARTESIAN_POINT('Ctrl Pts',(14.5297483639098,30.8739450959566,27.3333333333333));
#2182=CARTESIAN_POINT('Ctrl Pts',(10.,32.2857142857143,27.3333333333333));
#2183=CARTESIAN_POINT('Ctrl Pts',(10.,32.2857142857143,0.));
#2184=CARTESIAN_POINT('Ctrl Pts',(12.3090975364441,27.6463456406028,41.));
#2185=CARTESIAN_POINT('Ctrl Pts',(12.3090975364441,27.6463456406028,27.3333333333333));
#2186=CARTESIAN_POINT('Ctrl Pts',(10.,28.8571428571428,27.3333333333333));
#2187=CARTESIAN_POINT('Ctrl Pts',(10.,28.8571428571428,0.));
#2188=CARTESIAN_POINT('Ctrl Pts',(11.0562269318128,26.386190540337,41.));
#2189=CARTESIAN_POINT('Ctrl Pts',(11.0562269318128,26.386190540337,27.3333333333333));
#2190=CARTESIAN_POINT('Ctrl Pts',(10.,27.1428571428571,27.3333333333333));
#2191=CARTESIAN_POINT('Ctrl Pts',(10.,27.1428571428571,0.));
#2192=CARTESIAN_POINT('Ctrl Pts',(10.2429503946317,25.7084600926861,41.));
#2193=CARTESIAN_POINT('Ctrl Pts',(10.2429503946317,25.7084600926861,27.3333333333333));
#2194=CARTESIAN_POINT('Ctrl Pts',(10.,26.,27.3333333333333));
#2195=CARTESIAN_POINT('Ctrl Pts',(10.,26.,0.));
#2196=CARTESIAN_POINT('Origin',(0.,38.0000005662441,41.));
#2197=CARTESIAN_POINT('',(10.,50.,0.));
#2198=CARTESIAN_POINT('Origin',(0.,38.,0.));
#2199=CARTESIAN_POINT('',(-12.,24.,0.));
#2200=CARTESIAN_POINT('Ctrl Pts',(-12.,24.,0.));
#2201=CARTESIAN_POINT('Ctrl Pts',(-9.71428571428572,24.,0.));
#2202=CARTESIAN_POINT('Ctrl Pts',(-5.14285714285715,24.,0.));
#2203=CARTESIAN_POINT('Ctrl Pts',(1.71428571428571,24.,0.));
#2204=CARTESIAN_POINT('Ctrl Pts',(7.42857142857143,24.,0.));
#2205=CARTESIAN_POINT('Ctrl Pts',(10.8571428571429,24.,0.));
#2206=CARTESIAN_POINT('Ctrl Pts',(12.,24.,0.));
#2207=CARTESIAN_POINT('Ctrl Pts',(-12.,52.,0.));
#2208=CARTESIAN_POINT('Ctrl Pts',(-12.,51.3333333333333,0.));
#2209=CARTESIAN_POINT('Ctrl Pts',(-12.,50.6666666666667,0.));
#2210=CARTESIAN_POINT('Ctrl Pts',(-12.,48.4,0.));
#2211=CARTESIAN_POINT('Ctrl Pts',(-12.,45.2,0.));
#2212=CARTESIAN_POINT('Ctrl Pts',(-12.,40.4,0.));
#2213=CARTESIAN_POINT('Ctrl Pts',(-12.,35.6,0.));
#2214=CARTESIAN_POINT('Ctrl Pts',(-12.,31.6,0.));
#2215=CARTESIAN_POINT('Ctrl Pts',(-12.,28.8,0.));
#2216=CARTESIAN_POINT('Ctrl Pts',(-12.,27.2,0.));
#2217=CARTESIAN_POINT('Ctrl Pts',(-12.,26.4,0.));
#2218=CARTESIAN_POINT('Ctrl Pts',(-12.,25.3333333333333,0.));
#2219=CARTESIAN_POINT('Ctrl Pts',(-12.,24.6666666666667,0.));
#2220=CARTESIAN_POINT('Ctrl Pts',(-12.,24.,0.));
#2221=CARTESIAN_POINT('Ctrl Pts',(13.2459797390637,25.6793670016471,34.3160962296264));
#2222=CARTESIAN_POINT('Ctrl Pts',(13.2137913629212,25.5987555207106,33.1923083580017));
#2223=CARTESIAN_POINT('Ctrl Pts',(13.0913435658111,25.3040003315561,30.0475742665244));
#2224=CARTESIAN_POINT('Ctrl Pts',(12.698186665763,24.65822109585,24.9274473629856));
#2225=CARTESIAN_POINT('Ctrl Pts',(12.1532093410692,24.1198441022229,16.0115254800134));
#2226=CARTESIAN_POINT('Ctrl Pts',(12.,24.,6.29860244973556));
#2227=CARTESIAN_POINT('Ctrl Pts',(12.,24.,0.));
#2228=CARTESIAN_POINT('Ctrl Pts',(12.2576612575809,24.7286143951828,34.263883221463));
#2229=CARTESIAN_POINT('Ctrl Pts',(12.2162208041318,24.6871426328143,33.1292337726628));
#2230=CARTESIAN_POINT('Ctrl Pts',(12.0598988093456,24.5357291650351,29.950324967308));
#2231=CARTESIAN_POINT('Ctrl Pts',(11.6122839596399,24.2222277586447,24.828322404533));
#2232=CARTESIAN_POINT('Ctrl Pts',(11.0299920146614,24.0230510231566,15.9756638691218));
#2233=CARTESIAN_POINT('Ctrl Pts',(10.8571428571429,24.,6.2880694971309));
#2234=CARTESIAN_POINT('Ctrl Pts',(10.8571428571429,24.,0.));
#2235=CARTESIAN_POINT('Ctrl Pts',(8.95240102138949,22.190449471666,34.1144795366288));
#2236=CARTESIAN_POINT('Ctrl Pts',(8.89504986982699,22.2571066659782,32.9493794316109));
#2237=CARTESIAN_POINT('Ctrl Pts',(8.68290212267671,22.5046931360094,29.6783652957602));
#2238=CARTESIAN_POINT('Ctrl Pts',(8.19725499530012,23.0779047815768,24.5707873043219));
#2239=CARTESIAN_POINT('Ctrl Pts',(7.61972897490978,23.7625985856305,15.8803330188418));
#2240=CARTESIAN_POINT('Ctrl Pts',(7.42857142857143,24.,6.25978941875094));
#2241=CARTESIAN_POINT('Ctrl Pts',(7.42857142857143,24.,0.));
#2242=CARTESIAN_POINT('Ctrl Pts',(2.16817851293276,19.9174339982987,33.9679531631092));
#2243=CARTESIAN_POINT('Ctrl Pts',(2.1487992086999,20.0919443367486,32.7774242763949));
#2244=CARTESIAN_POINT('Ctrl Pts',(2.07759796332228,20.7346455716166,29.4454522038872));
#2245=CARTESIAN_POINT('Ctrl Pts',(1.93635913064702,22.0755966883719,24.3678973678397));
#2246=CARTESIAN_POINT('Ctrl Pts',(1.77213789008367,23.5256671255028,15.7921253627359));
#2247=CARTESIAN_POINT('Ctrl Pts',(1.71428571428571,24.,6.23415521514031));
#2248=CARTESIAN_POINT('Ctrl Pts',(1.71428571428571,24.,0.));
#2249=CARTESIAN_POINT('Ctrl Pts',(-6.39663205643071,20.8410203750527,34.0281614306925));
#2250=CARTESIAN_POINT('Ctrl Pts',(-6.34517710038322,20.9703854892452,32.8476056525181));
#2251=CARTESIAN_POINT('Ctrl Pts',(-6.15602010684648,21.4485352972002,29.5370701959515));
#2252=CARTESIAN_POINT('Ctrl Pts',(-5.76218768224733,22.4812630507864,24.4465747488434));
#2253=CARTESIAN_POINT('Ctrl Pts',(-5.30174337763838,23.6221731209517,15.8281853463857));
#2254=CARTESIAN_POINT('Ctrl Pts',(-5.14285714285715,24.,6.24461629745606));
#2255=CARTESIAN_POINT('Ctrl Pts',(-5.14285714285715,24.,0.));
#2256=CARTESIAN_POINT('Ctrl Pts',(-11.2693427760981,23.7778617887185,34.2116702132995));
#2257=CARTESIAN_POINT('Ctrl Pts',(-11.2178424372924,23.7753160880465,33.0655696414301));
#2258=CARTESIAN_POINT('Ctrl Pts',(-11.0260191754779,23.7665231749476,29.8503074248243));
#2259=CARTESIAN_POINT('Ctrl Pts',(-10.5258009230941,23.7881634960895,24.7285778543227));
#2260=CARTESIAN_POINT('Ctrl Pts',(-9.90708623903213,23.92668432014,15.9406898585687));
#2261=CARTESIAN_POINT('Ctrl Pts',(-9.71428571428572,24.,6.27748431234114));
#2262=CARTESIAN_POINT('Ctrl Pts',(-9.71428571428572,24.,0.));
#2263=CARTESIAN_POINT('Ctrl Pts',(-13.2459797390637,25.6793670016471,34.3160962296264));
#2264=CARTESIAN_POINT('Ctrl Pts',(-13.2137913629212,25.5987555207106,33.1923083580017));
#2265=CARTESIAN_POINT('Ctrl Pts',(-13.0913435658111,25.3040003315561,30.0475742665244));
#2266=CARTESIAN_POINT('Ctrl Pts',(-12.698186665763,24.65822109585,24.9274473629856));
#2267=CARTESIAN_POINT('Ctrl Pts',(-12.1532093410692,24.1198441022229,16.0115254800134));
#2268=CARTESIAN_POINT('Ctrl Pts',(-12.,24.,6.29860244973556));
#2269=CARTESIAN_POINT('Ctrl Pts',(-12.,24.,0.));
#2270=CARTESIAN_POINT('Ctrl Pts',(-11.5220881061775,24.2172179424477,34.0000000000008));
#2271=CARTESIAN_POINT('Ctrl Pts',(-11.5237122244559,24.2395720925545,32.2475133427291));
#2272=CARTESIAN_POINT('Ctrl Pts',(-11.5294786010755,24.2649024719301,30.7368150707958));
#2273=CARTESIAN_POINT('Ctrl Pts',(-11.6024554683009,24.3276404300509,24.2734073082523));
#2274=CARTESIAN_POINT('Ctrl Pts',(-11.7159619488167,24.2556901835754,21.3909248716211));
#2275=CARTESIAN_POINT('Ctrl Pts',(-11.9592673533655,24.0485602578172,10.0226841283615));
#2276=CARTESIAN_POINT('Ctrl Pts',(-12.,24.,5.50231380152949));
#2277=CARTESIAN_POINT('Ctrl Pts',(-12.,24.,1.66533453693773E-15));
#2278=CARTESIAN_POINT('Ctrl Pts',(-10.112341270007,22.9811553801785,34.4526836394518));
#2279=CARTESIAN_POINT('Ctrl Pts',(-10.3093462186726,23.0247256741053,32.1889194475549));
#2280=CARTESIAN_POINT('Ctrl Pts',(-10.7451397237423,23.1570220826824,29.2537225564606));
#2281=CARTESIAN_POINT('Ctrl Pts',(-11.4276286952875,23.5467640510791,23.5273939548662));
#2282=CARTESIAN_POINT('Ctrl Pts',(-11.8789120652318,23.9102814208241,16.0790125051908));
#2283=CARTESIAN_POINT('Ctrl Pts',(-12.,24.,6.33090332753602));
#2284=CARTESIAN_POINT('Ctrl Pts',(-12.,24.,0.));
#2285=CARTESIAN_POINT('Ctrl Pts',(-10.6371597170136,23.3940752590565,34.4181235883412));
#2286=CARTESIAN_POINT('Ctrl Pts',(-10.791701370175,23.4614892587286,32.1390814750075));
#2287=CARTESIAN_POINT('Ctrl Pts',(-11.1312479132803,23.6433252448656,29.1851630927924));
#2288=CARTESIAN_POINT('Ctrl Pts',(-11.6350333695076,24.1104946678391,23.4739732727369));
#2289=CARTESIAN_POINT('Ctrl Pts',(-11.9330294951968,24.5447055458227,16.0593072345149));
#2290=CARTESIAN_POINT('Ctrl Pts',(-12.0004755107252,24.6671534909545,6.32469406155589));
#2291=CARTESIAN_POINT('Ctrl Pts',(-12.,24.6666666666667,0.));
#2292=CARTESIAN_POINT('Ctrl Pts',(-11.1410833363185,23.8377344917489,34.384165362096));
#2293=CARTESIAN_POINT('Ctrl Pts',(-11.2539689963813,23.9267822761493,32.0905776523649));
#2294=CARTESIAN_POINT('Ctrl Pts',(-11.4990821370407,24.1529730339404,29.1192841715099));
#2295=CARTESIAN_POINT('Ctrl Pts',(-11.8326123984049,24.6864904439775,23.4235116419985));
#2296=CARTESIAN_POINT('Ctrl Pts',(-11.9852618912437,25.1827478829912,16.0402386179619));
#2297=CARTESIAN_POINT('Ctrl Pts',(-12.0006713416619,25.3339840392032,6.31887433944325));
#2298=CARTESIAN_POINT('Ctrl Pts',(-12.,25.3333333333333,0.));
#2299=CARTESIAN_POINT('Ctrl Pts',(-11.9084715465712,24.5921950524033,34.3319313612775));
#2300=CARTESIAN_POINT('Ctrl Pts',(-11.9565026160089,24.712502984502,32.0160366775476));
#2301=CARTESIAN_POINT('Ctrl Pts',(-12.0553535745109,25.0009800698392,29.0203912126964));
#2302=CARTESIAN_POINT('Ctrl Pts',(-12.1319033734171,25.625721417918,23.3479538864222));
#2303=CARTESIAN_POINT('Ctrl Pts',(-12.0650187491472,26.2087904371211,16.0110282660822));
#2304=CARTESIAN_POINT('Ctrl Pts',(-12.000967946936,26.4011136266437,6.30996490047941));
#2305=CARTESIAN_POINT('Ctrl Pts',(-12.,26.4,0.));
#2306=CARTESIAN_POINT('Ctrl Pts',(-12.4835585458214,25.1907808619659,34.2935864991795));
#2307=CARTESIAN_POINT('Ctrl Pts',(-12.4779700609704,25.3269568059765,31.9616317621075));
#2308=CARTESIAN_POINT('Ctrl Pts',(-12.4601515457908,25.6441528375146,28.9481430438132));
#2309=CARTESIAN_POINT('Ctrl Pts',(-12.350031563848,26.3192899422425,23.2916710896011));
#2310=CARTESIAN_POINT('Ctrl Pts',(-12.1266211446134,26.9725234794129,15.9886780409929));
#2311=CARTESIAN_POINT('Ctrl Pts',(-12.0006755349895,27.2016184927012,6.3033479986062));
#2312=CARTESIAN_POINT('Ctrl Pts',(-12.,27.2,0.));
#2313=CARTESIAN_POINT('Ctrl Pts',(-13.6311539702774,26.5566614750971,34.2212283436912));
#2314=CARTESIAN_POINT('Ctrl Pts',(-13.5224776825145,26.7166803219065,31.8592997101356));
#2315=CARTESIAN_POINT('Ctrl Pts',(-13.2777383542786,27.0767091605905,28.8148918336161));
#2316=CARTESIAN_POINT('Ctrl Pts',(-12.7899583534428,27.8060454992044,23.1853399758652));
#2317=CARTESIAN_POINT('Ctrl Pts',(-12.2470479746052,28.5292348091129,15.9437962333395));
#2318=CARTESIAN_POINT('Ctrl Pts',(-12.0007471785501,28.8026726174448,6.29035113547876));
#2319=CARTESIAN_POINT('Ctrl Pts',(-12.,28.8,0.));
#2320=CARTESIAN_POINT('Ctrl Pts',(-15.5395511492914,29.3681069326411,34.1082667824145));
#2321=CARTESIAN_POINT('Ctrl Pts',(-15.2574835175906,29.537476242157,31.7016433028783));
#2322=CARTESIAN_POINT('Ctrl Pts',(-14.6357523368403,29.9047599398692,28.6159050187702));
#2323=CARTESIAN_POINT('Ctrl Pts',(-13.5225524867033,30.6024288757664,23.0222645455304));
#2324=CARTESIAN_POINT('Ctrl Pts',(-12.4455129479405,31.3107528202101,15.8678914084301));
#2325=CARTESIAN_POINT('Ctrl Pts',(-12.0010140066041,31.6031647138906,6.26939640502345));
#2326=CARTESIAN_POINT('Ctrl Pts',(-12.,31.6,0.));
#2327=CARTESIAN_POINT('Ctrl Pts',(-17.4920046748059,34.5229950181987,34.0027793822553));
#2328=CARTESIAN_POINT('Ctrl Pts',(-17.0269190282593,34.6109217470099,31.5590874247006));
#2329=CARTESIAN_POINT('Ctrl Pts',(-16.0233450709378,34.7942653465462,28.450193948914));
#2330=CARTESIAN_POINT('Ctrl Pts',(-14.2794488699735,35.1238184193246,22.8820958360572));
#2331=CARTESIAN_POINT('Ctrl Pts',(-12.6461921544987,35.4558667223446,15.7906553602049));
#2332=CARTESIAN_POINT('Ctrl Pts',(-12.0013199571739,35.6017976475677,6.24780178264286));
#2333=CARTESIAN_POINT('Ctrl Pts',(-12.,35.6,0.));
#2334=CARTESIAN_POINT('Ctrl Pts',(-17.4887663639961,41.4768333645804,34.0028190064989));
#2335=CARTESIAN_POINT('Ctrl Pts',(-17.0239164735092,41.3896306689477,31.5591990241785));
#2336=CARTESIAN_POINT('Ctrl Pts',(-16.0205683772859,41.2074708065856,28.4503524370037));
#2337=CARTESIAN_POINT('Ctrl Pts',(-14.2781275836651,40.8784594713323,22.8824363138657));
#2338=CARTESIAN_POINT('Ctrl Pts',(-12.6458656061561,40.5447325663488,15.7906660130315));
#2339=CARTESIAN_POINT('Ctrl Pts',(-12.0012797168973,40.398666442542,6.24785605433453));
#2340=CARTESIAN_POINT('Ctrl Pts',(-12.,40.4,0.));
#2341=CARTESIAN_POINT('Ctrl Pts',(-15.1476517936936,47.6649610008971,34.1294463645824));
#2342=CARTESIAN_POINT('Ctrl Pts',(-14.9020801493541,47.4809266894333,31.7317417508725));
#2343=CARTESIAN_POINT('Ctrl Pts',(-14.3560509655061,47.0777645969999,28.6487365582869));
#2344=CARTESIAN_POINT('Ctrl Pts',(-13.3696583657031,46.3074571055452,23.0502505938334));
#2345=CARTESIAN_POINT('Ctrl Pts',(-12.4056430179483,45.5198094570559,15.8832779734094));
#2346=CARTESIAN_POINT('Ctrl Pts',(-12.0003727055082,45.1979630832605,6.27397247880739));
#2347=CARTESIAN_POINT('Ctrl Pts',(-12.,45.2,0.));
#2348=CARTESIAN_POINT('Ctrl Pts',(-12.761486501593,50.5687133604171,34.2731856057107));
#2349=CARTESIAN_POINT('Ctrl Pts',(-12.7301283514499,50.4202724746437,31.9321890014934));
#2350=CARTESIAN_POINT('Ctrl Pts',(-12.6560938917896,50.0800854253427,28.9088296942237));
#2351=CARTESIAN_POINT('Ctrl Pts',(-12.4561418951263,49.3600916846035,23.2624578978466));
#2352=CARTESIAN_POINT('Ctrl Pts',(-12.1566539465497,48.652073239543,15.9782134411335));
#2353=CARTESIAN_POINT('Ctrl Pts',(-12.0005849672016,48.3979436656637,6.2998829076593));
#2354=CARTESIAN_POINT('Ctrl Pts',(-12.,48.4,0.));
#2355=CARTESIAN_POINT('Ctrl Pts',(-11.1438202696641,52.1596251497274,34.3841674962715));
#2356=CARTESIAN_POINT('Ctrl Pts',(-11.2585772033749,52.0685198793518,32.090367132007));
#2357=CARTESIAN_POINT('Ctrl Pts',(-11.5059977638719,51.8372812869849,29.1193374815783));
#2358=CARTESIAN_POINT('Ctrl Pts',(-11.8360636132136,51.3016874428479,23.4235657788117));
#2359=CARTESIAN_POINT('Ctrl Pts',(-11.9846969243182,50.8131032918509,16.0402684863452));
#2360=CARTESIAN_POINT('Ctrl Pts',(-12.0009471548424,50.6659301911965,6.31880498224219));
#2361=CARTESIAN_POINT('Ctrl Pts',(-12.,50.6666666666667,0.));
#2362=CARTESIAN_POINT('Ctrl Pts',(-10.6371597177752,52.6059257659698,34.4181235346415));
#2363=CARTESIAN_POINT('Ctrl Pts',(-10.7917013715645,52.5385116857577,32.139081403036));
#2364=CARTESIAN_POINT('Ctrl Pts',(-11.1312479160311,52.3566755227885,29.185163015691));
#2365=CARTESIAN_POINT('Ctrl Pts',(-11.6350333703082,51.8895057668936,23.473973244052));
#2366=CARTESIAN_POINT('Ctrl Pts',(-11.9330294950172,51.4552945751565,16.0593072362505));
#2367=CARTESIAN_POINT('Ctrl Pts',(-12.0004755106285,51.332846509065,6.32469406161304));
#2368=CARTESIAN_POINT('Ctrl Pts',(-12.,51.3333333333333,0.));
#2369=CARTESIAN_POINT('Ctrl Pts',(-10.1123412713353,53.0188456456898,34.4526835842929));
#2370=CARTESIAN_POINT('Ctrl Pts',(-10.3093462211443,52.9752752720447,32.1889193735643));
#2371=CARTESIAN_POINT('Ctrl Pts',(-10.7451397288176,52.8429786868212,29.253722477115));
#2372=CARTESIAN_POINT('Ctrl Pts',(-11.427628696821,52.4532363837031,23.527393925207));
#2373=CARTESIAN_POINT('Ctrl Pts',(-11.8789120648274,52.0897187001749,16.0790125070541));
#2374=CARTESIAN_POINT('Ctrl Pts',(-12.,52.,6.33090332753602));
#2375=CARTESIAN_POINT('Ctrl Pts',(-12.,52.,0.));
#2376=CARTESIAN_POINT('Origin',(35.,-45.,42.5));
#2377=CARTESIAN_POINT('',(37.,-45.,44.));
#2378=CARTESIAN_POINT('',(37.,-45.,42.5));
#2379=CARTESIAN_POINT('Origin',(35.,-45.,44.));
#2380=CARTESIAN_POINT('Origin',(35.,-45.,44.));
#2381=CARTESIAN_POINT('Origin',(-35.,75.,42.5));
#2382=CARTESIAN_POINT('',(-33.,75.,44.));
#2383=CARTESIAN_POINT('',(-33.,75.,42.5));
#2384=CARTESIAN_POINT('Origin',(-35.,75.,44.));
#2385=CARTESIAN_POINT('Origin',(-35.,75.,44.));
#2386=CARTESIAN_POINT('Origin',(35.,75.,42.5));
#2387=CARTESIAN_POINT('',(37.,75.,44.));
#2388=CARTESIAN_POINT('',(37.,75.,42.5));
#2389=CARTESIAN_POINT('Origin',(35.,75.,44.));
#2390=CARTESIAN_POINT('Origin',(35.,75.,44.));
#2391=CARTESIAN_POINT('Origin',(-35.,-45.,42.5));
#2392=CARTESIAN_POINT('',(-33.,-45.,44.));
#2393=CARTESIAN_POINT('',(-33.,-45.,42.5));
#2394=CARTESIAN_POINT('Origin',(-35.,-45.,44.));
#2395=CARTESIAN_POINT('Origin',(-35.,-45.,44.));
#2396=CARTESIAN_POINT('Origin',(0.,38.0000005662441,42.));
#2397=CARTESIAN_POINT('',(-23.,38.0000005662441,46.));
#2398=CARTESIAN_POINT('',(-23.,38.0000005662441,42.));
#2399=CARTESIAN_POINT('Origin',(0.,38.0000005662441,46.));
#2400=CARTESIAN_POINT('Origin',(0.,38.0000005662441,42.));
#2401=CARTESIAN_POINT('',(-16.,38.0000005662441,42.));
#2402=CARTESIAN_POINT('Origin',(0.,38.0000005662441,42.));
#2403=CARTESIAN_POINT('Origin',(10.0000001490116,-15.,41.));
#2404=CARTESIAN_POINT('',(-10.0000001490116,-15.,46.));
#2405=CARTESIAN_POINT('',(-10.0000001490116,-15.,41.));
#2406=CARTESIAN_POINT('',(10.0000001490116,-15.,46.));
#2407=CARTESIAN_POINT('',(10.0000001490116,-15.,46.));
#2408=CARTESIAN_POINT('',(10.0000001490116,-15.,41.));
#2409=CARTESIAN_POINT('Origin',(10.0000001490116,-13.5,41.));
#2410=CARTESIAN_POINT('',(10.0000001490116,-12.,46.));
#2411=CARTESIAN_POINT('Origin',(10.0000001490116,-13.5,46.));
#2412=CARTESIAN_POINT('',(10.0000001490116,-12.,41.));
#2413=CARTESIAN_POINT('Origin',(-10.0000001490116,-12.,41.));
#2414=CARTESIAN_POINT('',(-10.0000001490116,-12.,46.));
#2415=CARTESIAN_POINT('',(-10.0000001490116,-12.,46.));
#2416=CARTESIAN_POINT('',(-10.0000001490116,-12.,41.));
#2417=CARTESIAN_POINT('Origin',(-10.0000001490116,-13.5,41.));
#2418=CARTESIAN_POINT('Origin',(-10.0000001490116,-13.5,46.));
#2419=CARTESIAN_POINT('Origin',(5.,-20.,41.));
#2420=CARTESIAN_POINT('',(-5.,-20.,46.));
#2421=CARTESIAN_POINT('',(-5.,-20.,41.));
#2422=CARTESIAN_POINT('',(5.,-20.,46.));
#2423=CARTESIAN_POINT('',(5.,-20.,46.));
#2424=CARTESIAN_POINT('',(5.,-20.,41.));
#2425=CARTESIAN_POINT('Origin',(5.,-18.5,41.));
#2426=CARTESIAN_POINT('',(5.,-17.,46.));
#2427=CARTESIAN_POINT('Origin',(5.,-18.5,46.));
#2428=CARTESIAN_POINT('',(5.,-17.,41.));
#2429=CARTESIAN_POINT('Origin',(-5.,-17.,41.));
#2430=CARTESIAN_POINT('',(-5.,-17.,46.));
#2431=CARTESIAN_POINT('',(-5.,-17.,46.));
#2432=CARTESIAN_POINT('',(-5.,-17.,41.));
#2433=CARTESIAN_POINT('Origin',(-5.,-18.5,41.));
#2434=CARTESIAN_POINT('Origin',(-5.,-18.5,46.));
#2435=CARTESIAN_POINT('Origin',(5.00000007450581,-9.99999999999999,41.));
#2436=CARTESIAN_POINT('',(-5.00000007450581,-9.99999999999999,46.));
#2437=CARTESIAN_POINT('',(-5.00000007450581,-9.99999999999999,41.));
#2438=CARTESIAN_POINT('',(5.00000007450581,-9.99999999999999,46.));
#2439=CARTESIAN_POINT('',(-5.00000007450581,-9.99999999999999,46.));
#2440=CARTESIAN_POINT('',(5.00000007450581,-9.99999999999999,41.));
#2441=CARTESIAN_POINT('Origin',(5.00000007450581,-8.49999999999999,41.));
#2442=CARTESIAN_POINT('',(5.00000007450581,-6.99999999999999,46.));
#2443=CARTESIAN_POINT('Origin',(5.00000007450581,-8.49999999999999,46.));
#2444=CARTESIAN_POINT('',(5.00000007450581,-6.99999999999999,41.));
#2445=CARTESIAN_POINT('Origin',(-5.00000007450581,-6.99999999999999,41.));
#2446=CARTESIAN_POINT('',(-5.00000007450581,-6.99999999999999,46.));
#2447=CARTESIAN_POINT('',(-5.00000007450581,-6.99999999999999,46.));
#2448=CARTESIAN_POINT('',(-5.00000007450581,-6.99999999999999,41.));
#2449=CARTESIAN_POINT('Origin',(-5.00000007450581,-8.49999999999999,41.));
#2450=CARTESIAN_POINT('Origin',(-5.00000007450581,-8.49999999999999,46.));
#2451=CARTESIAN_POINT('Origin',(0.,38.0000005662441,41.));
#2452=CARTESIAN_POINT('',(-16.,38.0000005662441,41.));
#2453=CARTESIAN_POINT('Origin',(40.,80.,41.));
#2454=CARTESIAN_POINT('',(-40.,80.,46.));
#2455=CARTESIAN_POINT('Origin',(-40.,-50.,41.));
#2456=CARTESIAN_POINT('',(40.,-50.,46.));
#2457=CARTESIAN_POINT('Origin',(0.,15.,46.));
#2458=UNCERTAINTY_MEASURE_WITH_UNIT(LENGTH_MEASURE(0.01),#2462,
'DISTANCE_ACCURACY_VALUE',
'Maximum model space distance between geometric entities at asserted c
onnectivities');
#2459=UNCERTAINTY_MEASURE_WITH_UNIT(LENGTH_MEASURE(0.01),#2462,
'DISTANCE_ACCURACY_VALUE',
'Maximum model space distance between geometric entities at asserted c
onnectivities');
#2460=(
GEOMETRIC_REPRESENTATION_CONTEXT(3)
GLOBAL_UNCERTAINTY_ASSIGNED_CONTEXT((#2458))
GLOBAL_UNIT_ASSIGNED_CONTEXT((#2462,#2464,#2465))
REPRESENTATION_CONTEXT('','3D')
);
#2461=(
GEOMETRIC_REPRESENTATION_CONTEXT(3)
GLOBAL_UNCERTAINTY_ASSIGNED_CONTEXT((#2459))
GLOBAL_UNIT_ASSIGNED_CONTEXT((#2462,#2464,#2465))
REPRESENTATION_CONTEXT('','3D')
);
#2462=(
LENGTH_UNIT()
NAMED_UNIT(*)
SI_UNIT(.MILLI.,.METRE.)
);
#2463=(
LENGTH_UNIT()
NAMED_UNIT(*)
SI_UNIT($,.METRE.)
);
#2464=(
NAMED_UNIT(*)
PLANE_ANGLE_UNIT()
SI_UNIT($,.RADIAN.)
);
#2465=(
NAMED_UNIT(*)
SI_UNIT($,.STERADIAN.)
SOLID_ANGLE_UNIT()
);
#2466=SHAPE_DEFINITION_REPRESENTATION(#2467,#2468);
#2467=PRODUCT_DEFINITION_SHAPE('',$,#2470);
#2468=SHAPE_REPRESENTATION('',(#1129),#2460);
#2469=PRODUCT_DEFINITION_CONTEXT('part definition',#2474,'design');
#2470=PRODUCT_DEFINITION('2026-09-05-20-12-11-896',
'biometric scanner front plate',#2471,#2469);
#2471=PRODUCT_DEFINITION_FORMATION('',$,#2476);
#2472=PRODUCT_RELATED_PRODUCT_CATEGORY('biometric scanner front plate',
'biometric scanner front plate',(#2476));
#2473=APPLICATION_PROTOCOL_DEFINITION('international standard',
'automotive_design',2009,#2474);
#2474=APPLICATION_CONTEXT(
'Core Data for Automotive Mechanical Design Process');
#2475=PRODUCT_CONTEXT('part definition',#2474,'mechanical');
#2476=PRODUCT('2026-09-05-20-12-11-896','biometric scanner front plate',
$,(#2475));
#2477=PRESENTATION_STYLE_ASSIGNMENT((#2478));
#2478=SURFACE_STYLE_USAGE(.BOTH.,#2479);
#2479=SURFACE_SIDE_STYLE('',(#2480));
#2480=SURFACE_STYLE_FILL_AREA(#2481);
#2481=FILL_AREA_STYLE('Steel - Satin',(#2482));
#2482=FILL_AREA_STYLE_COLOUR('Steel - Satin',#2483);
#2483=COLOUR_RGB('Steel - Satin',0.627450980392157,0.627450980392157,0.627450980392157);
ENDSEC;
END-ISO-10303-21;
