ISO-10303-21;
HEADER;
/* Generated by software containing ST-Developer
 * from STEP Tools, Inc. (www.steptools.com) 
 */

FILE_DESCRIPTION(
/* description */ (''),
/* implementation_level */ '2;1');

FILE_NAME(
/* name */ 'biometric scanner enclosure.step',
/* time_stamp */ '2026-10-02T12:00:01+05:30',
/* author */ (''),
/* organization */ (''),
/* preprocessor_version */ 'ST-DEVELOPER v20.2',
/* originating_system */ 'Autodesk Translation Framework v15.15.0.0',
/* authorisation */ '');

FILE_SCHEMA (('AUTOMOTIVE_DESIGN { 1 0 10303 214 3 1 1 }'));
ENDSEC;

DATA;
#10=MECHANICAL_DESIGN_GEOMETRIC_PRESENTATION_REPRESENTATION('',(#17,#18,
#19),#2546);
#11=SHAPE_REPRESENTATION_RELATIONSHIP('SRR','None',#2553,#12);
#12=ADVANCED_BREP_SHAPE_REPRESENTATION('',(#20,#21,#22),#2545);
#13=B_SPLINE_CURVE_WITH_KNOTS('',3,(#2403,#2404,#2405,#2406,#2407,#2408,
#2409,#2410),.UNSPECIFIED.,.F.,.F.,(4,2,2,4),(0.182266196848151,0.18754182820627,
0.222315383083041,0.239362240556032),.UNSPECIFIED.);
#14=B_SPLINE_CURVE_WITH_KNOTS('',3,(#2414,#2415,#2416,#2417,#2418,#2419,
#2420,#2421),.UNSPECIFIED.,.F.,.F.,(4,2,2,4),(0.485879531589708,0.502926389062699,
0.537699943939469,0.54297557529759),.UNSPECIFIED.);
#15=ELLIPSE('',#1589,2.12132034355965,1.5);
#16=ELLIPSE('',#1604,2.12132034355965,1.5);
#17=STYLED_ITEM('',(#2562),#20);
#18=STYLED_ITEM('',(#2562),#21);
#19=STYLED_ITEM('',(#2562),#22);
#20=MANIFOLD_SOLID_BREP('Body1',#1486);
#21=MANIFOLD_SOLID_BREP('Body2',#1487);
#22=MANIFOLD_SOLID_BREP('Body3',#1488);
#23=FACE_BOUND('',#162,.T.);
#24=FACE_BOUND('',#184,.T.);
#25=FACE_BOUND('',#202,.T.);
#26=FACE_BOUND('',#203,.T.);
#27=FACE_BOUND('',#204,.T.);
#28=FACE_BOUND('',#205,.T.);
#29=FACE_BOUND('',#206,.T.);
#30=FACE_BOUND('',#208,.T.);
#31=FACE_BOUND('',#209,.T.);
#32=FACE_BOUND('',#210,.T.);
#33=FACE_BOUND('',#211,.T.);
#34=FACE_BOUND('',#212,.T.);
#35=FACE_BOUND('',#216,.T.);
#36=FACE_BOUND('',#226,.T.);
#37=FACE_BOUND('',#244,.T.);
#38=FACE_BOUND('',#253,.T.);
#39=PLANE('',#1508);
#40=PLANE('',#1523);
#41=PLANE('',#1524);
#42=PLANE('',#1525);
#43=PLANE('',#1526);
#44=PLANE('',#1529);
#45=PLANE('',#1532);
#46=PLANE('',#1537);
#47=PLANE('',#1540);
#48=PLANE('',#1543);
#49=PLANE('',#1546);
#50=PLANE('',#1549);
#51=PLANE('',#1556);
#52=PLANE('',#1557);
#53=PLANE('',#1558);
#54=PLANE('',#1559);
#55=PLANE('',#1566);
#56=PLANE('',#1570);
#57=PLANE('',#1574);
#58=PLANE('',#1578);
#59=PLANE('',#1582);
#60=PLANE('',#1583);
#61=PLANE('',#1590);
#62=PLANE('',#1602);
#63=PLANE('',#1608);
#64=PLANE('',#1610);
#65=PLANE('',#1612);
#66=PLANE('',#1613);
#67=PLANE('',#1618);
#68=PLANE('',#1621);
#69=PLANE('',#1624);
#70=PLANE('',#1627);
#71=PLANE('',#1630);
#72=PLANE('',#1633);
#73=PLANE('',#1636);
#74=PLANE('',#1639);
#75=PLANE('',#1642);
#76=PLANE('',#1645);
#77=PLANE('',#1648);
#78=PLANE('',#1651);
#79=PLANE('',#1654);
#80=FACE_OUTER_BOUND('',#159,.T.);
#81=FACE_OUTER_BOUND('',#160,.T.);
#82=FACE_OUTER_BOUND('',#161,.T.);
#83=FACE_OUTER_BOUND('',#163,.T.);
#84=FACE_OUTER_BOUND('',#164,.T.);
#85=FACE_OUTER_BOUND('',#165,.T.);
#86=FACE_OUTER_BOUND('',#166,.T.);
#87=FACE_OUTER_BOUND('',#167,.T.);
#88=FACE_OUTER_BOUND('',#168,.T.);
#89=FACE_OUTER_BOUND('',#169,.T.);
#90=FACE_OUTER_BOUND('',#170,.T.);
#91=FACE_OUTER_BOUND('',#171,.T.);
#92=FACE_OUTER_BOUND('',#172,.T.);
#93=FACE_OUTER_BOUND('',#173,.T.);
#94=FACE_OUTER_BOUND('',#174,.T.);
#95=FACE_OUTER_BOUND('',#175,.T.);
#96=FACE_OUTER_BOUND('',#176,.T.);
#97=FACE_OUTER_BOUND('',#177,.T.);
#98=FACE_OUTER_BOUND('',#178,.T.);
#99=FACE_OUTER_BOUND('',#179,.T.);
#100=FACE_OUTER_BOUND('',#180,.T.);
#101=FACE_OUTER_BOUND('',#181,.T.);
#102=FACE_OUTER_BOUND('',#182,.T.);
#103=FACE_OUTER_BOUND('',#183,.T.);
#104=FACE_OUTER_BOUND('',#185,.T.);
#105=FACE_OUTER_BOUND('',#186,.T.);
#106=FACE_OUTER_BOUND('',#187,.T.);
#107=FACE_OUTER_BOUND('',#188,.T.);
#108=FACE_OUTER_BOUND('',#189,.T.);
#109=FACE_OUTER_BOUND('',#190,.T.);
#110=FACE_OUTER_BOUND('',#191,.T.);
#111=FACE_OUTER_BOUND('',#192,.T.);
#112=FACE_OUTER_BOUND('',#193,.T.);
#113=FACE_OUTER_BOUND('',#194,.T.);
#114=FACE_OUTER_BOUND('',#195,.T.);
#115=FACE_OUTER_BOUND('',#196,.T.);
#116=FACE_OUTER_BOUND('',#197,.T.);
#117=FACE_OUTER_BOUND('',#198,.T.);
#118=FACE_OUTER_BOUND('',#199,.T.);
#119=FACE_OUTER_BOUND('',#200,.T.);
#120=FACE_OUTER_BOUND('',#201,.T.);
#121=FACE_OUTER_BOUND('',#207,.T.);
#122=FACE_OUTER_BOUND('',#213,.T.);
#123=FACE_OUTER_BOUND('',#214,.T.);
#124=FACE_OUTER_BOUND('',#215,.T.);
#125=FACE_OUTER_BOUND('',#217,.T.);
#126=FACE_OUTER_BOUND('',#218,.T.);
#127=FACE_OUTER_BOUND('',#219,.T.);
#128=FACE_OUTER_BOUND('',#220,.T.);
#129=FACE_OUTER_BOUND('',#221,.T.);
#130=FACE_OUTER_BOUND('',#222,.T.);
#131=FACE_OUTER_BOUND('',#223,.T.);
#132=FACE_OUTER_BOUND('',#224,.T.);
#133=FACE_OUTER_BOUND('',#225,.T.);
#134=FACE_OUTER_BOUND('',#227,.T.);
#135=FACE_OUTER_BOUND('',#228,.T.);
#136=FACE_OUTER_BOUND('',#229,.T.);
#137=FACE_OUTER_BOUND('',#230,.T.);
#138=FACE_OUTER_BOUND('',#231,.T.);
#139=FACE_OUTER_BOUND('',#232,.T.);
#140=FACE_OUTER_BOUND('',#233,.T.);
#141=FACE_OUTER_BOUND('',#234,.T.);
#142=FACE_OUTER_BOUND('',#235,.T.);
#143=FACE_OUTER_BOUND('',#236,.T.);
#144=FACE_OUTER_BOUND('',#237,.T.);
#145=FACE_OUTER_BOUND('',#238,.T.);
#146=FACE_OUTER_BOUND('',#239,.T.);
#147=FACE_OUTER_BOUND('',#240,.T.);
#148=FACE_OUTER_BOUND('',#241,.T.);
#149=FACE_OUTER_BOUND('',#242,.T.);
#150=FACE_OUTER_BOUND('',#243,.T.);
#151=FACE_OUTER_BOUND('',#245,.T.);
#152=FACE_OUTER_BOUND('',#246,.T.);
#153=FACE_OUTER_BOUND('',#247,.T.);
#154=FACE_OUTER_BOUND('',#248,.T.);
#155=FACE_OUTER_BOUND('',#249,.T.);
#156=FACE_OUTER_BOUND('',#250,.T.);
#157=FACE_OUTER_BOUND('',#251,.T.);
#158=FACE_OUTER_BOUND('',#252,.T.);
#159=EDGE_LOOP('',(#947,#948,#949,#950));
#160=EDGE_LOOP('',(#951,#952,#953,#954));
#161=EDGE_LOOP('',(#955,#956,#957,#958,#959,#960,#961,#962));
#162=EDGE_LOOP('',(#963,#964,#965,#966,#967,#968,#969,#970,#971,#972,#973,
#974,#975,#976));
#163=EDGE_LOOP('',(#977,#978,#979,#980));
#164=EDGE_LOOP('',(#981,#982,#983,#984));
#165=EDGE_LOOP('',(#985,#986,#987,#988,#989,#990));
#166=EDGE_LOOP('',(#991,#992,#993,#994));
#167=EDGE_LOOP('',(#995,#996,#997,#998,#999,#1000,#1001,#1002));
#168=EDGE_LOOP('',(#1003,#1004,#1005,#1006));
#169=EDGE_LOOP('',(#1007,#1008,#1009,#1010));
#170=EDGE_LOOP('',(#1011,#1012,#1013,#1014));
#171=EDGE_LOOP('',(#1015,#1016,#1017,#1018));
#172=EDGE_LOOP('',(#1019,#1020,#1021,#1022));
#173=EDGE_LOOP('',(#1023,#1024,#1025,#1026));
#174=EDGE_LOOP('',(#1027,#1028,#1029,#1030));
#175=EDGE_LOOP('',(#1031,#1032,#1033,#1034));
#176=EDGE_LOOP('',(#1035,#1036,#1037,#1038));
#177=EDGE_LOOP('',(#1039,#1040,#1041,#1042));
#178=EDGE_LOOP('',(#1043,#1044,#1045,#1046));
#179=EDGE_LOOP('',(#1047,#1048,#1049,#1050));
#180=EDGE_LOOP('',(#1051,#1052,#1053,#1054));
#181=EDGE_LOOP('',(#1055,#1056,#1057,#1058));
#182=EDGE_LOOP('',(#1059,#1060,#1061,#1062));
#183=EDGE_LOOP('',(#1063,#1064,#1065,#1066,#1067,#1068,#1069,#1070));
#184=EDGE_LOOP('',(#1071,#1072,#1073,#1074,#1075,#1076,#1077,#1078));
#185=EDGE_LOOP('',(#1079,#1080,#1081,#1082));
#186=EDGE_LOOP('',(#1083,#1084,#1085,#1086));
#187=EDGE_LOOP('',(#1087,#1088,#1089,#1090));
#188=EDGE_LOOP('',(#1091,#1092,#1093,#1094));
#189=EDGE_LOOP('',(#1095,#1096,#1097,#1098));
#190=EDGE_LOOP('',(#1099,#1100,#1101,#1102));
#191=EDGE_LOOP('',(#1103,#1104,#1105,#1106));
#192=EDGE_LOOP('',(#1107,#1108,#1109,#1110));
#193=EDGE_LOOP('',(#1111,#1112,#1113,#1114));
#194=EDGE_LOOP('',(#1115,#1116,#1117,#1118));
#195=EDGE_LOOP('',(#1119,#1120,#1121,#1122));
#196=EDGE_LOOP('',(#1123,#1124,#1125,#1126));
#197=EDGE_LOOP('',(#1127,#1128,#1129,#1130));
#198=EDGE_LOOP('',(#1131,#1132,#1133,#1134));
#199=EDGE_LOOP('',(#1135,#1136,#1137,#1138));
#200=EDGE_LOOP('',(#1139,#1140,#1141,#1142));
#201=EDGE_LOOP('',(#1143,#1144,#1145,#1146,#1147,#1148,#1149,#1150));
#202=EDGE_LOOP('',(#1151));
#203=EDGE_LOOP('',(#1152));
#204=EDGE_LOOP('',(#1153,#1154,#1155,#1156));
#205=EDGE_LOOP('',(#1157));
#206=EDGE_LOOP('',(#1158));
#207=EDGE_LOOP('',(#1159,#1160,#1161,#1162,#1163,#1164,#1165,#1166));
#208=EDGE_LOOP('',(#1167));
#209=EDGE_LOOP('',(#1168));
#210=EDGE_LOOP('',(#1169,#1170,#1171,#1172));
#211=EDGE_LOOP('',(#1173));
#212=EDGE_LOOP('',(#1174));
#213=EDGE_LOOP('',(#1175,#1176,#1177,#1178));
#214=EDGE_LOOP('',(#1179,#1180,#1181,#1182));
#215=EDGE_LOOP('',(#1183,#1184,#1185,#1186,#1187,#1188,#1189,#1190,#1191,
#1192,#1193,#1194,#1195,#1196));
#216=EDGE_LOOP('',(#1197,#1198,#1199,#1200,#1201,#1202,#1203,#1204));
#217=EDGE_LOOP('',(#1205,#1206,#1207,#1208));
#218=EDGE_LOOP('',(#1209,#1210,#1211,#1212));
#219=EDGE_LOOP('',(#1213,#1214,#1215,#1216,#1217));
#220=EDGE_LOOP('',(#1218,#1219,#1220,#1221,#1222,#1223));
#221=EDGE_LOOP('',(#1224,#1225,#1226,#1227));
#222=EDGE_LOOP('',(#1228,#1229,#1230,#1231));
#223=EDGE_LOOP('',(#1232,#1233,#1234,#1235,#1236));
#224=EDGE_LOOP('',(#1237,#1238,#1239,#1240));
#225=EDGE_LOOP('',(#1241,#1242,#1243,#1244,#1245,#1246,#1247,#1248));
#226=EDGE_LOOP('',(#1249));
#227=EDGE_LOOP('',(#1250,#1251,#1252,#1253));
#228=EDGE_LOOP('',(#1254,#1255,#1256,#1257));
#229=EDGE_LOOP('',(#1258,#1259,#1260,#1261));
#230=EDGE_LOOP('',(#1262,#1263,#1264,#1265));
#231=EDGE_LOOP('',(#1266,#1267,#1268,#1269));
#232=EDGE_LOOP('',(#1270,#1271,#1272,#1273));
#233=EDGE_LOOP('',(#1274,#1275,#1276,#1277));
#234=EDGE_LOOP('',(#1278,#1279,#1280,#1281));
#235=EDGE_LOOP('',(#1282,#1283,#1284,#1285));
#236=EDGE_LOOP('',(#1286,#1287,#1288,#1289));
#237=EDGE_LOOP('',(#1290,#1291,#1292,#1293));
#238=EDGE_LOOP('',(#1294,#1295,#1296,#1297));
#239=EDGE_LOOP('',(#1298,#1299,#1300,#1301));
#240=EDGE_LOOP('',(#1302,#1303,#1304,#1305));
#241=EDGE_LOOP('',(#1306,#1307,#1308,#1309));
#242=EDGE_LOOP('',(#1310,#1311,#1312,#1313));
#243=EDGE_LOOP('',(#1314,#1315,#1316,#1317,#1318,#1319,#1320,#1321));
#244=EDGE_LOOP('',(#1322,#1323,#1324,#1325,#1326,#1327,#1328,#1329));
#245=EDGE_LOOP('',(#1330,#1331,#1332,#1333));
#246=EDGE_LOOP('',(#1334,#1335,#1336,#1337));
#247=EDGE_LOOP('',(#1338,#1339,#1340,#1341));
#248=EDGE_LOOP('',(#1342,#1343,#1344,#1345));
#249=EDGE_LOOP('',(#1346,#1347,#1348,#1349));
#250=EDGE_LOOP('',(#1350,#1351,#1352,#1353));
#251=EDGE_LOOP('',(#1354,#1355,#1356,#1357));
#252=EDGE_LOOP('',(#1358,#1359,#1360,#1361,#1362,#1363,#1364,#1365,#1366,
#1367));
#253=EDGE_LOOP('',(#1368));
#254=LINE('',#2104,#389);
#255=LINE('',#2107,#390);
#256=LINE('',#2112,#391);
#257=LINE('',#2119,#392);
#258=LINE('',#2123,#393);
#259=LINE('',#2127,#394);
#260=LINE('',#2130,#395);
#261=LINE('',#2132,#396);
#262=LINE('',#2136,#397);
#263=LINE('',#2140,#398);
#264=LINE('',#2144,#399);
#265=LINE('',#2148,#400);
#266=LINE('',#2153,#401);
#267=LINE('',#2156,#402);
#268=LINE('',#2159,#403);
#269=LINE('',#2163,#404);
#270=LINE('',#2165,#405);
#271=LINE('',#2166,#406);
#272=LINE('',#2170,#407);
#273=LINE('',#2172,#408);
#274=LINE('',#2173,#409);
#275=LINE('',#2176,#410);
#276=LINE('',#2178,#411);
#277=LINE('',#2179,#412);
#278=LINE('',#2182,#413);
#279=LINE('',#2186,#414);
#280=LINE('',#2187,#415);
#281=LINE('',#2190,#416);
#282=LINE('',#2194,#417);
#283=LINE('',#2195,#418);
#284=LINE('',#2202,#419);
#285=LINE('',#2204,#420);
#286=LINE('',#2205,#421);
#287=LINE('',#2209,#422);
#288=LINE('',#2212,#423);
#289=LINE('',#2213,#424);
#290=LINE('',#2217,#425);
#291=LINE('',#2220,#426);
#292=LINE('',#2221,#427);
#293=LINE('',#2225,#428);
#294=LINE('',#2228,#429);
#295=LINE('',#2229,#430);
#296=LINE('',#2237,#431);
#297=LINE('',#2243,#432);
#298=LINE('',#2248,#433);
#299=LINE('',#2250,#434);
#300=LINE('',#2252,#435);
#301=LINE('',#2253,#436);
#302=LINE('',#2256,#437);
#303=LINE('',#2258,#438);
#304=LINE('',#2259,#439);
#305=LINE('',#2262,#440);
#306=LINE('',#2264,#441);
#307=LINE('',#2265,#442);
#308=LINE('',#2267,#443);
#309=LINE('',#2268,#444);
#310=LINE('',#2273,#445);
#311=LINE('',#2279,#446);
#312=LINE('',#2284,#447);
#313=LINE('',#2286,#448);
#314=LINE('',#2288,#449);
#315=LINE('',#2289,#450);
#316=LINE('',#2295,#451);
#317=LINE('',#2298,#452);
#318=LINE('',#2300,#453);
#319=LINE('',#2301,#454);
#320=LINE('',#2307,#455);
#321=LINE('',#2310,#456);
#322=LINE('',#2312,#457);
#323=LINE('',#2313,#458);
#324=LINE('',#2319,#459);
#325=LINE('',#2322,#460);
#326=LINE('',#2324,#461);
#327=LINE('',#2325,#462);
#328=LINE('',#2335,#463);
#329=LINE('',#2342,#464);
#330=LINE('',#2345,#465);
#331=LINE('',#2348,#466);
#332=LINE('',#2352,#467);
#333=LINE('',#2356,#468);
#334=LINE('',#2360,#469);
#335=LINE('',#2364,#470);
#336=LINE('',#2370,#471);
#337=LINE('',#2374,#472);
#338=LINE('',#2378,#473);
#339=LINE('',#2382,#474);
#340=LINE('',#2386,#475);
#341=LINE('',#2390,#476);
#342=LINE('',#2391,#477);
#343=LINE('',#2396,#478);
#344=LINE('',#2397,#479);
#345=LINE('',#2400,#480);
#346=LINE('',#2413,#481);
#347=LINE('',#2422,#482);
#348=LINE('',#2425,#483);
#349=LINE('',#2428,#484);
#350=LINE('',#2432,#485);
#351=LINE('',#2433,#486);
#352=LINE('',#2439,#487);
#353=LINE('',#2443,#488);
#354=LINE('',#2447,#489);
#355=LINE('',#2450,#490);
#356=LINE('',#2453,#491);
#357=LINE('',#2455,#492);
#358=LINE('',#2456,#493);
#359=LINE('',#2459,#494);
#360=LINE('',#2463,#495);
#361=LINE('',#2464,#496);
#362=LINE('',#2467,#497);
#363=LINE('',#2471,#498);
#364=LINE('',#2472,#499);
#365=LINE('',#2475,#500);
#366=LINE('',#2479,#501);
#367=LINE('',#2480,#502);
#368=LINE('',#2485,#503);
#369=LINE('',#2487,#504);
#370=LINE('',#2488,#505);
#371=LINE('',#2492,#506);
#372=LINE('',#2495,#507);
#373=LINE('',#2496,#508);
#374=LINE('',#2500,#509);
#375=LINE('',#2503,#510);
#376=LINE('',#2504,#511);
#377=LINE('',#2508,#512);
#378=LINE('',#2511,#513);
#379=LINE('',#2512,#514);
#380=LINE('',#2519,#515);
#381=LINE('',#2522,#516);
#382=LINE('',#2523,#517);
#383=LINE('',#2527,#518);
#384=LINE('',#2530,#519);
#385=LINE('',#2531,#520);
#386=LINE('',#2535,#521);
#387=LINE('',#2538,#522);
#388=LINE('',#2539,#523);
#389=VECTOR('',#1661,10.);
#390=VECTOR('',#1664,10.);
#391=VECTOR('',#1669,10.);
#392=VECTOR('',#1676,10.);
#393=VECTOR('',#1679,10.);
#394=VECTOR('',#1682,10.);
#395=VECTOR('',#1685,10.);
#396=VECTOR('',#1686,10.);
#397=VECTOR('',#1689,10.);
#398=VECTOR('',#1692,10.);
#399=VECTOR('',#1695,10.);
#400=VECTOR('',#1698,10.);
#401=VECTOR('',#1703,10.);
#402=VECTOR('',#1706,10.);
#403=VECTOR('',#1709,10.);
#404=VECTOR('',#1714,10.);
#405=VECTOR('',#1717,10.);
#406=VECTOR('',#1718,10.);
#407=VECTOR('',#1723,10.);
#408=VECTOR('',#1724,10.);
#409=VECTOR('',#1725,10.);
#410=VECTOR('',#1728,10.);
#411=VECTOR('',#1729,10.);
#412=VECTOR('',#1730,10.);
#413=VECTOR('',#1733,10.);
#414=VECTOR('',#1738,10.);
#415=VECTOR('',#1739,10.);
#416=VECTOR('',#1742,10.);
#417=VECTOR('',#1747,10.);
#418=VECTOR('',#1748,10.);
#419=VECTOR('',#1759,10.);
#420=VECTOR('',#1760,10.);
#421=VECTOR('',#1761,10.);
#422=VECTOR('',#1766,10.);
#423=VECTOR('',#1769,10.);
#424=VECTOR('',#1770,10.);
#425=VECTOR('',#1775,10.);
#426=VECTOR('',#1778,10.);
#427=VECTOR('',#1779,10.);
#428=VECTOR('',#1784,10.);
#429=VECTOR('',#1787,10.);
#430=VECTOR('',#1788,10.);
#431=VECTOR('',#1799,1.5);
#432=VECTOR('',#1806,1.5);
#433=VECTOR('',#1811,10.);
#434=VECTOR('',#1812,10.);
#435=VECTOR('',#1813,10.);
#436=VECTOR('',#1814,10.);
#437=VECTOR('',#1817,10.);
#438=VECTOR('',#1818,10.);
#439=VECTOR('',#1819,10.);
#440=VECTOR('',#1822,10.);
#441=VECTOR('',#1823,10.);
#442=VECTOR('',#1824,10.);
#443=VECTOR('',#1827,10.);
#444=VECTOR('',#1828,10.);
#445=VECTOR('',#1833,1.5);
#446=VECTOR('',#1840,1.5);
#447=VECTOR('',#1845,10.);
#448=VECTOR('',#1846,10.);
#449=VECTOR('',#1847,10.);
#450=VECTOR('',#1848,10.);
#451=VECTOR('',#1855,10.);
#452=VECTOR('',#1858,10.);
#453=VECTOR('',#1859,10.);
#454=VECTOR('',#1860,10.);
#455=VECTOR('',#1867,10.);
#456=VECTOR('',#1870,10.);
#457=VECTOR('',#1871,10.);
#458=VECTOR('',#1872,10.);
#459=VECTOR('',#1879,10.);
#460=VECTOR('',#1882,10.);
#461=VECTOR('',#1883,10.);
#462=VECTOR('',#1884,10.);
#463=VECTOR('',#1899,5.);
#464=VECTOR('',#1906,1.5);
#465=VECTOR('',#1909,1.5);
#466=VECTOR('',#1912,10.);
#467=VECTOR('',#1915,10.);
#468=VECTOR('',#1918,10.);
#469=VECTOR('',#1921,10.);
#470=VECTOR('',#1924,10.);
#471=VECTOR('',#1929,10.);
#472=VECTOR('',#1932,10.);
#473=VECTOR('',#1935,10.);
#474=VECTOR('',#1938,10.);
#475=VECTOR('',#1941,10.);
#476=VECTOR('',#1946,10.);
#477=VECTOR('',#1947,10.);
#478=VECTOR('',#1952,1.5);
#479=VECTOR('',#1953,1.5);
#480=VECTOR('',#1956,10.);
#481=VECTOR('',#1961,10.);
#482=VECTOR('',#1962,10.);
#483=VECTOR('',#1965,10.);
#484=VECTOR('',#1970,10.);
#485=VECTOR('',#1975,10.);
#486=VECTOR('',#1976,10.);
#487=VECTOR('',#1981,10.);
#488=VECTOR('',#1984,10.);
#489=VECTOR('',#1987,10.);
#490=VECTOR('',#1990,10.);
#491=VECTOR('',#1993,10.);
#492=VECTOR('',#1994,10.);
#493=VECTOR('',#1995,10.);
#494=VECTOR('',#1998,10.);
#495=VECTOR('',#2003,10.);
#496=VECTOR('',#2004,10.);
#497=VECTOR('',#2007,10.);
#498=VECTOR('',#2012,10.);
#499=VECTOR('',#2013,10.);
#500=VECTOR('',#2016,10.);
#501=VECTOR('',#2021,10.);
#502=VECTOR('',#2022,10.);
#503=VECTOR('',#2029,10.);
#504=VECTOR('',#2030,10.);
#505=VECTOR('',#2031,10.);
#506=VECTOR('',#2036,10.);
#507=VECTOR('',#2039,10.);
#508=VECTOR('',#2040,10.);
#509=VECTOR('',#2045,10.);
#510=VECTOR('',#2048,10.);
#511=VECTOR('',#2049,10.);
#512=VECTOR('',#2054,10.);
#513=VECTOR('',#2057,10.);
#514=VECTOR('',#2058,10.);
#515=VECTOR('',#2069,10.);
#516=VECTOR('',#2072,10.);
#517=VECTOR('',#2073,10.);
#518=VECTOR('',#2078,10.);
#519=VECTOR('',#2081,10.);
#520=VECTOR('',#2082,10.);
#521=VECTOR('',#2087,10.);
#522=VECTOR('',#2090,10.);
#523=VECTOR('',#2091,10.);
#524=CIRCLE('',#1503,2.);
#525=CIRCLE('',#1504,2.);
#526=CIRCLE('',#1506,2.);
#527=CIRCLE('',#1507,2.);
#528=CIRCLE('',#1509,8.99999999999999);
#529=CIRCLE('',#1510,9.);
#530=CIRCLE('',#1511,9.);
#531=CIRCLE('',#1512,8.99999999999999);
#532=CIRCLE('',#1513,4.99999999999999);
#533=CIRCLE('',#1514,5.);
#534=CIRCLE('',#1515,5.);
#535=CIRCLE('',#1516,4.99999999999999);
#536=CIRCLE('',#1517,2.);
#537=CIRCLE('',#1518,2.);
#538=CIRCLE('',#1520,2.);
#539=CIRCLE('',#1522,2.);
#540=CIRCLE('',#1528,5.);
#541=CIRCLE('',#1531,5.);
#542=CIRCLE('',#1534,4.99999999999999);
#543=CIRCLE('',#1536,4.99999999999999);
#544=CIRCLE('',#1539,9.);
#545=CIRCLE('',#1542,9.);
#546=CIRCLE('',#1545,8.99999999999999);
#547=CIRCLE('',#1548,8.99999999999999);
#548=CIRCLE('',#1551,1.5);
#549=CIRCLE('',#1552,1.5);
#550=CIRCLE('',#1554,1.5);
#551=CIRCLE('',#1555,1.5);
#552=CIRCLE('',#1561,1.5);
#553=CIRCLE('',#1562,1.5);
#554=CIRCLE('',#1564,1.5);
#555=CIRCLE('',#1565,1.5);
#556=CIRCLE('',#1568,5.);
#557=CIRCLE('',#1569,5.);
#558=CIRCLE('',#1572,5.00000000000001);
#559=CIRCLE('',#1573,5.00000000000001);
#560=CIRCLE('',#1576,4.99999999999999);
#561=CIRCLE('',#1577,4.99999999999999);
#562=CIRCLE('',#1580,4.99999999999999);
#563=CIRCLE('',#1581,4.99999999999999);
#564=CIRCLE('',#1585,5.);
#565=CIRCLE('',#1586,5.);
#566=CIRCLE('',#1588,1.5);
#567=CIRCLE('',#1591,8.99999999999999);
#568=CIRCLE('',#1592,9.);
#569=CIRCLE('',#1593,9.);
#570=CIRCLE('',#1594,8.99999999999999);
#571=CIRCLE('',#1595,1.5);
#572=CIRCLE('',#1596,1.5);
#573=CIRCLE('',#1597,1.5);
#574=CIRCLE('',#1598,5.);
#575=CIRCLE('',#1599,5.);
#576=CIRCLE('',#1600,4.99999999999999);
#577=CIRCLE('',#1601,4.99999999999999);
#578=CIRCLE('',#1606,1.5);
#579=CIRCLE('',#1609,1.5);
#580=CIRCLE('',#1614,3.);
#581=CIRCLE('',#1615,3.);
#582=CIRCLE('',#1616,3.);
#583=CIRCLE('',#1617,3.);
#584=CIRCLE('',#1620,3.);
#585=CIRCLE('',#1623,3.);
#586=CIRCLE('',#1626,3.);
#587=CIRCLE('',#1629,3.);
#588=CIRCLE('',#1632,5.);
#589=CIRCLE('',#1635,5.);
#590=CIRCLE('',#1638,5.);
#591=CIRCLE('',#1641,5.);
#592=CIRCLE('',#1644,8.99999999999999);
#593=CIRCLE('',#1647,9.);
#594=CIRCLE('',#1650,9.);
#595=CIRCLE('',#1653,8.99999999999999);
#596=VERTEX_POINT('',#2100);
#597=VERTEX_POINT('',#2101);
#598=VERTEX_POINT('',#2103);
#599=VERTEX_POINT('',#2105);
#600=VERTEX_POINT('',#2109);
#601=VERTEX_POINT('',#2111);
#602=VERTEX_POINT('',#2115);
#603=VERTEX_POINT('',#2116);
#604=VERTEX_POINT('',#2118);
#605=VERTEX_POINT('',#2120);
#606=VERTEX_POINT('',#2122);
#607=VERTEX_POINT('',#2124);
#608=VERTEX_POINT('',#2126);
#609=VERTEX_POINT('',#2128);
#610=VERTEX_POINT('',#2131);
#611=VERTEX_POINT('',#2133);
#612=VERTEX_POINT('',#2135);
#613=VERTEX_POINT('',#2137);
#614=VERTEX_POINT('',#2139);
#615=VERTEX_POINT('',#2141);
#616=VERTEX_POINT('',#2143);
#617=VERTEX_POINT('',#2145);
#618=VERTEX_POINT('',#2147);
#619=VERTEX_POINT('',#2149);
#620=VERTEX_POINT('',#2151);
#621=VERTEX_POINT('',#2155);
#622=VERTEX_POINT('',#2157);
#623=VERTEX_POINT('',#2161);
#624=VERTEX_POINT('',#2169);
#625=VERTEX_POINT('',#2171);
#626=VERTEX_POINT('',#2175);
#627=VERTEX_POINT('',#2177);
#628=VERTEX_POINT('',#2181);
#629=VERTEX_POINT('',#2185);
#630=VERTEX_POINT('',#2189);
#631=VERTEX_POINT('',#2193);
#632=VERTEX_POINT('',#2201);
#633=VERTEX_POINT('',#2203);
#634=VERTEX_POINT('',#2207);
#635=VERTEX_POINT('',#2211);
#636=VERTEX_POINT('',#2215);
#637=VERTEX_POINT('',#2219);
#638=VERTEX_POINT('',#2223);
#639=VERTEX_POINT('',#2227);
#640=VERTEX_POINT('',#2234);
#641=VERTEX_POINT('',#2236);
#642=VERTEX_POINT('',#2240);
#643=VERTEX_POINT('',#2242);
#644=VERTEX_POINT('',#2246);
#645=VERTEX_POINT('',#2247);
#646=VERTEX_POINT('',#2249);
#647=VERTEX_POINT('',#2251);
#648=VERTEX_POINT('',#2255);
#649=VERTEX_POINT('',#2257);
#650=VERTEX_POINT('',#2261);
#651=VERTEX_POINT('',#2263);
#652=VERTEX_POINT('',#2270);
#653=VERTEX_POINT('',#2272);
#654=VERTEX_POINT('',#2276);
#655=VERTEX_POINT('',#2278);
#656=VERTEX_POINT('',#2282);
#657=VERTEX_POINT('',#2283);
#658=VERTEX_POINT('',#2285);
#659=VERTEX_POINT('',#2287);
#660=VERTEX_POINT('',#2291);
#661=VERTEX_POINT('',#2293);
#662=VERTEX_POINT('',#2297);
#663=VERTEX_POINT('',#2299);
#664=VERTEX_POINT('',#2303);
#665=VERTEX_POINT('',#2305);
#666=VERTEX_POINT('',#2309);
#667=VERTEX_POINT('',#2311);
#668=VERTEX_POINT('',#2315);
#669=VERTEX_POINT('',#2317);
#670=VERTEX_POINT('',#2321);
#671=VERTEX_POINT('',#2323);
#672=VERTEX_POINT('',#2332);
#673=VERTEX_POINT('',#2334);
#674=VERTEX_POINT('',#2338);
#675=VERTEX_POINT('',#2339);
#676=VERTEX_POINT('',#2341);
#677=VERTEX_POINT('',#2343);
#678=VERTEX_POINT('',#2347);
#679=VERTEX_POINT('',#2349);
#680=VERTEX_POINT('',#2351);
#681=VERTEX_POINT('',#2353);
#682=VERTEX_POINT('',#2355);
#683=VERTEX_POINT('',#2357);
#684=VERTEX_POINT('',#2359);
#685=VERTEX_POINT('',#2361);
#686=VERTEX_POINT('',#2363);
#687=VERTEX_POINT('',#2365);
#688=VERTEX_POINT('',#2367);
#689=VERTEX_POINT('',#2369);
#690=VERTEX_POINT('',#2372);
#691=VERTEX_POINT('',#2373);
#692=VERTEX_POINT('',#2375);
#693=VERTEX_POINT('',#2377);
#694=VERTEX_POINT('',#2379);
#695=VERTEX_POINT('',#2381);
#696=VERTEX_POINT('',#2383);
#697=VERTEX_POINT('',#2385);
#698=VERTEX_POINT('',#2389);
#699=VERTEX_POINT('',#2393);
#700=VERTEX_POINT('',#2394);
#701=VERTEX_POINT('',#2399);
#702=VERTEX_POINT('',#2401);
#703=VERTEX_POINT('',#2412);
#704=VERTEX_POINT('',#2424);
#705=VERTEX_POINT('',#2431);
#706=VERTEX_POINT('',#2435);
#707=VERTEX_POINT('',#2436);
#708=VERTEX_POINT('',#2438);
#709=VERTEX_POINT('',#2440);
#710=VERTEX_POINT('',#2442);
#711=VERTEX_POINT('',#2444);
#712=VERTEX_POINT('',#2446);
#713=VERTEX_POINT('',#2448);
#714=VERTEX_POINT('',#2452);
#715=VERTEX_POINT('',#2454);
#716=VERTEX_POINT('',#2458);
#717=VERTEX_POINT('',#2462);
#718=VERTEX_POINT('',#2466);
#719=VERTEX_POINT('',#2470);
#720=VERTEX_POINT('',#2474);
#721=VERTEX_POINT('',#2478);
#722=VERTEX_POINT('',#2484);
#723=VERTEX_POINT('',#2486);
#724=VERTEX_POINT('',#2490);
#725=VERTEX_POINT('',#2494);
#726=VERTEX_POINT('',#2498);
#727=VERTEX_POINT('',#2502);
#728=VERTEX_POINT('',#2506);
#729=VERTEX_POINT('',#2510);
#730=VERTEX_POINT('',#2517);
#731=VERTEX_POINT('',#2521);
#732=VERTEX_POINT('',#2525);
#733=VERTEX_POINT('',#2529);
#734=VERTEX_POINT('',#2533);
#735=VERTEX_POINT('',#2537);
#736=EDGE_CURVE('',#596,#597,#524,.T.);
#737=EDGE_CURVE('',#597,#598,#254,.T.);
#738=EDGE_CURVE('',#598,#599,#525,.F.);
#739=EDGE_CURVE('',#599,#596,#255,.T.);
#740=EDGE_CURVE('',#597,#600,#526,.T.);
#741=EDGE_CURVE('',#600,#601,#256,.T.);
#742=EDGE_CURVE('',#598,#601,#527,.T.);
#743=EDGE_CURVE('',#602,#603,#528,.F.);
#744=EDGE_CURVE('',#602,#604,#257,.T.);
#745=EDGE_CURVE('',#605,#604,#529,.F.);
#746=EDGE_CURVE('',#605,#606,#258,.T.);
#747=EDGE_CURVE('',#607,#606,#530,.F.);
#748=EDGE_CURVE('',#607,#608,#259,.T.);
#749=EDGE_CURVE('',#609,#608,#531,.F.);
#750=EDGE_CURVE('',#609,#603,#260,.T.);
#751=EDGE_CURVE('',#596,#610,#261,.T.);
#752=EDGE_CURVE('',#610,#611,#532,.T.);
#753=EDGE_CURVE('',#611,#612,#262,.T.);
#754=EDGE_CURVE('',#612,#613,#533,.T.);
#755=EDGE_CURVE('',#613,#614,#263,.T.);
#756=EDGE_CURVE('',#614,#615,#534,.T.);
#757=EDGE_CURVE('',#615,#616,#264,.T.);
#758=EDGE_CURVE('',#616,#617,#535,.T.);
#759=EDGE_CURVE('',#617,#618,#265,.T.);
#760=EDGE_CURVE('',#619,#618,#536,.T.);
#761=EDGE_CURVE('',#620,#619,#537,.T.);
#762=EDGE_CURVE('',#620,#600,#266,.T.);
#763=EDGE_CURVE('',#618,#621,#267,.T.);
#764=EDGE_CURVE('',#621,#622,#538,.F.);
#765=EDGE_CURVE('',#622,#619,#268,.T.);
#766=EDGE_CURVE('',#623,#622,#539,.T.);
#767=EDGE_CURVE('',#623,#620,#269,.T.);
#768=EDGE_CURVE('',#623,#601,#270,.T.);
#769=EDGE_CURVE('',#599,#621,#271,.T.);
#770=EDGE_CURVE('',#617,#624,#272,.T.);
#771=EDGE_CURVE('',#625,#624,#273,.T.);
#772=EDGE_CURVE('',#610,#625,#274,.T.);
#773=EDGE_CURVE('',#615,#626,#275,.T.);
#774=EDGE_CURVE('',#627,#626,#276,.T.);
#775=EDGE_CURVE('',#616,#627,#277,.T.);
#776=EDGE_CURVE('',#614,#628,#278,.T.);
#777=EDGE_CURVE('',#626,#628,#540,.T.);
#778=EDGE_CURVE('',#613,#629,#279,.T.);
#779=EDGE_CURVE('',#628,#629,#280,.T.);
#780=EDGE_CURVE('',#612,#630,#281,.T.);
#781=EDGE_CURVE('',#629,#630,#541,.T.);
#782=EDGE_CURVE('',#611,#631,#282,.T.);
#783=EDGE_CURVE('',#630,#631,#283,.T.);
#784=EDGE_CURVE('',#631,#625,#542,.T.);
#785=EDGE_CURVE('',#624,#627,#543,.T.);
#786=EDGE_CURVE('',#602,#632,#284,.T.);
#787=EDGE_CURVE('',#633,#632,#285,.F.);
#788=EDGE_CURVE('',#604,#633,#286,.T.);
#789=EDGE_CURVE('',#634,#633,#544,.F.);
#790=EDGE_CURVE('',#605,#634,#287,.T.);
#791=EDGE_CURVE('',#635,#634,#288,.F.);
#792=EDGE_CURVE('',#606,#635,#289,.T.);
#793=EDGE_CURVE('',#636,#635,#545,.F.);
#794=EDGE_CURVE('',#607,#636,#290,.T.);
#795=EDGE_CURVE('',#637,#636,#291,.F.);
#796=EDGE_CURVE('',#608,#637,#292,.T.);
#797=EDGE_CURVE('',#638,#637,#546,.F.);
#798=EDGE_CURVE('',#609,#638,#293,.T.);
#799=EDGE_CURVE('',#639,#638,#294,.F.);
#800=EDGE_CURVE('',#603,#639,#295,.T.);
#801=EDGE_CURVE('',#632,#639,#547,.F.);
#802=EDGE_CURVE('',#640,#640,#548,.T.);
#803=EDGE_CURVE('',#640,#641,#296,.T.);
#804=EDGE_CURVE('',#641,#641,#549,.T.);
#805=EDGE_CURVE('',#642,#642,#550,.T.);
#806=EDGE_CURVE('',#642,#643,#297,.T.);
#807=EDGE_CURVE('',#643,#643,#551,.T.);
#808=EDGE_CURVE('',#644,#645,#298,.T.);
#809=EDGE_CURVE('',#644,#646,#299,.T.);
#810=EDGE_CURVE('',#647,#646,#300,.T.);
#811=EDGE_CURVE('',#645,#647,#301,.T.);
#812=EDGE_CURVE('',#645,#648,#302,.T.);
#813=EDGE_CURVE('',#649,#647,#303,.T.);
#814=EDGE_CURVE('',#648,#649,#304,.T.);
#815=EDGE_CURVE('',#648,#650,#305,.T.);
#816=EDGE_CURVE('',#651,#649,#306,.T.);
#817=EDGE_CURVE('',#650,#651,#307,.T.);
#818=EDGE_CURVE('',#650,#644,#308,.T.);
#819=EDGE_CURVE('',#646,#651,#309,.T.);
#820=EDGE_CURVE('',#652,#652,#552,.T.);
#821=EDGE_CURVE('',#652,#653,#310,.T.);
#822=EDGE_CURVE('',#653,#653,#553,.T.);
#823=EDGE_CURVE('',#654,#654,#554,.T.);
#824=EDGE_CURVE('',#654,#655,#311,.T.);
#825=EDGE_CURVE('',#655,#655,#555,.T.);
#826=EDGE_CURVE('',#656,#657,#312,.T.);
#827=EDGE_CURVE('',#656,#658,#313,.T.);
#828=EDGE_CURVE('',#659,#658,#314,.T.);
#829=EDGE_CURVE('',#657,#659,#315,.T.);
#830=EDGE_CURVE('',#657,#660,#556,.T.);
#831=EDGE_CURVE('',#661,#659,#557,.T.);
#832=EDGE_CURVE('',#660,#661,#316,.T.);
#833=EDGE_CURVE('',#660,#662,#317,.T.);
#834=EDGE_CURVE('',#663,#661,#318,.T.);
#835=EDGE_CURVE('',#662,#663,#319,.T.);
#836=EDGE_CURVE('',#662,#664,#558,.T.);
#837=EDGE_CURVE('',#665,#663,#559,.T.);
#838=EDGE_CURVE('',#664,#665,#320,.T.);
#839=EDGE_CURVE('',#664,#666,#321,.T.);
#840=EDGE_CURVE('',#667,#665,#322,.T.);
#841=EDGE_CURVE('',#666,#667,#323,.T.);
#842=EDGE_CURVE('',#666,#668,#560,.T.);
#843=EDGE_CURVE('',#669,#667,#561,.T.);
#844=EDGE_CURVE('',#668,#669,#324,.T.);
#845=EDGE_CURVE('',#668,#670,#325,.T.);
#846=EDGE_CURVE('',#671,#669,#326,.T.);
#847=EDGE_CURVE('',#670,#671,#327,.T.);
#848=EDGE_CURVE('',#670,#656,#562,.T.);
#849=EDGE_CURVE('',#658,#671,#563,.T.);
#850=EDGE_CURVE('',#672,#672,#564,.T.);
#851=EDGE_CURVE('',#672,#673,#328,.T.);
#852=EDGE_CURVE('',#673,#673,#565,.T.);
#853=EDGE_CURVE('',#674,#675,#566,.T.);
#854=EDGE_CURVE('',#675,#676,#329,.T.);
#855=EDGE_CURVE('',#677,#676,#15,.T.);
#856=EDGE_CURVE('',#677,#674,#330,.T.);
#857=EDGE_CURVE('',#678,#674,#331,.T.);
#858=EDGE_CURVE('',#678,#679,#567,.F.);
#859=EDGE_CURVE('',#680,#679,#332,.T.);
#860=EDGE_CURVE('',#680,#681,#568,.F.);
#861=EDGE_CURVE('',#682,#681,#333,.T.);
#862=EDGE_CURVE('',#682,#683,#569,.F.);
#863=EDGE_CURVE('',#684,#683,#334,.T.);
#864=EDGE_CURVE('',#684,#685,#570,.F.);
#865=EDGE_CURVE('',#686,#685,#335,.T.);
#866=EDGE_CURVE('',#687,#686,#571,.T.);
#867=EDGE_CURVE('',#688,#687,#572,.T.);
#868=EDGE_CURVE('',#688,#689,#336,.T.);
#869=EDGE_CURVE('',#675,#689,#573,.T.);
#870=EDGE_CURVE('',#690,#691,#337,.T.);
#871=EDGE_CURVE('',#692,#690,#574,.T.);
#872=EDGE_CURVE('',#693,#692,#338,.T.);
#873=EDGE_CURVE('',#694,#693,#575,.T.);
#874=EDGE_CURVE('',#695,#694,#339,.T.);
#875=EDGE_CURVE('',#696,#695,#576,.T.);
#876=EDGE_CURVE('',#697,#696,#340,.T.);
#877=EDGE_CURVE('',#691,#697,#577,.T.);
#878=EDGE_CURVE('',#698,#677,#341,.T.);
#879=EDGE_CURVE('',#678,#698,#342,.T.);
#880=EDGE_CURVE('',#699,#700,#16,.F.);
#881=EDGE_CURVE('',#700,#687,#343,.T.);
#882=EDGE_CURVE('',#686,#699,#344,.T.);
#883=EDGE_CURVE('',#689,#701,#345,.T.);
#884=EDGE_CURVE('',#702,#701,#578,.T.);
#885=EDGE_CURVE('',#676,#702,#13,.T.);
#886=EDGE_CURVE('',#702,#703,#346,.T.);
#887=EDGE_CURVE('',#703,#700,#14,.T.);
#888=EDGE_CURVE('',#677,#699,#347,.T.);
#889=EDGE_CURVE('',#704,#701,#348,.T.);
#890=EDGE_CURVE('',#704,#703,#579,.T.);
#891=EDGE_CURVE('',#704,#688,#349,.T.);
#892=EDGE_CURVE('',#685,#705,#350,.T.);
#893=EDGE_CURVE('',#699,#705,#351,.T.);
#894=EDGE_CURVE('',#706,#707,#580,.T.);
#895=EDGE_CURVE('',#707,#708,#352,.T.);
#896=EDGE_CURVE('',#708,#709,#581,.T.);
#897=EDGE_CURVE('',#709,#710,#353,.T.);
#898=EDGE_CURVE('',#710,#711,#582,.T.);
#899=EDGE_CURVE('',#711,#712,#354,.T.);
#900=EDGE_CURVE('',#712,#713,#583,.T.);
#901=EDGE_CURVE('',#713,#706,#355,.T.);
#902=EDGE_CURVE('',#713,#714,#356,.T.);
#903=EDGE_CURVE('',#715,#714,#357,.T.);
#904=EDGE_CURVE('',#706,#715,#358,.T.);
#905=EDGE_CURVE('',#712,#716,#359,.T.);
#906=EDGE_CURVE('',#714,#716,#584,.T.);
#907=EDGE_CURVE('',#711,#717,#360,.T.);
#908=EDGE_CURVE('',#716,#717,#361,.T.);
#909=EDGE_CURVE('',#710,#718,#362,.T.);
#910=EDGE_CURVE('',#717,#718,#585,.T.);
#911=EDGE_CURVE('',#709,#719,#363,.T.);
#912=EDGE_CURVE('',#718,#719,#364,.T.);
#913=EDGE_CURVE('',#708,#720,#365,.T.);
#914=EDGE_CURVE('',#719,#720,#586,.T.);
#915=EDGE_CURVE('',#707,#721,#366,.T.);
#916=EDGE_CURVE('',#720,#721,#367,.T.);
#917=EDGE_CURVE('',#721,#715,#587,.T.);
#918=EDGE_CURVE('',#691,#722,#368,.T.);
#919=EDGE_CURVE('',#723,#722,#369,.T.);
#920=EDGE_CURVE('',#690,#723,#370,.T.);
#921=EDGE_CURVE('',#724,#723,#588,.T.);
#922=EDGE_CURVE('',#692,#724,#371,.T.);
#923=EDGE_CURVE('',#725,#724,#372,.T.);
#924=EDGE_CURVE('',#693,#725,#373,.T.);
#925=EDGE_CURVE('',#726,#725,#589,.T.);
#926=EDGE_CURVE('',#694,#726,#374,.T.);
#927=EDGE_CURVE('',#727,#726,#375,.T.);
#928=EDGE_CURVE('',#695,#727,#376,.T.);
#929=EDGE_CURVE('',#728,#727,#590,.T.);
#930=EDGE_CURVE('',#696,#728,#377,.T.);
#931=EDGE_CURVE('',#729,#728,#378,.T.);
#932=EDGE_CURVE('',#697,#729,#379,.T.);
#933=EDGE_CURVE('',#722,#729,#591,.T.);
#934=EDGE_CURVE('',#730,#698,#592,.T.);
#935=EDGE_CURVE('',#679,#730,#380,.T.);
#936=EDGE_CURVE('',#731,#730,#381,.T.);
#937=EDGE_CURVE('',#680,#731,#382,.T.);
#938=EDGE_CURVE('',#732,#731,#593,.T.);
#939=EDGE_CURVE('',#681,#732,#383,.T.);
#940=EDGE_CURVE('',#733,#732,#384,.T.);
#941=EDGE_CURVE('',#682,#733,#385,.T.);
#942=EDGE_CURVE('',#734,#733,#594,.T.);
#943=EDGE_CURVE('',#683,#734,#386,.T.);
#944=EDGE_CURVE('',#735,#734,#387,.T.);
#945=EDGE_CURVE('',#684,#735,#388,.T.);
#946=EDGE_CURVE('',#705,#735,#595,.T.);
#947=ORIENTED_EDGE('',*,*,#736,.T.);
#948=ORIENTED_EDGE('',*,*,#737,.T.);
#949=ORIENTED_EDGE('',*,*,#738,.T.);
#950=ORIENTED_EDGE('',*,*,#739,.T.);
#951=ORIENTED_EDGE('',*,*,#737,.F.);
#952=ORIENTED_EDGE('',*,*,#740,.T.);
#953=ORIENTED_EDGE('',*,*,#741,.T.);
#954=ORIENTED_EDGE('',*,*,#742,.F.);
#955=ORIENTED_EDGE('',*,*,#743,.F.);
#956=ORIENTED_EDGE('',*,*,#744,.T.);
#957=ORIENTED_EDGE('',*,*,#745,.F.);
#958=ORIENTED_EDGE('',*,*,#746,.T.);
#959=ORIENTED_EDGE('',*,*,#747,.F.);
#960=ORIENTED_EDGE('',*,*,#748,.T.);
#961=ORIENTED_EDGE('',*,*,#749,.F.);
#962=ORIENTED_EDGE('',*,*,#750,.T.);
#963=ORIENTED_EDGE('',*,*,#736,.F.);
#964=ORIENTED_EDGE('',*,*,#751,.T.);
#965=ORIENTED_EDGE('',*,*,#752,.T.);
#966=ORIENTED_EDGE('',*,*,#753,.T.);
#967=ORIENTED_EDGE('',*,*,#754,.T.);
#968=ORIENTED_EDGE('',*,*,#755,.T.);
#969=ORIENTED_EDGE('',*,*,#756,.T.);
#970=ORIENTED_EDGE('',*,*,#757,.T.);
#971=ORIENTED_EDGE('',*,*,#758,.T.);
#972=ORIENTED_EDGE('',*,*,#759,.T.);
#973=ORIENTED_EDGE('',*,*,#760,.F.);
#974=ORIENTED_EDGE('',*,*,#761,.F.);
#975=ORIENTED_EDGE('',*,*,#762,.T.);
#976=ORIENTED_EDGE('',*,*,#740,.F.);
#977=ORIENTED_EDGE('',*,*,#760,.T.);
#978=ORIENTED_EDGE('',*,*,#763,.T.);
#979=ORIENTED_EDGE('',*,*,#764,.T.);
#980=ORIENTED_EDGE('',*,*,#765,.T.);
#981=ORIENTED_EDGE('',*,*,#765,.F.);
#982=ORIENTED_EDGE('',*,*,#766,.F.);
#983=ORIENTED_EDGE('',*,*,#767,.T.);
#984=ORIENTED_EDGE('',*,*,#761,.T.);
#985=ORIENTED_EDGE('',*,*,#742,.T.);
#986=ORIENTED_EDGE('',*,*,#768,.F.);
#987=ORIENTED_EDGE('',*,*,#766,.T.);
#988=ORIENTED_EDGE('',*,*,#764,.F.);
#989=ORIENTED_EDGE('',*,*,#769,.F.);
#990=ORIENTED_EDGE('',*,*,#738,.F.);
#991=ORIENTED_EDGE('',*,*,#741,.F.);
#992=ORIENTED_EDGE('',*,*,#762,.F.);
#993=ORIENTED_EDGE('',*,*,#767,.F.);
#994=ORIENTED_EDGE('',*,*,#768,.T.);
#995=ORIENTED_EDGE('',*,*,#769,.T.);
#996=ORIENTED_EDGE('',*,*,#763,.F.);
#997=ORIENTED_EDGE('',*,*,#759,.F.);
#998=ORIENTED_EDGE('',*,*,#770,.T.);
#999=ORIENTED_EDGE('',*,*,#771,.F.);
#1000=ORIENTED_EDGE('',*,*,#772,.F.);
#1001=ORIENTED_EDGE('',*,*,#751,.F.);
#1002=ORIENTED_EDGE('',*,*,#739,.F.);
#1003=ORIENTED_EDGE('',*,*,#757,.F.);
#1004=ORIENTED_EDGE('',*,*,#773,.T.);
#1005=ORIENTED_EDGE('',*,*,#774,.F.);
#1006=ORIENTED_EDGE('',*,*,#775,.F.);
#1007=ORIENTED_EDGE('',*,*,#756,.F.);
#1008=ORIENTED_EDGE('',*,*,#776,.T.);
#1009=ORIENTED_EDGE('',*,*,#777,.F.);
#1010=ORIENTED_EDGE('',*,*,#773,.F.);
#1011=ORIENTED_EDGE('',*,*,#755,.F.);
#1012=ORIENTED_EDGE('',*,*,#778,.T.);
#1013=ORIENTED_EDGE('',*,*,#779,.F.);
#1014=ORIENTED_EDGE('',*,*,#776,.F.);
#1015=ORIENTED_EDGE('',*,*,#754,.F.);
#1016=ORIENTED_EDGE('',*,*,#780,.T.);
#1017=ORIENTED_EDGE('',*,*,#781,.F.);
#1018=ORIENTED_EDGE('',*,*,#778,.F.);
#1019=ORIENTED_EDGE('',*,*,#753,.F.);
#1020=ORIENTED_EDGE('',*,*,#782,.T.);
#1021=ORIENTED_EDGE('',*,*,#783,.F.);
#1022=ORIENTED_EDGE('',*,*,#780,.F.);
#1023=ORIENTED_EDGE('',*,*,#752,.F.);
#1024=ORIENTED_EDGE('',*,*,#772,.T.);
#1025=ORIENTED_EDGE('',*,*,#784,.F.);
#1026=ORIENTED_EDGE('',*,*,#782,.F.);
#1027=ORIENTED_EDGE('',*,*,#758,.F.);
#1028=ORIENTED_EDGE('',*,*,#775,.T.);
#1029=ORIENTED_EDGE('',*,*,#785,.F.);
#1030=ORIENTED_EDGE('',*,*,#770,.F.);
#1031=ORIENTED_EDGE('',*,*,#744,.F.);
#1032=ORIENTED_EDGE('',*,*,#786,.T.);
#1033=ORIENTED_EDGE('',*,*,#787,.F.);
#1034=ORIENTED_EDGE('',*,*,#788,.F.);
#1035=ORIENTED_EDGE('',*,*,#745,.T.);
#1036=ORIENTED_EDGE('',*,*,#788,.T.);
#1037=ORIENTED_EDGE('',*,*,#789,.F.);
#1038=ORIENTED_EDGE('',*,*,#790,.F.);
#1039=ORIENTED_EDGE('',*,*,#746,.F.);
#1040=ORIENTED_EDGE('',*,*,#790,.T.);
#1041=ORIENTED_EDGE('',*,*,#791,.F.);
#1042=ORIENTED_EDGE('',*,*,#792,.F.);
#1043=ORIENTED_EDGE('',*,*,#747,.T.);
#1044=ORIENTED_EDGE('',*,*,#792,.T.);
#1045=ORIENTED_EDGE('',*,*,#793,.F.);
#1046=ORIENTED_EDGE('',*,*,#794,.F.);
#1047=ORIENTED_EDGE('',*,*,#748,.F.);
#1048=ORIENTED_EDGE('',*,*,#794,.T.);
#1049=ORIENTED_EDGE('',*,*,#795,.F.);
#1050=ORIENTED_EDGE('',*,*,#796,.F.);
#1051=ORIENTED_EDGE('',*,*,#749,.T.);
#1052=ORIENTED_EDGE('',*,*,#796,.T.);
#1053=ORIENTED_EDGE('',*,*,#797,.F.);
#1054=ORIENTED_EDGE('',*,*,#798,.F.);
#1055=ORIENTED_EDGE('',*,*,#750,.F.);
#1056=ORIENTED_EDGE('',*,*,#798,.T.);
#1057=ORIENTED_EDGE('',*,*,#799,.F.);
#1058=ORIENTED_EDGE('',*,*,#800,.F.);
#1059=ORIENTED_EDGE('',*,*,#743,.T.);
#1060=ORIENTED_EDGE('',*,*,#800,.T.);
#1061=ORIENTED_EDGE('',*,*,#801,.F.);
#1062=ORIENTED_EDGE('',*,*,#786,.F.);
#1063=ORIENTED_EDGE('',*,*,#801,.T.);
#1064=ORIENTED_EDGE('',*,*,#799,.T.);
#1065=ORIENTED_EDGE('',*,*,#797,.T.);
#1066=ORIENTED_EDGE('',*,*,#795,.T.);
#1067=ORIENTED_EDGE('',*,*,#793,.T.);
#1068=ORIENTED_EDGE('',*,*,#791,.T.);
#1069=ORIENTED_EDGE('',*,*,#789,.T.);
#1070=ORIENTED_EDGE('',*,*,#787,.T.);
#1071=ORIENTED_EDGE('',*,*,#774,.T.);
#1072=ORIENTED_EDGE('',*,*,#777,.T.);
#1073=ORIENTED_EDGE('',*,*,#779,.T.);
#1074=ORIENTED_EDGE('',*,*,#781,.T.);
#1075=ORIENTED_EDGE('',*,*,#783,.T.);
#1076=ORIENTED_EDGE('',*,*,#784,.T.);
#1077=ORIENTED_EDGE('',*,*,#771,.T.);
#1078=ORIENTED_EDGE('',*,*,#785,.T.);
#1079=ORIENTED_EDGE('',*,*,#802,.F.);
#1080=ORIENTED_EDGE('',*,*,#803,.T.);
#1081=ORIENTED_EDGE('',*,*,#804,.F.);
#1082=ORIENTED_EDGE('',*,*,#803,.F.);
#1083=ORIENTED_EDGE('',*,*,#805,.F.);
#1084=ORIENTED_EDGE('',*,*,#806,.T.);
#1085=ORIENTED_EDGE('',*,*,#807,.F.);
#1086=ORIENTED_EDGE('',*,*,#806,.F.);
#1087=ORIENTED_EDGE('',*,*,#808,.F.);
#1088=ORIENTED_EDGE('',*,*,#809,.T.);
#1089=ORIENTED_EDGE('',*,*,#810,.F.);
#1090=ORIENTED_EDGE('',*,*,#811,.F.);
#1091=ORIENTED_EDGE('',*,*,#812,.F.);
#1092=ORIENTED_EDGE('',*,*,#811,.T.);
#1093=ORIENTED_EDGE('',*,*,#813,.F.);
#1094=ORIENTED_EDGE('',*,*,#814,.F.);
#1095=ORIENTED_EDGE('',*,*,#815,.F.);
#1096=ORIENTED_EDGE('',*,*,#814,.T.);
#1097=ORIENTED_EDGE('',*,*,#816,.F.);
#1098=ORIENTED_EDGE('',*,*,#817,.F.);
#1099=ORIENTED_EDGE('',*,*,#818,.F.);
#1100=ORIENTED_EDGE('',*,*,#817,.T.);
#1101=ORIENTED_EDGE('',*,*,#819,.F.);
#1102=ORIENTED_EDGE('',*,*,#809,.F.);
#1103=ORIENTED_EDGE('',*,*,#820,.F.);
#1104=ORIENTED_EDGE('',*,*,#821,.T.);
#1105=ORIENTED_EDGE('',*,*,#822,.F.);
#1106=ORIENTED_EDGE('',*,*,#821,.F.);
#1107=ORIENTED_EDGE('',*,*,#823,.F.);
#1108=ORIENTED_EDGE('',*,*,#824,.T.);
#1109=ORIENTED_EDGE('',*,*,#825,.F.);
#1110=ORIENTED_EDGE('',*,*,#824,.F.);
#1111=ORIENTED_EDGE('',*,*,#826,.F.);
#1112=ORIENTED_EDGE('',*,*,#827,.T.);
#1113=ORIENTED_EDGE('',*,*,#828,.F.);
#1114=ORIENTED_EDGE('',*,*,#829,.F.);
#1115=ORIENTED_EDGE('',*,*,#830,.F.);
#1116=ORIENTED_EDGE('',*,*,#829,.T.);
#1117=ORIENTED_EDGE('',*,*,#831,.F.);
#1118=ORIENTED_EDGE('',*,*,#832,.F.);
#1119=ORIENTED_EDGE('',*,*,#833,.F.);
#1120=ORIENTED_EDGE('',*,*,#832,.T.);
#1121=ORIENTED_EDGE('',*,*,#834,.F.);
#1122=ORIENTED_EDGE('',*,*,#835,.F.);
#1123=ORIENTED_EDGE('',*,*,#836,.F.);
#1124=ORIENTED_EDGE('',*,*,#835,.T.);
#1125=ORIENTED_EDGE('',*,*,#837,.F.);
#1126=ORIENTED_EDGE('',*,*,#838,.F.);
#1127=ORIENTED_EDGE('',*,*,#839,.F.);
#1128=ORIENTED_EDGE('',*,*,#838,.T.);
#1129=ORIENTED_EDGE('',*,*,#840,.F.);
#1130=ORIENTED_EDGE('',*,*,#841,.F.);
#1131=ORIENTED_EDGE('',*,*,#842,.F.);
#1132=ORIENTED_EDGE('',*,*,#841,.T.);
#1133=ORIENTED_EDGE('',*,*,#843,.F.);
#1134=ORIENTED_EDGE('',*,*,#844,.F.);
#1135=ORIENTED_EDGE('',*,*,#845,.F.);
#1136=ORIENTED_EDGE('',*,*,#844,.T.);
#1137=ORIENTED_EDGE('',*,*,#846,.F.);
#1138=ORIENTED_EDGE('',*,*,#847,.F.);
#1139=ORIENTED_EDGE('',*,*,#848,.F.);
#1140=ORIENTED_EDGE('',*,*,#847,.T.);
#1141=ORIENTED_EDGE('',*,*,#849,.F.);
#1142=ORIENTED_EDGE('',*,*,#827,.F.);
#1143=ORIENTED_EDGE('',*,*,#848,.T.);
#1144=ORIENTED_EDGE('',*,*,#826,.T.);
#1145=ORIENTED_EDGE('',*,*,#830,.T.);
#1146=ORIENTED_EDGE('',*,*,#833,.T.);
#1147=ORIENTED_EDGE('',*,*,#836,.T.);
#1148=ORIENTED_EDGE('',*,*,#839,.T.);
#1149=ORIENTED_EDGE('',*,*,#842,.T.);
#1150=ORIENTED_EDGE('',*,*,#845,.T.);
#1151=ORIENTED_EDGE('',*,*,#825,.T.);
#1152=ORIENTED_EDGE('',*,*,#822,.T.);
#1153=ORIENTED_EDGE('',*,*,#818,.T.);
#1154=ORIENTED_EDGE('',*,*,#808,.T.);
#1155=ORIENTED_EDGE('',*,*,#812,.T.);
#1156=ORIENTED_EDGE('',*,*,#815,.T.);
#1157=ORIENTED_EDGE('',*,*,#807,.T.);
#1158=ORIENTED_EDGE('',*,*,#804,.T.);
#1159=ORIENTED_EDGE('',*,*,#849,.T.);
#1160=ORIENTED_EDGE('',*,*,#846,.T.);
#1161=ORIENTED_EDGE('',*,*,#843,.T.);
#1162=ORIENTED_EDGE('',*,*,#840,.T.);
#1163=ORIENTED_EDGE('',*,*,#837,.T.);
#1164=ORIENTED_EDGE('',*,*,#834,.T.);
#1165=ORIENTED_EDGE('',*,*,#831,.T.);
#1166=ORIENTED_EDGE('',*,*,#828,.T.);
#1167=ORIENTED_EDGE('',*,*,#823,.T.);
#1168=ORIENTED_EDGE('',*,*,#820,.T.);
#1169=ORIENTED_EDGE('',*,*,#819,.T.);
#1170=ORIENTED_EDGE('',*,*,#816,.T.);
#1171=ORIENTED_EDGE('',*,*,#813,.T.);
#1172=ORIENTED_EDGE('',*,*,#810,.T.);
#1173=ORIENTED_EDGE('',*,*,#805,.T.);
#1174=ORIENTED_EDGE('',*,*,#802,.T.);
#1175=ORIENTED_EDGE('',*,*,#850,.F.);
#1176=ORIENTED_EDGE('',*,*,#851,.T.);
#1177=ORIENTED_EDGE('',*,*,#852,.F.);
#1178=ORIENTED_EDGE('',*,*,#851,.F.);
#1179=ORIENTED_EDGE('',*,*,#853,.T.);
#1180=ORIENTED_EDGE('',*,*,#854,.T.);
#1181=ORIENTED_EDGE('',*,*,#855,.F.);
#1182=ORIENTED_EDGE('',*,*,#856,.T.);
#1183=ORIENTED_EDGE('',*,*,#853,.F.);
#1184=ORIENTED_EDGE('',*,*,#857,.F.);
#1185=ORIENTED_EDGE('',*,*,#858,.T.);
#1186=ORIENTED_EDGE('',*,*,#859,.F.);
#1187=ORIENTED_EDGE('',*,*,#860,.T.);
#1188=ORIENTED_EDGE('',*,*,#861,.F.);
#1189=ORIENTED_EDGE('',*,*,#862,.T.);
#1190=ORIENTED_EDGE('',*,*,#863,.F.);
#1191=ORIENTED_EDGE('',*,*,#864,.T.);
#1192=ORIENTED_EDGE('',*,*,#865,.F.);
#1193=ORIENTED_EDGE('',*,*,#866,.F.);
#1194=ORIENTED_EDGE('',*,*,#867,.F.);
#1195=ORIENTED_EDGE('',*,*,#868,.T.);
#1196=ORIENTED_EDGE('',*,*,#869,.F.);
#1197=ORIENTED_EDGE('',*,*,#870,.F.);
#1198=ORIENTED_EDGE('',*,*,#871,.F.);
#1199=ORIENTED_EDGE('',*,*,#872,.F.);
#1200=ORIENTED_EDGE('',*,*,#873,.F.);
#1201=ORIENTED_EDGE('',*,*,#874,.F.);
#1202=ORIENTED_EDGE('',*,*,#875,.F.);
#1203=ORIENTED_EDGE('',*,*,#876,.F.);
#1204=ORIENTED_EDGE('',*,*,#877,.F.);
#1205=ORIENTED_EDGE('',*,*,#856,.F.);
#1206=ORIENTED_EDGE('',*,*,#878,.F.);
#1207=ORIENTED_EDGE('',*,*,#879,.F.);
#1208=ORIENTED_EDGE('',*,*,#857,.T.);
#1209=ORIENTED_EDGE('',*,*,#880,.T.);
#1210=ORIENTED_EDGE('',*,*,#881,.T.);
#1211=ORIENTED_EDGE('',*,*,#866,.T.);
#1212=ORIENTED_EDGE('',*,*,#882,.T.);
#1213=ORIENTED_EDGE('',*,*,#854,.F.);
#1214=ORIENTED_EDGE('',*,*,#869,.T.);
#1215=ORIENTED_EDGE('',*,*,#883,.T.);
#1216=ORIENTED_EDGE('',*,*,#884,.F.);
#1217=ORIENTED_EDGE('',*,*,#885,.F.);
#1218=ORIENTED_EDGE('',*,*,#885,.T.);
#1219=ORIENTED_EDGE('',*,*,#886,.T.);
#1220=ORIENTED_EDGE('',*,*,#887,.T.);
#1221=ORIENTED_EDGE('',*,*,#880,.F.);
#1222=ORIENTED_EDGE('',*,*,#888,.F.);
#1223=ORIENTED_EDGE('',*,*,#855,.T.);
#1224=ORIENTED_EDGE('',*,*,#884,.T.);
#1225=ORIENTED_EDGE('',*,*,#889,.F.);
#1226=ORIENTED_EDGE('',*,*,#890,.T.);
#1227=ORIENTED_EDGE('',*,*,#886,.F.);
#1228=ORIENTED_EDGE('',*,*,#883,.F.);
#1229=ORIENTED_EDGE('',*,*,#868,.F.);
#1230=ORIENTED_EDGE('',*,*,#891,.F.);
#1231=ORIENTED_EDGE('',*,*,#889,.T.);
#1232=ORIENTED_EDGE('',*,*,#881,.F.);
#1233=ORIENTED_EDGE('',*,*,#887,.F.);
#1234=ORIENTED_EDGE('',*,*,#890,.F.);
#1235=ORIENTED_EDGE('',*,*,#891,.T.);
#1236=ORIENTED_EDGE('',*,*,#867,.T.);
#1237=ORIENTED_EDGE('',*,*,#882,.F.);
#1238=ORIENTED_EDGE('',*,*,#865,.T.);
#1239=ORIENTED_EDGE('',*,*,#892,.T.);
#1240=ORIENTED_EDGE('',*,*,#893,.F.);
#1241=ORIENTED_EDGE('',*,*,#894,.T.);
#1242=ORIENTED_EDGE('',*,*,#895,.T.);
#1243=ORIENTED_EDGE('',*,*,#896,.T.);
#1244=ORIENTED_EDGE('',*,*,#897,.T.);
#1245=ORIENTED_EDGE('',*,*,#898,.T.);
#1246=ORIENTED_EDGE('',*,*,#899,.T.);
#1247=ORIENTED_EDGE('',*,*,#900,.T.);
#1248=ORIENTED_EDGE('',*,*,#901,.T.);
#1249=ORIENTED_EDGE('',*,*,#852,.T.);
#1250=ORIENTED_EDGE('',*,*,#901,.F.);
#1251=ORIENTED_EDGE('',*,*,#902,.T.);
#1252=ORIENTED_EDGE('',*,*,#903,.F.);
#1253=ORIENTED_EDGE('',*,*,#904,.F.);
#1254=ORIENTED_EDGE('',*,*,#900,.F.);
#1255=ORIENTED_EDGE('',*,*,#905,.T.);
#1256=ORIENTED_EDGE('',*,*,#906,.F.);
#1257=ORIENTED_EDGE('',*,*,#902,.F.);
#1258=ORIENTED_EDGE('',*,*,#899,.F.);
#1259=ORIENTED_EDGE('',*,*,#907,.T.);
#1260=ORIENTED_EDGE('',*,*,#908,.F.);
#1261=ORIENTED_EDGE('',*,*,#905,.F.);
#1262=ORIENTED_EDGE('',*,*,#898,.F.);
#1263=ORIENTED_EDGE('',*,*,#909,.T.);
#1264=ORIENTED_EDGE('',*,*,#910,.F.);
#1265=ORIENTED_EDGE('',*,*,#907,.F.);
#1266=ORIENTED_EDGE('',*,*,#897,.F.);
#1267=ORIENTED_EDGE('',*,*,#911,.T.);
#1268=ORIENTED_EDGE('',*,*,#912,.F.);
#1269=ORIENTED_EDGE('',*,*,#909,.F.);
#1270=ORIENTED_EDGE('',*,*,#896,.F.);
#1271=ORIENTED_EDGE('',*,*,#913,.T.);
#1272=ORIENTED_EDGE('',*,*,#914,.F.);
#1273=ORIENTED_EDGE('',*,*,#911,.F.);
#1274=ORIENTED_EDGE('',*,*,#895,.F.);
#1275=ORIENTED_EDGE('',*,*,#915,.T.);
#1276=ORIENTED_EDGE('',*,*,#916,.F.);
#1277=ORIENTED_EDGE('',*,*,#913,.F.);
#1278=ORIENTED_EDGE('',*,*,#894,.F.);
#1279=ORIENTED_EDGE('',*,*,#904,.T.);
#1280=ORIENTED_EDGE('',*,*,#917,.F.);
#1281=ORIENTED_EDGE('',*,*,#915,.F.);
#1282=ORIENTED_EDGE('',*,*,#870,.T.);
#1283=ORIENTED_EDGE('',*,*,#918,.T.);
#1284=ORIENTED_EDGE('',*,*,#919,.F.);
#1285=ORIENTED_EDGE('',*,*,#920,.F.);
#1286=ORIENTED_EDGE('',*,*,#871,.T.);
#1287=ORIENTED_EDGE('',*,*,#920,.T.);
#1288=ORIENTED_EDGE('',*,*,#921,.F.);
#1289=ORIENTED_EDGE('',*,*,#922,.F.);
#1290=ORIENTED_EDGE('',*,*,#872,.T.);
#1291=ORIENTED_EDGE('',*,*,#922,.T.);
#1292=ORIENTED_EDGE('',*,*,#923,.F.);
#1293=ORIENTED_EDGE('',*,*,#924,.F.);
#1294=ORIENTED_EDGE('',*,*,#873,.T.);
#1295=ORIENTED_EDGE('',*,*,#924,.T.);
#1296=ORIENTED_EDGE('',*,*,#925,.F.);
#1297=ORIENTED_EDGE('',*,*,#926,.F.);
#1298=ORIENTED_EDGE('',*,*,#874,.T.);
#1299=ORIENTED_EDGE('',*,*,#926,.T.);
#1300=ORIENTED_EDGE('',*,*,#927,.F.);
#1301=ORIENTED_EDGE('',*,*,#928,.F.);
#1302=ORIENTED_EDGE('',*,*,#875,.T.);
#1303=ORIENTED_EDGE('',*,*,#928,.T.);
#1304=ORIENTED_EDGE('',*,*,#929,.F.);
#1305=ORIENTED_EDGE('',*,*,#930,.F.);
#1306=ORIENTED_EDGE('',*,*,#876,.T.);
#1307=ORIENTED_EDGE('',*,*,#930,.T.);
#1308=ORIENTED_EDGE('',*,*,#931,.F.);
#1309=ORIENTED_EDGE('',*,*,#932,.F.);
#1310=ORIENTED_EDGE('',*,*,#877,.T.);
#1311=ORIENTED_EDGE('',*,*,#932,.T.);
#1312=ORIENTED_EDGE('',*,*,#933,.F.);
#1313=ORIENTED_EDGE('',*,*,#918,.F.);
#1314=ORIENTED_EDGE('',*,*,#933,.T.);
#1315=ORIENTED_EDGE('',*,*,#931,.T.);
#1316=ORIENTED_EDGE('',*,*,#929,.T.);
#1317=ORIENTED_EDGE('',*,*,#927,.T.);
#1318=ORIENTED_EDGE('',*,*,#925,.T.);
#1319=ORIENTED_EDGE('',*,*,#923,.T.);
#1320=ORIENTED_EDGE('',*,*,#921,.T.);
#1321=ORIENTED_EDGE('',*,*,#919,.T.);
#1322=ORIENTED_EDGE('',*,*,#903,.T.);
#1323=ORIENTED_EDGE('',*,*,#906,.T.);
#1324=ORIENTED_EDGE('',*,*,#908,.T.);
#1325=ORIENTED_EDGE('',*,*,#910,.T.);
#1326=ORIENTED_EDGE('',*,*,#912,.T.);
#1327=ORIENTED_EDGE('',*,*,#914,.T.);
#1328=ORIENTED_EDGE('',*,*,#916,.T.);
#1329=ORIENTED_EDGE('',*,*,#917,.T.);
#1330=ORIENTED_EDGE('',*,*,#858,.F.);
#1331=ORIENTED_EDGE('',*,*,#879,.T.);
#1332=ORIENTED_EDGE('',*,*,#934,.F.);
#1333=ORIENTED_EDGE('',*,*,#935,.F.);
#1334=ORIENTED_EDGE('',*,*,#859,.T.);
#1335=ORIENTED_EDGE('',*,*,#935,.T.);
#1336=ORIENTED_EDGE('',*,*,#936,.F.);
#1337=ORIENTED_EDGE('',*,*,#937,.F.);
#1338=ORIENTED_EDGE('',*,*,#860,.F.);
#1339=ORIENTED_EDGE('',*,*,#937,.T.);
#1340=ORIENTED_EDGE('',*,*,#938,.F.);
#1341=ORIENTED_EDGE('',*,*,#939,.F.);
#1342=ORIENTED_EDGE('',*,*,#861,.T.);
#1343=ORIENTED_EDGE('',*,*,#939,.T.);
#1344=ORIENTED_EDGE('',*,*,#940,.F.);
#1345=ORIENTED_EDGE('',*,*,#941,.F.);
#1346=ORIENTED_EDGE('',*,*,#862,.F.);
#1347=ORIENTED_EDGE('',*,*,#941,.T.);
#1348=ORIENTED_EDGE('',*,*,#942,.F.);
#1349=ORIENTED_EDGE('',*,*,#943,.F.);
#1350=ORIENTED_EDGE('',*,*,#863,.T.);
#1351=ORIENTED_EDGE('',*,*,#943,.T.);
#1352=ORIENTED_EDGE('',*,*,#944,.F.);
#1353=ORIENTED_EDGE('',*,*,#945,.F.);
#1354=ORIENTED_EDGE('',*,*,#864,.F.);
#1355=ORIENTED_EDGE('',*,*,#945,.T.);
#1356=ORIENTED_EDGE('',*,*,#946,.F.);
#1357=ORIENTED_EDGE('',*,*,#892,.F.);
#1358=ORIENTED_EDGE('',*,*,#946,.T.);
#1359=ORIENTED_EDGE('',*,*,#944,.T.);
#1360=ORIENTED_EDGE('',*,*,#942,.T.);
#1361=ORIENTED_EDGE('',*,*,#940,.T.);
#1362=ORIENTED_EDGE('',*,*,#938,.T.);
#1363=ORIENTED_EDGE('',*,*,#936,.T.);
#1364=ORIENTED_EDGE('',*,*,#934,.T.);
#1365=ORIENTED_EDGE('',*,*,#878,.T.);
#1366=ORIENTED_EDGE('',*,*,#888,.T.);
#1367=ORIENTED_EDGE('',*,*,#893,.T.);
#1368=ORIENTED_EDGE('',*,*,#850,.T.);
#1369=CYLINDRICAL_SURFACE('',#1502,2.);
#1370=CYLINDRICAL_SURFACE('',#1505,2.);
#1371=CYLINDRICAL_SURFACE('',#1519,2.);
#1372=CYLINDRICAL_SURFACE('',#1521,2.);
#1373=CYLINDRICAL_SURFACE('',#1527,5.);
#1374=CYLINDRICAL_SURFACE('',#1530,5.);
#1375=CYLINDRICAL_SURFACE('',#1533,4.99999999999999);
#1376=CYLINDRICAL_SURFACE('',#1535,4.99999999999999);
#1377=CYLINDRICAL_SURFACE('',#1538,9.);
#1378=CYLINDRICAL_SURFACE('',#1541,9.);
#1379=CYLINDRICAL_SURFACE('',#1544,8.99999999999999);
#1380=CYLINDRICAL_SURFACE('',#1547,8.99999999999999);
#1381=CYLINDRICAL_SURFACE('',#1550,1.5);
#1382=CYLINDRICAL_SURFACE('',#1553,1.5);
#1383=CYLINDRICAL_SURFACE('',#1560,1.5);
#1384=CYLINDRICAL_SURFACE('',#1563,1.5);
#1385=CYLINDRICAL_SURFACE('',#1567,5.);
#1386=CYLINDRICAL_SURFACE('',#1571,5.00000000000001);
#1387=CYLINDRICAL_SURFACE('',#1575,4.99999999999999);
#1388=CYLINDRICAL_SURFACE('',#1579,4.99999999999999);
#1389=CYLINDRICAL_SURFACE('',#1584,5.);
#1390=CYLINDRICAL_SURFACE('',#1587,1.5);
#1391=CYLINDRICAL_SURFACE('',#1603,1.5);
#1392=CYLINDRICAL_SURFACE('',#1605,1.5);
#1393=CYLINDRICAL_SURFACE('',#1607,1.5);
#1394=CYLINDRICAL_SURFACE('',#1611,1.5);
#1395=CYLINDRICAL_SURFACE('',#1619,3.);
#1396=CYLINDRICAL_SURFACE('',#1622,3.);
#1397=CYLINDRICAL_SURFACE('',#1625,3.);
#1398=CYLINDRICAL_SURFACE('',#1628,3.);
#1399=CYLINDRICAL_SURFACE('',#1631,5.);
#1400=CYLINDRICAL_SURFACE('',#1634,5.);
#1401=CYLINDRICAL_SURFACE('',#1637,5.);
#1402=CYLINDRICAL_SURFACE('',#1640,5.);
#1403=CYLINDRICAL_SURFACE('',#1643,8.99999999999999);
#1404=CYLINDRICAL_SURFACE('',#1646,9.);
#1405=CYLINDRICAL_SURFACE('',#1649,9.);
#1406=CYLINDRICAL_SURFACE('',#1652,8.99999999999999);
#1407=ADVANCED_FACE('',(#80),#1369,.T.);
#1408=ADVANCED_FACE('',(#81),#1370,.F.);
#1409=ADVANCED_FACE('',(#82,#23),#39,.F.);
#1410=ADVANCED_FACE('',(#83),#1371,.T.);
#1411=ADVANCED_FACE('',(#84),#1372,.F.);
#1412=ADVANCED_FACE('',(#85),#40,.F.);
#1413=ADVANCED_FACE('',(#86),#41,.F.);
#1414=ADVANCED_FACE('',(#87),#42,.F.);
#1415=ADVANCED_FACE('',(#88),#43,.F.);
#1416=ADVANCED_FACE('',(#89),#1373,.F.);
#1417=ADVANCED_FACE('',(#90),#44,.F.);
#1418=ADVANCED_FACE('',(#91),#1374,.F.);
#1419=ADVANCED_FACE('',(#92),#45,.F.);
#1420=ADVANCED_FACE('',(#93),#1375,.F.);
#1421=ADVANCED_FACE('',(#94),#1376,.F.);
#1422=ADVANCED_FACE('',(#95),#46,.T.);
#1423=ADVANCED_FACE('',(#96),#1377,.T.);
#1424=ADVANCED_FACE('',(#97),#47,.T.);
#1425=ADVANCED_FACE('',(#98),#1378,.T.);
#1426=ADVANCED_FACE('',(#99),#48,.T.);
#1427=ADVANCED_FACE('',(#100),#1379,.T.);
#1428=ADVANCED_FACE('',(#101),#49,.T.);
#1429=ADVANCED_FACE('',(#102),#1380,.T.);
#1430=ADVANCED_FACE('',(#103,#24),#50,.T.);
#1431=ADVANCED_FACE('',(#104),#1381,.F.);
#1432=ADVANCED_FACE('',(#105),#1382,.F.);
#1433=ADVANCED_FACE('',(#106),#51,.T.);
#1434=ADVANCED_FACE('',(#107),#52,.T.);
#1435=ADVANCED_FACE('',(#108),#53,.T.);
#1436=ADVANCED_FACE('',(#109),#54,.T.);
#1437=ADVANCED_FACE('',(#110),#1383,.F.);
#1438=ADVANCED_FACE('',(#111),#1384,.F.);
#1439=ADVANCED_FACE('',(#112),#55,.T.);
#1440=ADVANCED_FACE('',(#113),#1385,.T.);
#1441=ADVANCED_FACE('',(#114),#56,.T.);
#1442=ADVANCED_FACE('',(#115),#1386,.T.);
#1443=ADVANCED_FACE('',(#116),#57,.T.);
#1444=ADVANCED_FACE('',(#117),#1387,.T.);
#1445=ADVANCED_FACE('',(#118),#58,.T.);
#1446=ADVANCED_FACE('',(#119),#1388,.T.);
#1447=ADVANCED_FACE('',(#120,#25,#26,#27,#28,#29),#59,.T.);
#1448=ADVANCED_FACE('',(#121,#30,#31,#32,#33,#34),#60,.F.);
#1449=ADVANCED_FACE('',(#122),#1389,.F.);
#1450=ADVANCED_FACE('',(#123),#1390,.T.);
#1451=ADVANCED_FACE('',(#124,#35),#61,.T.);
#1452=ADVANCED_FACE('',(#125),#62,.T.);
#1453=ADVANCED_FACE('',(#126),#1391,.T.);
#1454=ADVANCED_FACE('',(#127),#1392,.F.);
#1455=ADVANCED_FACE('',(#128),#1393,.T.);
#1456=ADVANCED_FACE('',(#129),#63,.F.);
#1457=ADVANCED_FACE('',(#130),#64,.F.);
#1458=ADVANCED_FACE('',(#131),#1394,.F.);
#1459=ADVANCED_FACE('',(#132),#65,.T.);
#1460=ADVANCED_FACE('',(#133,#36),#66,.T.);
#1461=ADVANCED_FACE('',(#134),#67,.F.);
#1462=ADVANCED_FACE('',(#135),#1395,.F.);
#1463=ADVANCED_FACE('',(#136),#68,.F.);
#1464=ADVANCED_FACE('',(#137),#1396,.F.);
#1465=ADVANCED_FACE('',(#138),#69,.F.);
#1466=ADVANCED_FACE('',(#139),#1397,.F.);
#1467=ADVANCED_FACE('',(#140),#70,.F.);
#1468=ADVANCED_FACE('',(#141),#1398,.F.);
#1469=ADVANCED_FACE('',(#142),#71,.T.);
#1470=ADVANCED_FACE('',(#143),#1399,.T.);
#1471=ADVANCED_FACE('',(#144),#72,.T.);
#1472=ADVANCED_FACE('',(#145),#1400,.T.);
#1473=ADVANCED_FACE('',(#146),#73,.T.);
#1474=ADVANCED_FACE('',(#147),#1401,.T.);
#1475=ADVANCED_FACE('',(#148),#74,.T.);
#1476=ADVANCED_FACE('',(#149),#1402,.T.);
#1477=ADVANCED_FACE('',(#150,#37),#75,.T.);
#1478=ADVANCED_FACE('',(#151),#1403,.T.);
#1479=ADVANCED_FACE('',(#152),#76,.T.);
#1480=ADVANCED_FACE('',(#153),#1404,.T.);
#1481=ADVANCED_FACE('',(#154),#77,.T.);
#1482=ADVANCED_FACE('',(#155),#1405,.T.);
#1483=ADVANCED_FACE('',(#156),#78,.T.);
#1484=ADVANCED_FACE('',(#157),#1406,.T.);
#1485=ADVANCED_FACE('',(#158,#38),#79,.F.);
#1486=CLOSED_SHELL('',(#1407,#1408,#1409,#1410,#1411,#1412,#1413,#1414,
#1415,#1416,#1417,#1418,#1419,#1420,#1421,#1422,#1423,#1424,#1425,#1426,
#1427,#1428,#1429,#1430));
#1487=CLOSED_SHELL('',(#1431,#1432,#1433,#1434,#1435,#1436,#1437,#1438,
#1439,#1440,#1441,#1442,#1443,#1444,#1445,#1446,#1447,#1448));
#1488=CLOSED_SHELL('',(#1449,#1450,#1451,#1452,#1453,#1454,#1455,#1456,
#1457,#1458,#1459,#1460,#1461,#1462,#1463,#1464,#1465,#1466,#1467,#1468,
#1469,#1470,#1471,#1472,#1473,#1474,#1475,#1476,#1477,#1478,#1479,#1480,
#1481,#1482,#1483,#1484,#1485));
#1489=DERIVED_UNIT_ELEMENT(#1491,1.);
#1490=DERIVED_UNIT_ELEMENT(#2548,-3.);
#1491=(
MASS_UNIT()
NAMED_UNIT(*)
SI_UNIT(.KILO.,.GRAM.)
);
#1492=DERIVED_UNIT((#1489,#1490));
#1493=MEASURE_REPRESENTATION_ITEM('density measure',
POSITIVE_RATIO_MEASURE(7850.),#1492);
#1494=PROPERTY_DEFINITION_REPRESENTATION(#1499,#1496);
#1495=PROPERTY_DEFINITION_REPRESENTATION(#1500,#1497);
#1496=REPRESENTATION('material name',(#1498),#2545);
#1497=REPRESENTATION('density',(#1493),#2545);
#1498=DESCRIPTIVE_REPRESENTATION_ITEM('Steel','Steel');
#1499=PROPERTY_DEFINITION('material property','material name',#2555);
#1500=PROPERTY_DEFINITION('material property','density of part',#2555);
#1501=AXIS2_PLACEMENT_3D('',#2098,#1655,#1656);
#1502=AXIS2_PLACEMENT_3D('',#2099,#1657,#1658);
#1503=AXIS2_PLACEMENT_3D('',#2102,#1659,#1660);
#1504=AXIS2_PLACEMENT_3D('',#2106,#1662,#1663);
#1505=AXIS2_PLACEMENT_3D('',#2108,#1665,#1666);
#1506=AXIS2_PLACEMENT_3D('',#2110,#1667,#1668);
#1507=AXIS2_PLACEMENT_3D('',#2113,#1670,#1671);
#1508=AXIS2_PLACEMENT_3D('',#2114,#1672,#1673);
#1509=AXIS2_PLACEMENT_3D('',#2117,#1674,#1675);
#1510=AXIS2_PLACEMENT_3D('',#2121,#1677,#1678);
#1511=AXIS2_PLACEMENT_3D('',#2125,#1680,#1681);
#1512=AXIS2_PLACEMENT_3D('',#2129,#1683,#1684);
#1513=AXIS2_PLACEMENT_3D('',#2134,#1687,#1688);
#1514=AXIS2_PLACEMENT_3D('',#2138,#1690,#1691);
#1515=AXIS2_PLACEMENT_3D('',#2142,#1693,#1694);
#1516=AXIS2_PLACEMENT_3D('',#2146,#1696,#1697);
#1517=AXIS2_PLACEMENT_3D('',#2150,#1699,#1700);
#1518=AXIS2_PLACEMENT_3D('',#2152,#1701,#1702);
#1519=AXIS2_PLACEMENT_3D('',#2154,#1704,#1705);
#1520=AXIS2_PLACEMENT_3D('',#2158,#1707,#1708);
#1521=AXIS2_PLACEMENT_3D('',#2160,#1710,#1711);
#1522=AXIS2_PLACEMENT_3D('',#2162,#1712,#1713);
#1523=AXIS2_PLACEMENT_3D('',#2164,#1715,#1716);
#1524=AXIS2_PLACEMENT_3D('',#2167,#1719,#1720);
#1525=AXIS2_PLACEMENT_3D('',#2168,#1721,#1722);
#1526=AXIS2_PLACEMENT_3D('',#2174,#1726,#1727);
#1527=AXIS2_PLACEMENT_3D('',#2180,#1731,#1732);
#1528=AXIS2_PLACEMENT_3D('',#2183,#1734,#1735);
#1529=AXIS2_PLACEMENT_3D('',#2184,#1736,#1737);
#1530=AXIS2_PLACEMENT_3D('',#2188,#1740,#1741);
#1531=AXIS2_PLACEMENT_3D('',#2191,#1743,#1744);
#1532=AXIS2_PLACEMENT_3D('',#2192,#1745,#1746);
#1533=AXIS2_PLACEMENT_3D('',#2196,#1749,#1750);
#1534=AXIS2_PLACEMENT_3D('',#2197,#1751,#1752);
#1535=AXIS2_PLACEMENT_3D('',#2198,#1753,#1754);
#1536=AXIS2_PLACEMENT_3D('',#2199,#1755,#1756);
#1537=AXIS2_PLACEMENT_3D('',#2200,#1757,#1758);
#1538=AXIS2_PLACEMENT_3D('',#2206,#1762,#1763);
#1539=AXIS2_PLACEMENT_3D('',#2208,#1764,#1765);
#1540=AXIS2_PLACEMENT_3D('',#2210,#1767,#1768);
#1541=AXIS2_PLACEMENT_3D('',#2214,#1771,#1772);
#1542=AXIS2_PLACEMENT_3D('',#2216,#1773,#1774);
#1543=AXIS2_PLACEMENT_3D('',#2218,#1776,#1777);
#1544=AXIS2_PLACEMENT_3D('',#2222,#1780,#1781);
#1545=AXIS2_PLACEMENT_3D('',#2224,#1782,#1783);
#1546=AXIS2_PLACEMENT_3D('',#2226,#1785,#1786);
#1547=AXIS2_PLACEMENT_3D('',#2230,#1789,#1790);
#1548=AXIS2_PLACEMENT_3D('',#2231,#1791,#1792);
#1549=AXIS2_PLACEMENT_3D('',#2232,#1793,#1794);
#1550=AXIS2_PLACEMENT_3D('',#2233,#1795,#1796);
#1551=AXIS2_PLACEMENT_3D('',#2235,#1797,#1798);
#1552=AXIS2_PLACEMENT_3D('',#2238,#1800,#1801);
#1553=AXIS2_PLACEMENT_3D('',#2239,#1802,#1803);
#1554=AXIS2_PLACEMENT_3D('',#2241,#1804,#1805);
#1555=AXIS2_PLACEMENT_3D('',#2244,#1807,#1808);
#1556=AXIS2_PLACEMENT_3D('',#2245,#1809,#1810);
#1557=AXIS2_PLACEMENT_3D('',#2254,#1815,#1816);
#1558=AXIS2_PLACEMENT_3D('',#2260,#1820,#1821);
#1559=AXIS2_PLACEMENT_3D('',#2266,#1825,#1826);
#1560=AXIS2_PLACEMENT_3D('',#2269,#1829,#1830);
#1561=AXIS2_PLACEMENT_3D('',#2271,#1831,#1832);
#1562=AXIS2_PLACEMENT_3D('',#2274,#1834,#1835);
#1563=AXIS2_PLACEMENT_3D('',#2275,#1836,#1837);
#1564=AXIS2_PLACEMENT_3D('',#2277,#1838,#1839);
#1565=AXIS2_PLACEMENT_3D('',#2280,#1841,#1842);
#1566=AXIS2_PLACEMENT_3D('',#2281,#1843,#1844);
#1567=AXIS2_PLACEMENT_3D('',#2290,#1849,#1850);
#1568=AXIS2_PLACEMENT_3D('',#2292,#1851,#1852);
#1569=AXIS2_PLACEMENT_3D('',#2294,#1853,#1854);
#1570=AXIS2_PLACEMENT_3D('',#2296,#1856,#1857);
#1571=AXIS2_PLACEMENT_3D('',#2302,#1861,#1862);
#1572=AXIS2_PLACEMENT_3D('',#2304,#1863,#1864);
#1573=AXIS2_PLACEMENT_3D('',#2306,#1865,#1866);
#1574=AXIS2_PLACEMENT_3D('',#2308,#1868,#1869);
#1575=AXIS2_PLACEMENT_3D('',#2314,#1873,#1874);
#1576=AXIS2_PLACEMENT_3D('',#2316,#1875,#1876);
#1577=AXIS2_PLACEMENT_3D('',#2318,#1877,#1878);
#1578=AXIS2_PLACEMENT_3D('',#2320,#1880,#1881);
#1579=AXIS2_PLACEMENT_3D('',#2326,#1885,#1886);
#1580=AXIS2_PLACEMENT_3D('',#2327,#1887,#1888);
#1581=AXIS2_PLACEMENT_3D('',#2328,#1889,#1890);
#1582=AXIS2_PLACEMENT_3D('',#2329,#1891,#1892);
#1583=AXIS2_PLACEMENT_3D('',#2330,#1893,#1894);
#1584=AXIS2_PLACEMENT_3D('',#2331,#1895,#1896);
#1585=AXIS2_PLACEMENT_3D('',#2333,#1897,#1898);
#1586=AXIS2_PLACEMENT_3D('',#2336,#1900,#1901);
#1587=AXIS2_PLACEMENT_3D('',#2337,#1902,#1903);
#1588=AXIS2_PLACEMENT_3D('',#2340,#1904,#1905);
#1589=AXIS2_PLACEMENT_3D('',#2344,#1907,#1908);
#1590=AXIS2_PLACEMENT_3D('',#2346,#1910,#1911);
#1591=AXIS2_PLACEMENT_3D('',#2350,#1913,#1914);
#1592=AXIS2_PLACEMENT_3D('',#2354,#1916,#1917);
#1593=AXIS2_PLACEMENT_3D('',#2358,#1919,#1920);
#1594=AXIS2_PLACEMENT_3D('',#2362,#1922,#1923);
#1595=AXIS2_PLACEMENT_3D('',#2366,#1925,#1926);
#1596=AXIS2_PLACEMENT_3D('',#2368,#1927,#1928);
#1597=AXIS2_PLACEMENT_3D('',#2371,#1930,#1931);
#1598=AXIS2_PLACEMENT_3D('',#2376,#1933,#1934);
#1599=AXIS2_PLACEMENT_3D('',#2380,#1936,#1937);
#1600=AXIS2_PLACEMENT_3D('',#2384,#1939,#1940);
#1601=AXIS2_PLACEMENT_3D('',#2387,#1942,#1943);
#1602=AXIS2_PLACEMENT_3D('',#2388,#1944,#1945);
#1603=AXIS2_PLACEMENT_3D('',#2392,#1948,#1949);
#1604=AXIS2_PLACEMENT_3D('',#2395,#1950,#1951);
#1605=AXIS2_PLACEMENT_3D('',#2398,#1954,#1955);
#1606=AXIS2_PLACEMENT_3D('',#2402,#1957,#1958);
#1607=AXIS2_PLACEMENT_3D('',#2411,#1959,#1960);
#1608=AXIS2_PLACEMENT_3D('',#2423,#1963,#1964);
#1609=AXIS2_PLACEMENT_3D('',#2426,#1966,#1967);
#1610=AXIS2_PLACEMENT_3D('',#2427,#1968,#1969);
#1611=AXIS2_PLACEMENT_3D('',#2429,#1971,#1972);
#1612=AXIS2_PLACEMENT_3D('',#2430,#1973,#1974);
#1613=AXIS2_PLACEMENT_3D('',#2434,#1977,#1978);
#1614=AXIS2_PLACEMENT_3D('',#2437,#1979,#1980);
#1615=AXIS2_PLACEMENT_3D('',#2441,#1982,#1983);
#1616=AXIS2_PLACEMENT_3D('',#2445,#1985,#1986);
#1617=AXIS2_PLACEMENT_3D('',#2449,#1988,#1989);
#1618=AXIS2_PLACEMENT_3D('',#2451,#1991,#1992);
#1619=AXIS2_PLACEMENT_3D('',#2457,#1996,#1997);
#1620=AXIS2_PLACEMENT_3D('',#2460,#1999,#2000);
#1621=AXIS2_PLACEMENT_3D('',#2461,#2001,#2002);
#1622=AXIS2_PLACEMENT_3D('',#2465,#2005,#2006);
#1623=AXIS2_PLACEMENT_3D('',#2468,#2008,#2009);
#1624=AXIS2_PLACEMENT_3D('',#2469,#2010,#2011);
#1625=AXIS2_PLACEMENT_3D('',#2473,#2014,#2015);
#1626=AXIS2_PLACEMENT_3D('',#2476,#2017,#2018);
#1627=AXIS2_PLACEMENT_3D('',#2477,#2019,#2020);
#1628=AXIS2_PLACEMENT_3D('',#2481,#2023,#2024);
#1629=AXIS2_PLACEMENT_3D('',#2482,#2025,#2026);
#1630=AXIS2_PLACEMENT_3D('',#2483,#2027,#2028);
#1631=AXIS2_PLACEMENT_3D('',#2489,#2032,#2033);
#1632=AXIS2_PLACEMENT_3D('',#2491,#2034,#2035);
#1633=AXIS2_PLACEMENT_3D('',#2493,#2037,#2038);
#1634=AXIS2_PLACEMENT_3D('',#2497,#2041,#2042);
#1635=AXIS2_PLACEMENT_3D('',#2499,#2043,#2044);
#1636=AXIS2_PLACEMENT_3D('',#2501,#2046,#2047);
#1637=AXIS2_PLACEMENT_3D('',#2505,#2050,#2051);
#1638=AXIS2_PLACEMENT_3D('',#2507,#2052,#2053);
#1639=AXIS2_PLACEMENT_3D('',#2509,#2055,#2056);
#1640=AXIS2_PLACEMENT_3D('',#2513,#2059,#2060);
#1641=AXIS2_PLACEMENT_3D('',#2514,#2061,#2062);
#1642=AXIS2_PLACEMENT_3D('',#2515,#2063,#2064);
#1643=AXIS2_PLACEMENT_3D('',#2516,#2065,#2066);
#1644=AXIS2_PLACEMENT_3D('',#2518,#2067,#2068);
#1645=AXIS2_PLACEMENT_3D('',#2520,#2070,#2071);
#1646=AXIS2_PLACEMENT_3D('',#2524,#2074,#2075);
#1647=AXIS2_PLACEMENT_3D('',#2526,#2076,#2077);
#1648=AXIS2_PLACEMENT_3D('',#2528,#2079,#2080);
#1649=AXIS2_PLACEMENT_3D('',#2532,#2083,#2084);
#1650=AXIS2_PLACEMENT_3D('',#2534,#2085,#2086);
#1651=AXIS2_PLACEMENT_3D('',#2536,#2088,#2089);
#1652=AXIS2_PLACEMENT_3D('',#2540,#2092,#2093);
#1653=AXIS2_PLACEMENT_3D('',#2541,#2094,#2095);
#1654=AXIS2_PLACEMENT_3D('',#2542,#2096,#2097);
#1655=DIRECTION('axis',(0.,0.,1.));
#1656=DIRECTION('refdir',(1.,0.,0.));
#1657=DIRECTION('center_axis',(0.,0.,1.));
#1658=DIRECTION('ref_axis',(-0.50000012479721,0.866025331732724,0.));
#1659=DIRECTION('center_axis',(0.,0.,1.));
#1660=DIRECTION('ref_axis',(-0.50000012479721,0.866025331732724,0.));
#1661=DIRECTION('',(0.,0.,1.));
#1662=DIRECTION('center_axis',(0.,0.,1.));
#1663=DIRECTION('ref_axis',(-0.50000012479721,0.866025331732724,0.));
#1664=DIRECTION('',(0.,0.,-1.));
#1665=DIRECTION('center_axis',(0.,0.,1.));
#1666=DIRECTION('ref_axis',(0.707106781186546,-0.707106781186549,0.));
#1667=DIRECTION('center_axis',(0.,0.,-1.));
#1668=DIRECTION('ref_axis',(0.707106781186546,-0.707106781186549,0.));
#1669=DIRECTION('',(0.,0.,1.));
#1670=DIRECTION('center_axis',(0.,0.,-1.));
#1671=DIRECTION('ref_axis',(0.707106781186546,-0.707106781186549,0.));
#1672=DIRECTION('center_axis',(0.,0.,1.));
#1673=DIRECTION('ref_axis',(1.,0.,0.));
#1674=DIRECTION('center_axis',(0.,0.,-1.));
#1675=DIRECTION('ref_axis',(-1.,0.,0.));
#1676=DIRECTION('',(-7.40148683083438E-17,1.,0.));
#1677=DIRECTION('center_axis',(0.,0.,-1.));
#1678=DIRECTION('ref_axis',(1.77635683940025E-15,1.,0.));
#1679=DIRECTION('',(1.,0.,0.));
#1680=DIRECTION('center_axis',(0.,0.,-1.));
#1681=DIRECTION('ref_axis',(1.,0.,0.));
#1682=DIRECTION('',(0.,-1.,0.));
#1683=DIRECTION('center_axis',(0.,0.,-1.));
#1684=DIRECTION('ref_axis',(0.,-1.,0.));
#1685=DIRECTION('',(-1.,0.,0.));
#1686=DIRECTION('',(1.,0.,0.));
#1687=DIRECTION('center_axis',(0.,0.,1.));
#1688=DIRECTION('ref_axis',(0.,-1.,0.));
#1689=DIRECTION('',(0.,1.,0.));
#1690=DIRECTION('center_axis',(0.,0.,1.));
#1691=DIRECTION('ref_axis',(1.,0.,0.));
#1692=DIRECTION('',(-1.,0.,0.));
#1693=DIRECTION('center_axis',(0.,0.,1.));
#1694=DIRECTION('ref_axis',(1.77635683940025E-15,1.,0.));
#1695=DIRECTION('',(7.40148683083438E-17,-1.,0.));
#1696=DIRECTION('center_axis',(0.,0.,1.));
#1697=DIRECTION('ref_axis',(-1.,0.,0.));
#1698=DIRECTION('',(1.,0.,0.));
#1699=DIRECTION('center_axis',(0.,0.,1.));
#1700=DIRECTION('ref_axis',(0.500000124797212,0.866025331732723,0.));
#1701=DIRECTION('center_axis',(0.,0.,-1.));
#1702=DIRECTION('ref_axis',(-0.707106781186549,-0.707106781186546,0.));
#1703=DIRECTION('',(1.,0.,0.));
#1704=DIRECTION('center_axis',(0.,0.,-1.));
#1705=DIRECTION('ref_axis',(0.500000124797212,0.866025331732723,0.));
#1706=DIRECTION('',(0.,0.,1.));
#1707=DIRECTION('center_axis',(0.,0.,1.));
#1708=DIRECTION('ref_axis',(0.500000124797212,0.866025331732723,0.));
#1709=DIRECTION('',(0.,0.,-1.));
#1710=DIRECTION('center_axis',(0.,0.,1.));
#1711=DIRECTION('ref_axis',(-0.707106781186549,-0.707106781186546,0.));
#1712=DIRECTION('center_axis',(0.,0.,-1.));
#1713=DIRECTION('ref_axis',(-0.707106781186549,-0.707106781186546,0.));
#1714=DIRECTION('',(0.,0.,-1.));
#1715=DIRECTION('center_axis',(0.,0.,1.));
#1716=DIRECTION('ref_axis',(1.,0.,0.));
#1717=DIRECTION('',(1.,0.,0.));
#1718=DIRECTION('',(-1.,0.,0.));
#1719=DIRECTION('center_axis',(0.,-1.,0.));
#1720=DIRECTION('ref_axis',(1.,0.,0.));
#1721=DIRECTION('center_axis',(0.,-1.,0.));
#1722=DIRECTION('ref_axis',(1.,0.,0.));
#1723=DIRECTION('',(0.,0.,1.));
#1724=DIRECTION('',(-1.,0.,0.));
#1725=DIRECTION('',(0.,0.,1.));
#1726=DIRECTION('center_axis',(-1.,-7.40148683083438E-17,0.));
#1727=DIRECTION('ref_axis',(7.40148683083438E-17,-1.,0.));
#1728=DIRECTION('',(0.,0.,1.));
#1729=DIRECTION('',(-7.40148683083438E-17,1.,0.));
#1730=DIRECTION('',(0.,0.,1.));
#1731=DIRECTION('center_axis',(0.,0.,1.));
#1732=DIRECTION('ref_axis',(1.77635683940025E-15,1.,0.));
#1733=DIRECTION('',(0.,0.,1.));
#1734=DIRECTION('center_axis',(0.,0.,-1.));
#1735=DIRECTION('ref_axis',(1.77635683940025E-15,1.,0.));
#1736=DIRECTION('center_axis',(0.,1.,0.));
#1737=DIRECTION('ref_axis',(-1.,0.,0.));
#1738=DIRECTION('',(0.,0.,1.));
#1739=DIRECTION('',(1.,0.,0.));
#1740=DIRECTION('center_axis',(0.,0.,1.));
#1741=DIRECTION('ref_axis',(1.,0.,0.));
#1742=DIRECTION('',(0.,0.,1.));
#1743=DIRECTION('center_axis',(0.,0.,-1.));
#1744=DIRECTION('ref_axis',(1.,0.,0.));
#1745=DIRECTION('center_axis',(1.,0.,0.));
#1746=DIRECTION('ref_axis',(0.,1.,0.));
#1747=DIRECTION('',(0.,0.,1.));
#1748=DIRECTION('',(0.,-1.,0.));
#1749=DIRECTION('center_axis',(0.,0.,1.));
#1750=DIRECTION('ref_axis',(0.,-1.,0.));
#1751=DIRECTION('center_axis',(0.,0.,-1.));
#1752=DIRECTION('ref_axis',(0.,-1.,0.));
#1753=DIRECTION('center_axis',(0.,0.,1.));
#1754=DIRECTION('ref_axis',(-1.,0.,0.));
#1755=DIRECTION('center_axis',(0.,0.,-1.));
#1756=DIRECTION('ref_axis',(-1.,0.,0.));
#1757=DIRECTION('center_axis',(-1.,-7.40148683083438E-17,0.));
#1758=DIRECTION('ref_axis',(7.40148683083438E-17,-1.,0.));
#1759=DIRECTION('',(0.,0.,1.));
#1760=DIRECTION('',(-7.40148683083438E-17,1.,0.));
#1761=DIRECTION('',(0.,0.,1.));
#1762=DIRECTION('center_axis',(0.,0.,1.));
#1763=DIRECTION('ref_axis',(1.77635683940025E-15,1.,0.));
#1764=DIRECTION('center_axis',(0.,0.,-1.));
#1765=DIRECTION('ref_axis',(1.77635683940025E-15,1.,0.));
#1766=DIRECTION('',(0.,0.,1.));
#1767=DIRECTION('center_axis',(0.,1.,0.));
#1768=DIRECTION('ref_axis',(-1.,0.,0.));
#1769=DIRECTION('',(1.,0.,0.));
#1770=DIRECTION('',(0.,0.,1.));
#1771=DIRECTION('center_axis',(0.,0.,1.));
#1772=DIRECTION('ref_axis',(1.,0.,0.));
#1773=DIRECTION('center_axis',(0.,0.,-1.));
#1774=DIRECTION('ref_axis',(1.,0.,0.));
#1775=DIRECTION('',(0.,0.,1.));
#1776=DIRECTION('center_axis',(1.,0.,0.));
#1777=DIRECTION('ref_axis',(0.,1.,0.));
#1778=DIRECTION('',(0.,-1.,0.));
#1779=DIRECTION('',(0.,0.,1.));
#1780=DIRECTION('center_axis',(0.,0.,1.));
#1781=DIRECTION('ref_axis',(0.,-1.,0.));
#1782=DIRECTION('center_axis',(0.,0.,-1.));
#1783=DIRECTION('ref_axis',(0.,-1.,0.));
#1784=DIRECTION('',(0.,0.,1.));
#1785=DIRECTION('center_axis',(0.,-1.,0.));
#1786=DIRECTION('ref_axis',(1.,0.,0.));
#1787=DIRECTION('',(-1.,0.,0.));
#1788=DIRECTION('',(0.,0.,1.));
#1789=DIRECTION('center_axis',(0.,0.,1.));
#1790=DIRECTION('ref_axis',(-1.,0.,0.));
#1791=DIRECTION('center_axis',(0.,0.,-1.));
#1792=DIRECTION('ref_axis',(-1.,0.,0.));
#1793=DIRECTION('center_axis',(0.,0.,1.));
#1794=DIRECTION('ref_axis',(1.,0.,0.));
#1795=DIRECTION('center_axis',(0.,0.,-1.));
#1796=DIRECTION('ref_axis',(-1.,0.,0.));
#1797=DIRECTION('center_axis',(0.,0.,1.));
#1798=DIRECTION('ref_axis',(-1.,0.,0.));
#1799=DIRECTION('',(0.,0.,1.));
#1800=DIRECTION('center_axis',(0.,0.,-1.));
#1801=DIRECTION('ref_axis',(-1.,0.,0.));
#1802=DIRECTION('center_axis',(0.,0.,-1.));
#1803=DIRECTION('ref_axis',(-1.,0.,0.));
#1804=DIRECTION('center_axis',(0.,0.,1.));
#1805=DIRECTION('ref_axis',(-1.,0.,0.));
#1806=DIRECTION('',(0.,0.,1.));
#1807=DIRECTION('center_axis',(0.,0.,-1.));
#1808=DIRECTION('ref_axis',(-1.,0.,0.));
#1809=DIRECTION('center_axis',(1.,0.,0.));
#1810=DIRECTION('ref_axis',(0.,-1.,0.));
#1811=DIRECTION('',(0.,1.,0.));
#1812=DIRECTION('',(0.,0.,-1.));
#1813=DIRECTION('',(0.,-1.,0.));
#1814=DIRECTION('',(0.,0.,-1.));
#1815=DIRECTION('center_axis',(0.,-1.,0.));
#1816=DIRECTION('ref_axis',(-1.,0.,0.));
#1817=DIRECTION('',(1.,0.,0.));
#1818=DIRECTION('',(-1.,0.,0.));
#1819=DIRECTION('',(0.,0.,-1.));
#1820=DIRECTION('center_axis',(-1.,0.,0.));
#1821=DIRECTION('ref_axis',(0.,1.,0.));
#1822=DIRECTION('',(0.,-1.,0.));
#1823=DIRECTION('',(0.,1.,0.));
#1824=DIRECTION('',(0.,0.,-1.));
#1825=DIRECTION('center_axis',(0.,1.,0.));
#1826=DIRECTION('ref_axis',(1.,0.,0.));
#1827=DIRECTION('',(-1.,0.,0.));
#1828=DIRECTION('',(1.,0.,0.));
#1829=DIRECTION('center_axis',(0.,0.,-1.));
#1830=DIRECTION('ref_axis',(-1.,0.,0.));
#1831=DIRECTION('center_axis',(0.,0.,1.));
#1832=DIRECTION('ref_axis',(-1.,0.,0.));
#1833=DIRECTION('',(0.,0.,1.));
#1834=DIRECTION('center_axis',(0.,0.,-1.));
#1835=DIRECTION('ref_axis',(-1.,0.,0.));
#1836=DIRECTION('center_axis',(0.,0.,-1.));
#1837=DIRECTION('ref_axis',(-1.,0.,0.));
#1838=DIRECTION('center_axis',(0.,0.,1.));
#1839=DIRECTION('ref_axis',(-1.,0.,0.));
#1840=DIRECTION('',(0.,0.,1.));
#1841=DIRECTION('center_axis',(0.,0.,-1.));
#1842=DIRECTION('ref_axis',(-1.,0.,0.));
#1843=DIRECTION('center_axis',(1.,0.,0.));
#1844=DIRECTION('ref_axis',(0.,-1.,0.));
#1845=DIRECTION('',(0.,1.,0.));
#1846=DIRECTION('',(0.,0.,-1.));
#1847=DIRECTION('',(0.,-1.,0.));
#1848=DIRECTION('',(0.,0.,-1.));
#1849=DIRECTION('center_axis',(0.,0.,-1.));
#1850=DIRECTION('ref_axis',(1.,1.77635683940025E-15,0.));
#1851=DIRECTION('center_axis',(0.,0.,1.));
#1852=DIRECTION('ref_axis',(1.,1.77635683940025E-15,0.));
#1853=DIRECTION('center_axis',(0.,0.,-1.));
#1854=DIRECTION('ref_axis',(1.,1.77635683940025E-15,0.));
#1855=DIRECTION('',(0.,0.,-1.));
#1856=DIRECTION('center_axis',(0.,1.,0.));
#1857=DIRECTION('ref_axis',(1.,0.,0.));
#1858=DIRECTION('',(-1.,0.,0.));
#1859=DIRECTION('',(1.,0.,0.));
#1860=DIRECTION('',(0.,0.,-1.));
#1861=DIRECTION('center_axis',(0.,0.,-1.));
#1862=DIRECTION('ref_axis',(0.,1.,0.));
#1863=DIRECTION('center_axis',(0.,0.,1.));
#1864=DIRECTION('ref_axis',(0.,1.,0.));
#1865=DIRECTION('center_axis',(0.,0.,-1.));
#1866=DIRECTION('ref_axis',(0.,1.,0.));
#1867=DIRECTION('',(0.,0.,-1.));
#1868=DIRECTION('center_axis',(-1.,0.,0.));
#1869=DIRECTION('ref_axis',(0.,1.,0.));
#1870=DIRECTION('',(0.,-1.,0.));
#1871=DIRECTION('',(0.,1.,0.));
#1872=DIRECTION('',(0.,0.,-1.));
#1873=DIRECTION('center_axis',(0.,0.,-1.));
#1874=DIRECTION('ref_axis',(-1.,0.,0.));
#1875=DIRECTION('center_axis',(0.,0.,1.));
#1876=DIRECTION('ref_axis',(-1.,0.,0.));
#1877=DIRECTION('center_axis',(0.,0.,-1.));
#1878=DIRECTION('ref_axis',(-1.,0.,0.));
#1879=DIRECTION('',(0.,0.,-1.));
#1880=DIRECTION('center_axis',(0.,-1.,0.));
#1881=DIRECTION('ref_axis',(-1.,0.,0.));
#1882=DIRECTION('',(1.,0.,0.));
#1883=DIRECTION('',(-1.,0.,0.));
#1884=DIRECTION('',(0.,0.,-1.));
#1885=DIRECTION('center_axis',(0.,0.,-1.));
#1886=DIRECTION('ref_axis',(8.88178419700127E-16,-1.,0.));
#1887=DIRECTION('center_axis',(0.,0.,1.));
#1888=DIRECTION('ref_axis',(8.88178419700127E-16,-1.,0.));
#1889=DIRECTION('center_axis',(0.,0.,-1.));
#1890=DIRECTION('ref_axis',(8.88178419700127E-16,-1.,0.));
#1891=DIRECTION('center_axis',(0.,0.,1.));
#1892=DIRECTION('ref_axis',(-1.,0.,0.));
#1893=DIRECTION('center_axis',(0.,0.,1.));
#1894=DIRECTION('ref_axis',(-1.,0.,0.));
#1895=DIRECTION('center_axis',(0.,0.,1.));
#1896=DIRECTION('ref_axis',(-1.,0.,0.));
#1897=DIRECTION('center_axis',(0.,0.,1.));
#1898=DIRECTION('ref_axis',(-1.,0.,0.));
#1899=DIRECTION('',(0.,0.,1.));
#1900=DIRECTION('center_axis',(0.,0.,-1.));
#1901=DIRECTION('ref_axis',(-1.,0.,0.));
#1902=DIRECTION('center_axis',(0.,0.,-1.));
#1903=DIRECTION('ref_axis',(0.,1.,0.));
#1904=DIRECTION('center_axis',(0.,0.,-1.));
#1905=DIRECTION('ref_axis',(0.,1.,0.));
#1906=DIRECTION('',(0.,0.,-1.));
#1907=DIRECTION('center_axis',(-0.707106781186547,0.,-0.707106781186548));
#1908=DIRECTION('ref_axis',(0.707106781186548,0.,-0.707106781186547));
#1909=DIRECTION('',(0.,0.,1.));
#1910=DIRECTION('center_axis',(0.,0.,1.));
#1911=DIRECTION('ref_axis',(1.,0.,0.));
#1912=DIRECTION('',(-1.,0.,0.));
#1913=DIRECTION('center_axis',(0.,0.,-1.));
#1914=DIRECTION('ref_axis',(0.,-1.,0.));
#1915=DIRECTION('',(0.,-1.,0.));
#1916=DIRECTION('center_axis',(0.,0.,-1.));
#1917=DIRECTION('ref_axis',(1.,0.,0.));
#1918=DIRECTION('',(1.,0.,0.));
#1919=DIRECTION('center_axis',(0.,0.,-1.));
#1920=DIRECTION('ref_axis',(1.77635683940025E-15,1.,0.));
#1921=DIRECTION('',(-7.40148683083438E-17,1.,0.));
#1922=DIRECTION('center_axis',(0.,0.,-1.));
#1923=DIRECTION('ref_axis',(-1.,0.,0.));
#1924=DIRECTION('',(-1.,0.,0.));
#1925=DIRECTION('center_axis',(0.,0.,-1.));
#1926=DIRECTION('ref_axis',(0.,1.,0.));
#1927=DIRECTION('center_axis',(0.,0.,1.));
#1928=DIRECTION('ref_axis',(-0.707106781186552,0.707106781186543,0.));
#1929=DIRECTION('',(1.,0.,0.));
#1930=DIRECTION('center_axis',(0.,0.,1.));
#1931=DIRECTION('ref_axis',(0.707106781186543,0.707106781186552,0.));
#1932=DIRECTION('',(7.40148683083438E-17,-1.,0.));
#1933=DIRECTION('center_axis',(0.,0.,1.));
#1934=DIRECTION('ref_axis',(1.77635683940025E-15,1.,0.));
#1935=DIRECTION('',(-1.,0.,0.));
#1936=DIRECTION('center_axis',(0.,0.,1.));
#1937=DIRECTION('ref_axis',(1.,0.,0.));
#1938=DIRECTION('',(0.,1.,0.));
#1939=DIRECTION('center_axis',(0.,0.,1.));
#1940=DIRECTION('ref_axis',(0.,-1.,0.));
#1941=DIRECTION('',(1.,0.,0.));
#1942=DIRECTION('center_axis',(0.,0.,1.));
#1943=DIRECTION('ref_axis',(-1.,0.,0.));
#1944=DIRECTION('center_axis',(0.,-1.,0.));
#1945=DIRECTION('ref_axis',(-1.,0.,0.));
#1946=DIRECTION('',(-1.,0.,0.));
#1947=DIRECTION('',(0.,0.,-1.));
#1948=DIRECTION('center_axis',(0.,0.,1.));
#1949=DIRECTION('ref_axis',(0.,1.,0.));
#1950=DIRECTION('center_axis',(0.707106781186547,0.,-0.707106781186548));
#1951=DIRECTION('ref_axis',(-0.707106781186548,0.,-0.707106781186547));
#1952=DIRECTION('',(0.,0.,1.));
#1953=DIRECTION('',(0.,0.,-1.));
#1954=DIRECTION('center_axis',(0.,0.,-1.));
#1955=DIRECTION('ref_axis',(0.707106781186543,0.707106781186552,0.));
#1956=DIRECTION('',(0.,0.,-1.));
#1957=DIRECTION('center_axis',(0.,0.,1.));
#1958=DIRECTION('ref_axis',(0.707106781186543,0.707106781186552,0.));
#1959=DIRECTION('center_axis',(-1.,0.,0.));
#1960=DIRECTION('ref_axis',(0.,-0.707106781186548,0.707106781186547));
#1961=DIRECTION('',(-1.,0.,0.));
#1962=DIRECTION('',(-1.,0.,0.));
#1963=DIRECTION('center_axis',(0.,0.,-1.));
#1964=DIRECTION('ref_axis',(-1.,0.,0.));
#1965=DIRECTION('',(1.,0.,0.));
#1966=DIRECTION('center_axis',(0.,0.,1.));
#1967=DIRECTION('ref_axis',(-0.707106781186552,0.707106781186543,0.));
#1968=DIRECTION('center_axis',(0.,1.,0.));
#1969=DIRECTION('ref_axis',(1.,0.,0.));
#1970=DIRECTION('',(0.,0.,1.));
#1971=DIRECTION('center_axis',(0.,0.,-1.));
#1972=DIRECTION('ref_axis',(-0.707106781186552,0.707106781186543,0.));
#1973=DIRECTION('center_axis',(0.,-1.,0.));
#1974=DIRECTION('ref_axis',(-1.,0.,0.));
#1975=DIRECTION('',(0.,0.,-1.));
#1976=DIRECTION('',(-1.,0.,0.));
#1977=DIRECTION('center_axis',(0.,0.,1.));
#1978=DIRECTION('ref_axis',(1.,0.,0.));
#1979=DIRECTION('center_axis',(0.,0.,1.));
#1980=DIRECTION('ref_axis',(-1.,0.,0.));
#1981=DIRECTION('',(1.,1.26882629224934E-16,0.));
#1982=DIRECTION('center_axis',(0.,0.,1.));
#1983=DIRECTION('ref_axis',(0.,-1.,0.));
#1984=DIRECTION('',(0.,1.,0.));
#1985=DIRECTION('center_axis',(0.,0.,1.));
#1986=DIRECTION('ref_axis',(1.,1.77635683940025E-15,0.));
#1987=DIRECTION('',(-1.,0.,0.));
#1988=DIRECTION('center_axis',(0.,0.,1.));
#1989=DIRECTION('ref_axis',(0.,1.,0.));
#1990=DIRECTION('',(0.,-1.,0.));
#1991=DIRECTION('center_axis',(-1.,0.,0.));
#1992=DIRECTION('ref_axis',(0.,-1.,0.));
#1993=DIRECTION('',(0.,0.,1.));
#1994=DIRECTION('',(0.,1.,0.));
#1995=DIRECTION('',(0.,0.,1.));
#1996=DIRECTION('center_axis',(0.,0.,1.));
#1997=DIRECTION('ref_axis',(0.,1.,0.));
#1998=DIRECTION('',(0.,0.,1.));
#1999=DIRECTION('center_axis',(0.,0.,-1.));
#2000=DIRECTION('ref_axis',(0.,1.,0.));
#2001=DIRECTION('center_axis',(0.,1.,0.));
#2002=DIRECTION('ref_axis',(-1.,0.,0.));
#2003=DIRECTION('',(0.,0.,1.));
#2004=DIRECTION('',(1.,0.,0.));
#2005=DIRECTION('center_axis',(0.,0.,1.));
#2006=DIRECTION('ref_axis',(1.,1.77635683940025E-15,0.));
#2007=DIRECTION('',(0.,0.,1.));
#2008=DIRECTION('center_axis',(0.,0.,-1.));
#2009=DIRECTION('ref_axis',(1.,1.77635683940025E-15,0.));
#2010=DIRECTION('center_axis',(1.,0.,0.));
#2011=DIRECTION('ref_axis',(0.,1.,0.));
#2012=DIRECTION('',(0.,0.,1.));
#2013=DIRECTION('',(0.,-1.,0.));
#2014=DIRECTION('center_axis',(0.,0.,1.));
#2015=DIRECTION('ref_axis',(0.,-1.,0.));
#2016=DIRECTION('',(0.,0.,1.));
#2017=DIRECTION('center_axis',(0.,0.,-1.));
#2018=DIRECTION('ref_axis',(0.,-1.,0.));
#2019=DIRECTION('center_axis',(1.26882629224934E-16,-1.,0.));
#2020=DIRECTION('ref_axis',(1.,1.26882629224934E-16,0.));
#2021=DIRECTION('',(0.,0.,1.));
#2022=DIRECTION('',(-1.,-1.26882629224934E-16,0.));
#2023=DIRECTION('center_axis',(0.,0.,1.));
#2024=DIRECTION('ref_axis',(-1.,0.,0.));
#2025=DIRECTION('center_axis',(0.,0.,-1.));
#2026=DIRECTION('ref_axis',(-1.,0.,0.));
#2027=DIRECTION('center_axis',(-1.,0.,0.));
#2028=DIRECTION('ref_axis',(0.,-1.,0.));
#2029=DIRECTION('',(0.,0.,1.));
#2030=DIRECTION('',(0.,-1.,0.));
#2031=DIRECTION('',(0.,0.,1.));
#2032=DIRECTION('center_axis',(0.,0.,1.));
#2033=DIRECTION('ref_axis',(0.,1.,0.));
#2034=DIRECTION('center_axis',(0.,0.,1.));
#2035=DIRECTION('ref_axis',(0.,1.,0.));
#2036=DIRECTION('',(0.,0.,1.));
#2037=DIRECTION('center_axis',(0.,1.,0.));
#2038=DIRECTION('ref_axis',(-1.,0.,0.));
#2039=DIRECTION('',(-1.,0.,0.));
#2040=DIRECTION('',(0.,0.,1.));
#2041=DIRECTION('center_axis',(0.,0.,1.));
#2042=DIRECTION('ref_axis',(1.,1.77635683940025E-15,0.));
#2043=DIRECTION('center_axis',(0.,0.,1.));
#2044=DIRECTION('ref_axis',(1.,1.77635683940025E-15,0.));
#2045=DIRECTION('',(0.,0.,1.));
#2046=DIRECTION('center_axis',(1.,0.,0.));
#2047=DIRECTION('ref_axis',(0.,1.,0.));
#2048=DIRECTION('',(0.,1.,0.));
#2049=DIRECTION('',(0.,0.,1.));
#2050=DIRECTION('center_axis',(0.,0.,1.));
#2051=DIRECTION('ref_axis',(0.,-1.,0.));
#2052=DIRECTION('center_axis',(0.,0.,1.));
#2053=DIRECTION('ref_axis',(0.,-1.,0.));
#2054=DIRECTION('',(0.,0.,1.));
#2055=DIRECTION('center_axis',(1.26882629224934E-16,-1.,0.));
#2056=DIRECTION('ref_axis',(1.,1.26882629224934E-16,0.));
#2057=DIRECTION('',(1.,1.26882629224934E-16,0.));
#2058=DIRECTION('',(0.,0.,1.));
#2059=DIRECTION('center_axis',(0.,0.,1.));
#2060=DIRECTION('ref_axis',(-1.,0.,0.));
#2061=DIRECTION('center_axis',(0.,0.,1.));
#2062=DIRECTION('ref_axis',(-1.,0.,0.));
#2063=DIRECTION('center_axis',(0.,0.,1.));
#2064=DIRECTION('ref_axis',(-1.,0.,0.));
#2065=DIRECTION('center_axis',(0.,0.,-1.));
#2066=DIRECTION('ref_axis',(0.,-1.,0.));
#2067=DIRECTION('center_axis',(0.,0.,-1.));
#2068=DIRECTION('ref_axis',(0.,-1.,0.));
#2069=DIRECTION('',(0.,0.,-1.));
#2070=DIRECTION('center_axis',(1.,0.,0.));
#2071=DIRECTION('ref_axis',(0.,-1.,0.));
#2072=DIRECTION('',(0.,-1.,0.));
#2073=DIRECTION('',(0.,0.,-1.));
#2074=DIRECTION('center_axis',(0.,0.,-1.));
#2075=DIRECTION('ref_axis',(1.,0.,0.));
#2076=DIRECTION('center_axis',(0.,0.,-1.));
#2077=DIRECTION('ref_axis',(1.,0.,0.));
#2078=DIRECTION('',(0.,0.,-1.));
#2079=DIRECTION('center_axis',(0.,1.,0.));
#2080=DIRECTION('ref_axis',(1.,0.,0.));
#2081=DIRECTION('',(1.,0.,0.));
#2082=DIRECTION('',(0.,0.,-1.));
#2083=DIRECTION('center_axis',(0.,0.,-1.));
#2084=DIRECTION('ref_axis',(1.77635683940025E-15,1.,0.));
#2085=DIRECTION('center_axis',(0.,0.,-1.));
#2086=DIRECTION('ref_axis',(1.77635683940025E-15,1.,0.));
#2087=DIRECTION('',(0.,0.,-1.));
#2088=DIRECTION('center_axis',(-1.,-7.40148683083438E-17,0.));
#2089=DIRECTION('ref_axis',(-7.40148683083438E-17,1.,0.));
#2090=DIRECTION('',(-7.40148683083438E-17,1.,0.));
#2091=DIRECTION('',(0.,0.,-1.));
#2092=DIRECTION('center_axis',(0.,0.,-1.));
#2093=DIRECTION('ref_axis',(-1.,0.,0.));
#2094=DIRECTION('center_axis',(0.,0.,-1.));
#2095=DIRECTION('ref_axis',(-1.,0.,0.));
#2096=DIRECTION('center_axis',(0.,0.,1.));
#2097=DIRECTION('ref_axis',(1.,0.,0.));
#2098=CARTESIAN_POINT('',(0.,0.,0.));
#2099=CARTESIAN_POINT('Origin',(6.46410234056287,-67.,0.));
#2100=CARTESIAN_POINT('',(6.46410234056287,-65.,0.));
#2101=CARTESIAN_POINT('',(4.73205124478724,-66.0000004991889,0.));
#2102=CARTESIAN_POINT('Origin',(6.46410234056287,-67.,0.));
#2103=CARTESIAN_POINT('',(4.73205124478724,-66.0000004991889,5.));
#2104=CARTESIAN_POINT('',(4.73205124478724,-66.0000004991889,0.));
#2105=CARTESIAN_POINT('',(6.46410234056287,-65.,5.));
#2106=CARTESIAN_POINT('Origin',(6.46410234056287,-67.,5.));
#2107=CARTESIAN_POINT('',(6.46410234056287,-65.,0.));
#2108=CARTESIAN_POINT('Origin',(3.00000014901161,-65.0000009983778,0.));
#2109=CARTESIAN_POINT('',(3.00000014901161,-67.0000009983778,0.));
#2110=CARTESIAN_POINT('Origin',(3.00000014901161,-65.0000009983778,0.));
#2111=CARTESIAN_POINT('',(3.00000014901161,-67.0000009983778,5.));
#2112=CARTESIAN_POINT('',(3.00000014901161,-67.0000009983778,0.));
#2113=CARTESIAN_POINT('Origin',(3.00000014901161,-65.0000009983778,5.));
#2114=CARTESIAN_POINT('Origin',(-8.88178419700125E-15,8.88178419700125E-15,
0.));
#2115=CARTESIAN_POINT('',(-44.,-60.,0.));
#2116=CARTESIAN_POINT('',(-35.,-69.,0.));
#2117=CARTESIAN_POINT('Origin',(-35.,-60.,0.));
#2118=CARTESIAN_POINT('',(-44.,60.,0.));
#2119=CARTESIAN_POINT('',(-44.,30.,0.));
#2120=CARTESIAN_POINT('',(-35.,69.,0.));
#2121=CARTESIAN_POINT('Origin',(-35.,60.,0.));
#2122=CARTESIAN_POINT('',(35.,69.,0.));
#2123=CARTESIAN_POINT('',(17.5,69.,0.));
#2124=CARTESIAN_POINT('',(44.,60.,0.));
#2125=CARTESIAN_POINT('Origin',(35.,60.,0.));
#2126=CARTESIAN_POINT('',(44.,-60.,0.));
#2127=CARTESIAN_POINT('',(44.,-30.,0.));
#2128=CARTESIAN_POINT('',(35.,-69.,0.));
#2129=CARTESIAN_POINT('Origin',(35.,-60.,0.));
#2130=CARTESIAN_POINT('',(-17.5,-69.,0.));
#2131=CARTESIAN_POINT('',(35.,-65.,0.));
#2132=CARTESIAN_POINT('',(35.,-65.,0.));
#2133=CARTESIAN_POINT('',(40.,-60.,0.));
#2134=CARTESIAN_POINT('Origin',(35.,-60.,0.));
#2135=CARTESIAN_POINT('',(40.,60.,0.));
#2136=CARTESIAN_POINT('',(40.,60.,0.));
#2137=CARTESIAN_POINT('',(35.,65.,0.));
#2138=CARTESIAN_POINT('Origin',(35.,60.,0.));
#2139=CARTESIAN_POINT('',(-35.,65.,0.));
#2140=CARTESIAN_POINT('',(-35.,65.,0.));
#2141=CARTESIAN_POINT('',(-40.,60.,0.));
#2142=CARTESIAN_POINT('Origin',(-35.,60.,0.));
#2143=CARTESIAN_POINT('',(-40.,-60.,0.));
#2144=CARTESIAN_POINT('',(-40.,-60.,0.));
#2145=CARTESIAN_POINT('',(-35.,-65.,0.));
#2146=CARTESIAN_POINT('Origin',(-35.,-60.,0.));
#2147=CARTESIAN_POINT('',(-6.46410219155126,-65.,0.));
#2148=CARTESIAN_POINT('',(35.,-65.,0.));
#2149=CARTESIAN_POINT('',(-4.73205109577563,-66.0000004991889,0.));
#2150=CARTESIAN_POINT('Origin',(-6.46410219155126,-67.,0.));
#2151=CARTESIAN_POINT('',(-3.,-67.0000009983778,0.));
#2152=CARTESIAN_POINT('Origin',(-3.,-65.0000009983778,0.));
#2153=CARTESIAN_POINT('',(-2.5,-67.0000009983778,0.));
#2154=CARTESIAN_POINT('Origin',(-6.46410219155126,-67.,0.));
#2155=CARTESIAN_POINT('',(-6.46410219155126,-65.,5.));
#2156=CARTESIAN_POINT('',(-6.46410219155126,-65.,0.));
#2157=CARTESIAN_POINT('',(-4.73205109577563,-66.0000004991889,5.));
#2158=CARTESIAN_POINT('Origin',(-6.46410219155126,-67.,5.));
#2159=CARTESIAN_POINT('',(-4.73205109577563,-66.0000004991889,0.));
#2160=CARTESIAN_POINT('Origin',(-3.,-65.0000009983778,0.));
#2161=CARTESIAN_POINT('',(-3.,-67.0000009983778,5.));
#2162=CARTESIAN_POINT('Origin',(-3.,-65.0000009983778,5.));
#2163=CARTESIAN_POINT('',(-3.,-67.0000009983778,0.));
#2164=CARTESIAN_POINT('Origin',(7.45058059692383E-8,-65.0000009685755,5.));
#2165=CARTESIAN_POINT('',(-5.,-67.0000009983778,5.));
#2166=CARTESIAN_POINT('',(-17.4999999627471,-65.,5.));
#2167=CARTESIAN_POINT('Origin',(-5.,-67.0000009983778,0.));
#2168=CARTESIAN_POINT('Origin',(-35.,-65.,0.));
#2169=CARTESIAN_POINT('',(-35.,-65.,70.));
#2170=CARTESIAN_POINT('',(-35.,-65.,0.));
#2171=CARTESIAN_POINT('',(35.,-65.,70.));
#2172=CARTESIAN_POINT('',(35.,-65.,70.));
#2173=CARTESIAN_POINT('',(35.,-65.,0.));
#2174=CARTESIAN_POINT('Origin',(-40.,60.,0.));
#2175=CARTESIAN_POINT('',(-40.,60.,70.));
#2176=CARTESIAN_POINT('',(-40.,60.,0.));
#2177=CARTESIAN_POINT('',(-40.,-60.,70.));
#2178=CARTESIAN_POINT('',(-40.,-60.,70.));
#2179=CARTESIAN_POINT('',(-40.,-60.,0.));
#2180=CARTESIAN_POINT('Origin',(-35.,60.,0.));
#2181=CARTESIAN_POINT('',(-35.,65.,70.));
#2182=CARTESIAN_POINT('',(-35.,65.,0.));
#2183=CARTESIAN_POINT('Origin',(-35.,60.,70.));
#2184=CARTESIAN_POINT('Origin',(35.,65.,0.));
#2185=CARTESIAN_POINT('',(35.,65.,70.));
#2186=CARTESIAN_POINT('',(35.,65.,0.));
#2187=CARTESIAN_POINT('',(-35.,65.,70.));
#2188=CARTESIAN_POINT('Origin',(35.,60.,0.));
#2189=CARTESIAN_POINT('',(40.,60.,70.));
#2190=CARTESIAN_POINT('',(40.,60.,0.));
#2191=CARTESIAN_POINT('Origin',(35.,60.,70.));
#2192=CARTESIAN_POINT('Origin',(40.,-60.,0.));
#2193=CARTESIAN_POINT('',(40.,-60.,70.));
#2194=CARTESIAN_POINT('',(40.,-60.,0.));
#2195=CARTESIAN_POINT('',(40.,60.,70.));
#2196=CARTESIAN_POINT('Origin',(35.,-60.,0.));
#2197=CARTESIAN_POINT('Origin',(35.,-60.,70.));
#2198=CARTESIAN_POINT('Origin',(-35.,-60.,0.));
#2199=CARTESIAN_POINT('Origin',(-35.,-60.,70.));
#2200=CARTESIAN_POINT('Origin',(-44.,60.,0.));
#2201=CARTESIAN_POINT('',(-44.,-60.,70.));
#2202=CARTESIAN_POINT('',(-44.,-60.,0.));
#2203=CARTESIAN_POINT('',(-44.,60.,70.));
#2204=CARTESIAN_POINT('',(-44.,30.,70.));
#2205=CARTESIAN_POINT('',(-44.,60.,0.));
#2206=CARTESIAN_POINT('Origin',(-35.,60.,0.));
#2207=CARTESIAN_POINT('',(-35.,69.,70.));
#2208=CARTESIAN_POINT('Origin',(-35.,60.,70.));
#2209=CARTESIAN_POINT('',(-35.,69.,0.));
#2210=CARTESIAN_POINT('Origin',(35.,69.,0.));
#2211=CARTESIAN_POINT('',(35.,69.,70.));
#2212=CARTESIAN_POINT('',(17.5,69.,70.));
#2213=CARTESIAN_POINT('',(35.,69.,0.));
#2214=CARTESIAN_POINT('Origin',(35.,60.,0.));
#2215=CARTESIAN_POINT('',(44.,60.,70.));
#2216=CARTESIAN_POINT('Origin',(35.,60.,70.));
#2217=CARTESIAN_POINT('',(44.,60.,0.));
#2218=CARTESIAN_POINT('Origin',(44.,-60.,0.));
#2219=CARTESIAN_POINT('',(44.,-60.,70.));
#2220=CARTESIAN_POINT('',(44.,-30.,70.));
#2221=CARTESIAN_POINT('',(44.,-60.,0.));
#2222=CARTESIAN_POINT('Origin',(35.,-60.,0.));
#2223=CARTESIAN_POINT('',(35.,-69.,70.));
#2224=CARTESIAN_POINT('Origin',(35.,-60.,70.));
#2225=CARTESIAN_POINT('',(35.,-69.,0.));
#2226=CARTESIAN_POINT('Origin',(-35.,-69.,0.));
#2227=CARTESIAN_POINT('',(-35.,-69.,70.));
#2228=CARTESIAN_POINT('',(-17.5,-69.,70.));
#2229=CARTESIAN_POINT('',(-35.,-69.,0.));
#2230=CARTESIAN_POINT('Origin',(-35.,-60.,0.));
#2231=CARTESIAN_POINT('Origin',(-35.,-60.,70.));
#2232=CARTESIAN_POINT('Origin',(-8.88178419700125E-15,8.88178419700125E-15,
70.));
#2233=CARTESIAN_POINT('Origin',(35.,-60.,65.));
#2234=CARTESIAN_POINT('',(36.5,-60.,63.));
#2235=CARTESIAN_POINT('Origin',(35.,-60.,63.));
#2236=CARTESIAN_POINT('',(36.5,-60.,65.));
#2237=CARTESIAN_POINT('',(36.5,-60.,65.));
#2238=CARTESIAN_POINT('Origin',(35.,-60.,65.));
#2239=CARTESIAN_POINT('Origin',(-35.,60.,65.));
#2240=CARTESIAN_POINT('',(-33.5,60.,63.));
#2241=CARTESIAN_POINT('Origin',(-35.,60.,63.));
#2242=CARTESIAN_POINT('',(-33.5,60.,65.));
#2243=CARTESIAN_POINT('',(-33.5,60.,65.));
#2244=CARTESIAN_POINT('Origin',(-35.,60.,65.));
#2245=CARTESIAN_POINT('Origin',(-32.5,57.5,65.));
#2246=CARTESIAN_POINT('',(-32.5,-57.5,65.));
#2247=CARTESIAN_POINT('',(-32.5,57.5,65.));
#2248=CARTESIAN_POINT('',(-32.5,-57.5,65.));
#2249=CARTESIAN_POINT('',(-32.5,-57.5,63.));
#2250=CARTESIAN_POINT('',(-32.5,-57.5,65.));
#2251=CARTESIAN_POINT('',(-32.5,57.5,63.));
#2252=CARTESIAN_POINT('',(-32.5,-57.5,63.));
#2253=CARTESIAN_POINT('',(-32.5,57.5,65.));
#2254=CARTESIAN_POINT('Origin',(32.5,57.5,65.));
#2255=CARTESIAN_POINT('',(32.5,57.5,65.));
#2256=CARTESIAN_POINT('',(-32.5,57.5,65.));
#2257=CARTESIAN_POINT('',(32.5,57.5,63.));
#2258=CARTESIAN_POINT('',(-32.5,57.5,63.));
#2259=CARTESIAN_POINT('',(32.5,57.5,65.));
#2260=CARTESIAN_POINT('Origin',(32.5,-57.5,65.));
#2261=CARTESIAN_POINT('',(32.5,-57.5,65.));
#2262=CARTESIAN_POINT('',(32.5,57.5,65.));
#2263=CARTESIAN_POINT('',(32.5,-57.5,63.));
#2264=CARTESIAN_POINT('',(32.5,57.5,63.));
#2265=CARTESIAN_POINT('',(32.5,-57.5,65.));
#2266=CARTESIAN_POINT('Origin',(-32.5,-57.5,65.));
#2267=CARTESIAN_POINT('',(32.5,-57.5,65.));
#2268=CARTESIAN_POINT('',(32.5,-57.5,63.));
#2269=CARTESIAN_POINT('Origin',(35.,60.,65.));
#2270=CARTESIAN_POINT('',(36.5,60.,63.));
#2271=CARTESIAN_POINT('Origin',(35.,60.,63.));
#2272=CARTESIAN_POINT('',(36.5,60.,65.));
#2273=CARTESIAN_POINT('',(36.5,60.,65.));
#2274=CARTESIAN_POINT('Origin',(35.,60.,65.));
#2275=CARTESIAN_POINT('Origin',(-35.,-60.,65.));
#2276=CARTESIAN_POINT('',(-33.5,-60.,63.));
#2277=CARTESIAN_POINT('Origin',(-35.,-60.,63.));
#2278=CARTESIAN_POINT('',(-33.5,-60.,65.));
#2279=CARTESIAN_POINT('',(-33.5,-60.,65.));
#2280=CARTESIAN_POINT('Origin',(-35.,-60.,65.));
#2281=CARTESIAN_POINT('Origin',(40.0000005960464,60.,65.));
#2282=CARTESIAN_POINT('',(40.0000005960464,-60.,65.));
#2283=CARTESIAN_POINT('',(40.0000005960464,60.,65.));
#2284=CARTESIAN_POINT('',(40.0000005960464,-65.0000009685755,65.));
#2285=CARTESIAN_POINT('',(40.0000005960464,-60.,63.));
#2286=CARTESIAN_POINT('',(40.0000005960464,-60.,65.));
#2287=CARTESIAN_POINT('',(40.0000005960464,60.,63.));
#2288=CARTESIAN_POINT('',(40.0000005960464,-65.0000009685755,63.));
#2289=CARTESIAN_POINT('',(40.0000005960464,60.,65.));
#2290=CARTESIAN_POINT('Origin',(35.,60.,65.));
#2291=CARTESIAN_POINT('',(35.,65.0000009685755,65.));
#2292=CARTESIAN_POINT('Origin',(35.,60.,65.));
#2293=CARTESIAN_POINT('',(35.,65.0000009685755,63.));
#2294=CARTESIAN_POINT('Origin',(35.,60.,63.));
#2295=CARTESIAN_POINT('',(35.,65.0000009685755,65.));
#2296=CARTESIAN_POINT('Origin',(-35.,65.0000009685755,65.));
#2297=CARTESIAN_POINT('',(-35.,65.0000009685755,65.));
#2298=CARTESIAN_POINT('',(40.0000005960464,65.0000009685755,65.));
#2299=CARTESIAN_POINT('',(-35.,65.0000009685755,63.));
#2300=CARTESIAN_POINT('',(40.0000005960464,65.0000009685755,63.));
#2301=CARTESIAN_POINT('',(-35.,65.0000009685755,65.));
#2302=CARTESIAN_POINT('Origin',(-35.,60.,65.));
#2303=CARTESIAN_POINT('',(-40.0000005960464,60.,65.));
#2304=CARTESIAN_POINT('Origin',(-35.,60.,65.));
#2305=CARTESIAN_POINT('',(-40.0000005960464,60.,63.));
#2306=CARTESIAN_POINT('Origin',(-35.,60.,63.));
#2307=CARTESIAN_POINT('',(-40.0000005960464,60.,65.));
#2308=CARTESIAN_POINT('Origin',(-40.0000005960464,-60.,65.));
#2309=CARTESIAN_POINT('',(-40.0000005960464,-60.,65.));
#2310=CARTESIAN_POINT('',(-40.0000005960464,65.0000009685755,65.));
#2311=CARTESIAN_POINT('',(-40.0000005960464,-60.,63.));
#2312=CARTESIAN_POINT('',(-40.0000005960464,65.0000009685755,63.));
#2313=CARTESIAN_POINT('',(-40.0000005960464,-60.,65.));
#2314=CARTESIAN_POINT('Origin',(-35.,-60.,65.));
#2315=CARTESIAN_POINT('',(-35.,-65.0000009685755,65.));
#2316=CARTESIAN_POINT('Origin',(-35.,-60.,65.));
#2317=CARTESIAN_POINT('',(-35.,-65.0000009685755,63.));
#2318=CARTESIAN_POINT('Origin',(-35.,-60.,63.));
#2319=CARTESIAN_POINT('',(-35.,-65.0000009685755,65.));
#2320=CARTESIAN_POINT('Origin',(35.,-65.0000009685755,65.));
#2321=CARTESIAN_POINT('',(35.,-65.0000009685755,65.));
#2322=CARTESIAN_POINT('',(-40.0000005960464,-65.0000009685755,65.));
#2323=CARTESIAN_POINT('',(35.,-65.0000009685755,63.));
#2324=CARTESIAN_POINT('',(-40.0000005960464,-65.0000009685755,63.));
#2325=CARTESIAN_POINT('',(35.,-65.0000009685755,65.));
#2326=CARTESIAN_POINT('Origin',(35.,-60.,65.));
#2327=CARTESIAN_POINT('Origin',(35.,-60.,65.));
#2328=CARTESIAN_POINT('Origin',(35.,-60.,63.));
#2329=CARTESIAN_POINT('Origin',(0.,0.,65.));
#2330=CARTESIAN_POINT('Origin',(0.,0.,63.));
#2331=CARTESIAN_POINT('Origin',(118.417451332473,-56.,-0.5));
#2332=CARTESIAN_POINT('',(123.417451332473,-56.,-3.));
#2333=CARTESIAN_POINT('Origin',(118.417451332473,-56.,-3.));
#2334=CARTESIAN_POINT('',(123.417451332473,-56.,-1.));
#2335=CARTESIAN_POINT('',(123.417451332473,-56.,-0.5));
#2336=CARTESIAN_POINT('Origin',(118.417451332473,-56.,-1.));
#2337=CARTESIAN_POINT('Origin',(126.328428336388,-67.5,0.));
#2338=CARTESIAN_POINT('',(126.328428336388,-69.,0.));
#2339=CARTESIAN_POINT('',(124.914214950505,-68.0000004991889,0.));
#2340=CARTESIAN_POINT('Origin',(126.328428336388,-67.5,0.));
#2341=CARTESIAN_POINT('',(124.914214950496,-68.0000004991642,-1.58578661409945));
#2342=CARTESIAN_POINT('',(124.914214950505,-68.0000004991889,0.));
#2343=CARTESIAN_POINT('',(126.328428336388,-69.,-3.));
#2344=CARTESIAN_POINT('Origin',(126.328428336388,-67.5,-3.));
#2345=CARTESIAN_POINT('',(126.328428336388,-69.,0.));
#2346=CARTESIAN_POINT('Origin',(120.,8.88178419700125E-15,0.));
#2347=CARTESIAN_POINT('',(155.,-69.,0.));
#2348=CARTESIAN_POINT('',(102.5,-69.,0.));
#2349=CARTESIAN_POINT('',(164.,-60.,0.));
#2350=CARTESIAN_POINT('Origin',(155.,-60.,0.));
#2351=CARTESIAN_POINT('',(164.,60.,0.));
#2352=CARTESIAN_POINT('',(164.,-30.,0.));
#2353=CARTESIAN_POINT('',(155.,69.,0.));
#2354=CARTESIAN_POINT('Origin',(155.,60.,0.));
#2355=CARTESIAN_POINT('',(85.,69.,0.));
#2356=CARTESIAN_POINT('',(137.5,69.,0.));
#2357=CARTESIAN_POINT('',(76.,60.,0.));
#2358=CARTESIAN_POINT('Origin',(85.,60.,0.));
#2359=CARTESIAN_POINT('',(76.,-60.,0.));
#2360=CARTESIAN_POINT('',(76.,30.,0.));
#2361=CARTESIAN_POINT('',(85.,-69.,0.));
#2362=CARTESIAN_POINT('Origin',(85.,-60.,0.));
#2363=CARTESIAN_POINT('',(113.671574792856,-69.,0.));
#2364=CARTESIAN_POINT('',(102.5,-69.,0.));
#2365=CARTESIAN_POINT('',(115.085788178739,-68.0000004991889,0.));
#2366=CARTESIAN_POINT('Origin',(113.671574792856,-67.5,0.));
#2367=CARTESIAN_POINT('',(116.500001564622,-67.0000009983778,0.));
#2368=CARTESIAN_POINT('Origin',(116.500001564622,-68.5000009983778,0.));
#2369=CARTESIAN_POINT('',(123.500001564622,-67.0000009983778,0.));
#2370=CARTESIAN_POINT('',(117.500000782311,-67.0000009983778,0.));
#2371=CARTESIAN_POINT('Origin',(123.500001564622,-68.5000009983778,0.));
#2372=CARTESIAN_POINT('',(80.,60.,0.));
#2373=CARTESIAN_POINT('',(80.,-60.,0.));
#2374=CARTESIAN_POINT('',(80.,-60.,0.));
#2375=CARTESIAN_POINT('',(85.,65.,0.));
#2376=CARTESIAN_POINT('Origin',(85.,60.,0.));
#2377=CARTESIAN_POINT('',(155.,65.,0.));
#2378=CARTESIAN_POINT('',(85.,65.,0.));
#2379=CARTESIAN_POINT('',(160.,60.,0.));
#2380=CARTESIAN_POINT('Origin',(155.,60.,0.));
#2381=CARTESIAN_POINT('',(160.,-60.,0.));
#2382=CARTESIAN_POINT('',(160.,60.,0.));
#2383=CARTESIAN_POINT('',(155.,-65.,0.));
#2384=CARTESIAN_POINT('Origin',(155.,-60.,0.));
#2385=CARTESIAN_POINT('',(85.,-65.,0.));
#2386=CARTESIAN_POINT('',(155.,-65.,0.));
#2387=CARTESIAN_POINT('Origin',(85.,-60.,0.));
#2388=CARTESIAN_POINT('Origin',(155.,-69.,0.));
#2389=CARTESIAN_POINT('',(155.,-69.,-3.));
#2390=CARTESIAN_POINT('',(102.5,-69.,-3.));
#2391=CARTESIAN_POINT('',(155.,-69.,0.));
#2392=CARTESIAN_POINT('Origin',(113.671574792856,-67.5,0.));
#2393=CARTESIAN_POINT('',(113.671574792856,-69.,-3.));
#2394=CARTESIAN_POINT('',(115.085788178748,-68.0000004991642,-1.58578661409945));
#2395=CARTESIAN_POINT('Origin',(113.671574792856,-67.5,-3.));
#2396=CARTESIAN_POINT('',(115.085788178739,-68.0000004991889,0.));
#2397=CARTESIAN_POINT('',(113.671574792856,-69.,0.));
#2398=CARTESIAN_POINT('Origin',(123.500001564622,-68.5000009983778,0.));
#2399=CARTESIAN_POINT('',(123.500001564622,-67.0000009983778,-1.5));
#2400=CARTESIAN_POINT('',(123.500001564622,-67.0000009983778,0.));
#2401=CARTESIAN_POINT('',(124.618034660395,-67.5,-1.5));
#2402=CARTESIAN_POINT('Origin',(123.500001564622,-68.5000009983778,-1.5));
#2403=CARTESIAN_POINT('Ctrl Pts',(124.914214950495,-68.0000004991617,-1.58578661410732));
#2404=CARTESIAN_POINT('Ctrl Pts',(124.908248472298,-67.9831247693448,-1.57982013591079));
#2405=CARTESIAN_POINT('Ctrl Pts',(124.901932968557,-67.9662245615267,-1.57418537556201));
#2406=CARTESIAN_POINT('Ctrl Pts',(124.851389322869,-67.8381530370694,-1.53397229284111));
#2407=CARTESIAN_POINT('Ctrl Pts',(124.791489232564,-67.7283640919891,-1.51445943957476));
#2408=CARTESIAN_POINT('Ctrl Pts',(124.692027009279,-67.5877033721994,-1.50184566387778));
#2409=CARTESIAN_POINT('Ctrl Pts',(124.656385788175,-67.54287778731,-1.5));
#2410=CARTESIAN_POINT('Ctrl Pts',(124.618034660395,-67.5,-1.5));
#2411=CARTESIAN_POINT('Origin',(137.500000782311,-67.5,-3.));
#2412=CARTESIAN_POINT('',(115.381968468849,-67.5,-1.5));
#2413=CARTESIAN_POINT('',(137.500000782311,-67.5,-1.5));
#2414=CARTESIAN_POINT('Ctrl Pts',(115.381968468849,-67.5,-1.5));
#2415=CARTESIAN_POINT('Ctrl Pts',(115.343617341069,-67.54287778731,-1.5));
#2416=CARTESIAN_POINT('Ctrl Pts',(115.307976119965,-67.5877033721994,-1.50184566387778));
#2417=CARTESIAN_POINT('Ctrl Pts',(115.20851389668,-67.7283640919891,-1.51445943957476));
#2418=CARTESIAN_POINT('Ctrl Pts',(115.148613806375,-67.8381530370694,-1.53397229284111));
#2419=CARTESIAN_POINT('Ctrl Pts',(115.098070160687,-67.9662245615267,-1.57418537556201));
#2420=CARTESIAN_POINT('Ctrl Pts',(115.091754656946,-67.9831247693448,-1.57982013591079));
#2421=CARTESIAN_POINT('Ctrl Pts',(115.085788178748,-68.0000004991617,-1.58578661410732));
#2422=CARTESIAN_POINT('',(102.5,-69.,-3.));
#2423=CARTESIAN_POINT('Origin',(120.000001564622,-69.0000009983778,-1.5));
#2424=CARTESIAN_POINT('',(116.500001564622,-67.0000009983778,-1.5));
#2425=CARTESIAN_POINT('',(115.000001564622,-67.0000009983778,-1.5));
#2426=CARTESIAN_POINT('Origin',(116.500001564622,-68.5000009983778,-1.5));
#2427=CARTESIAN_POINT('Origin',(115.000001564622,-67.0000009983778,0.));
#2428=CARTESIAN_POINT('',(116.500001564622,-67.0000009983778,0.));
#2429=CARTESIAN_POINT('Origin',(116.500001564622,-68.5000009983778,0.));
#2430=CARTESIAN_POINT('Origin',(155.,-69.,0.));
#2431=CARTESIAN_POINT('',(85.,-69.,-3.));
#2432=CARTESIAN_POINT('',(85.,-69.,0.));
#2433=CARTESIAN_POINT('',(102.5,-69.,-3.));
#2434=CARTESIAN_POINT('Origin',(120.,8.88178419700125E-15,-1.));
#2435=CARTESIAN_POINT('',(82.0000010430813,-60.0000009685755,-1.));
#2436=CARTESIAN_POINT('',(85.0000010430813,-63.0000009685755,-1.));
#2437=CARTESIAN_POINT('Origin',(85.0000010430813,-60.0000009685755,-1.));
#2438=CARTESIAN_POINT('',(155.000002235174,-63.0000009685755,-1.));
#2439=CARTESIAN_POINT('',(102.500000521541,-63.0000009685755,-1.));
#2440=CARTESIAN_POINT('',(158.000002235174,-60.0000009685755,-1.));
#2441=CARTESIAN_POINT('Origin',(155.000002235174,-60.0000009685755,-1.));
#2442=CARTESIAN_POINT('',(158.000002235174,60.0000009685755,-1.));
#2443=CARTESIAN_POINT('',(158.000002235174,-30.0000004842877,-1.));
#2444=CARTESIAN_POINT('',(155.000002235174,63.0000009685755,-1.));
#2445=CARTESIAN_POINT('Origin',(155.000002235174,60.0000009685755,-1.));
#2446=CARTESIAN_POINT('',(85.0000010430813,63.0000009685755,-1.));
#2447=CARTESIAN_POINT('',(137.500001117587,63.0000009685755,-1.));
#2448=CARTESIAN_POINT('',(82.0000010430813,60.0000009685755,-1.));
#2449=CARTESIAN_POINT('Origin',(85.0000010430813,60.0000009685755,-1.));
#2450=CARTESIAN_POINT('',(82.0000010430813,30.0000004842877,-1.));
#2451=CARTESIAN_POINT('Origin',(82.0000010430813,60.0000009685755,0.));
#2452=CARTESIAN_POINT('',(82.0000010430813,60.0000009685755,3.));
#2453=CARTESIAN_POINT('',(82.0000010430813,60.0000009685755,0.));
#2454=CARTESIAN_POINT('',(82.0000010430813,-60.0000009685755,3.));
#2455=CARTESIAN_POINT('',(82.0000010430813,30.0000004842877,3.));
#2456=CARTESIAN_POINT('',(82.0000010430813,-60.0000009685755,0.));
#2457=CARTESIAN_POINT('Origin',(85.0000010430813,60.0000009685755,0.));
#2458=CARTESIAN_POINT('',(85.0000010430813,63.0000009685755,3.));
#2459=CARTESIAN_POINT('',(85.0000010430813,63.0000009685755,0.));
#2460=CARTESIAN_POINT('Origin',(85.0000010430813,60.0000009685755,3.));
#2461=CARTESIAN_POINT('Origin',(155.000002235174,63.0000009685755,0.));
#2462=CARTESIAN_POINT('',(155.000002235174,63.0000009685755,3.));
#2463=CARTESIAN_POINT('',(155.000002235174,63.0000009685755,0.));
#2464=CARTESIAN_POINT('',(137.500001937151,63.0000009685755,3.));
#2465=CARTESIAN_POINT('Origin',(155.000002235174,60.0000009685755,0.));
#2466=CARTESIAN_POINT('',(158.000002235174,60.0000009685755,3.));
#2467=CARTESIAN_POINT('',(158.000002235174,60.0000009685755,0.));
#2468=CARTESIAN_POINT('Origin',(155.000002235174,60.0000009685755,3.));
#2469=CARTESIAN_POINT('Origin',(158.000002235174,-60.0000009685755,0.));
#2470=CARTESIAN_POINT('',(158.000002235174,-60.0000009685755,3.));
#2471=CARTESIAN_POINT('',(158.000002235174,-60.0000009685755,0.));
#2472=CARTESIAN_POINT('',(158.000002235174,-30.0000004842877,3.));
#2473=CARTESIAN_POINT('Origin',(155.000002235174,-60.0000009685755,0.));
#2474=CARTESIAN_POINT('',(155.000002235174,-63.0000009685755,3.));
#2475=CARTESIAN_POINT('',(155.000002235174,-63.0000009685755,0.));
#2476=CARTESIAN_POINT('Origin',(155.000002235174,-60.0000009685755,3.));
#2477=CARTESIAN_POINT('Origin',(85.0000010430813,-63.0000009685755,0.));
#2478=CARTESIAN_POINT('',(85.0000010430813,-63.0000009685755,3.));
#2479=CARTESIAN_POINT('',(85.0000010430813,-63.0000009685755,0.));
#2480=CARTESIAN_POINT('',(102.500001341105,-63.0000009685755,3.));
#2481=CARTESIAN_POINT('Origin',(85.0000010430813,-60.0000009685755,0.));
#2482=CARTESIAN_POINT('Origin',(85.0000010430813,-60.0000009685755,3.));
#2483=CARTESIAN_POINT('Origin',(80.0000010430813,60.0000009685755,0.));
#2484=CARTESIAN_POINT('',(80.0000010430813,-60.0000009685755,3.));
#2485=CARTESIAN_POINT('',(80.0000010430813,-60.0000009685755,0.));
#2486=CARTESIAN_POINT('',(80.0000010430813,60.0000009685755,3.));
#2487=CARTESIAN_POINT('',(80.0000010430813,-60.0000009685755,3.));
#2488=CARTESIAN_POINT('',(80.0000010430813,60.0000009685755,0.));
#2489=CARTESIAN_POINT('Origin',(85.0000010430813,60.0000009685755,0.));
#2490=CARTESIAN_POINT('',(85.0000010430813,65.0000009685755,3.));
#2491=CARTESIAN_POINT('Origin',(85.0000010430813,60.0000009685755,3.));
#2492=CARTESIAN_POINT('',(85.0000010430813,65.0000009685755,0.));
#2493=CARTESIAN_POINT('Origin',(155.000002235174,65.0000009685755,0.));
#2494=CARTESIAN_POINT('',(155.000002235174,65.0000009685755,3.));
#2495=CARTESIAN_POINT('',(85.0000010430813,65.0000009685755,3.));
#2496=CARTESIAN_POINT('',(155.000002235174,65.0000009685755,0.));
#2497=CARTESIAN_POINT('Origin',(155.000002235174,60.0000009685755,0.));
#2498=CARTESIAN_POINT('',(160.000002235174,60.0000009685755,3.));
#2499=CARTESIAN_POINT('Origin',(155.000002235174,60.0000009685755,3.));
#2500=CARTESIAN_POINT('',(160.000002235174,60.0000009685755,0.));
#2501=CARTESIAN_POINT('Origin',(160.000002235174,-60.0000009685755,0.));
#2502=CARTESIAN_POINT('',(160.000002235174,-60.0000009685755,3.));
#2503=CARTESIAN_POINT('',(160.000002235174,60.0000009685755,3.));
#2504=CARTESIAN_POINT('',(160.000002235174,-60.0000009685755,0.));
#2505=CARTESIAN_POINT('Origin',(155.000002235174,-60.0000009685755,0.));
#2506=CARTESIAN_POINT('',(155.000002235174,-65.0000009685755,3.));
#2507=CARTESIAN_POINT('Origin',(155.000002235174,-60.0000009685755,3.));
#2508=CARTESIAN_POINT('',(155.000002235174,-65.0000009685755,0.));
#2509=CARTESIAN_POINT('Origin',(85.0000010430813,-65.0000009685755,0.));
#2510=CARTESIAN_POINT('',(85.0000010430813,-65.0000009685755,3.));
#2511=CARTESIAN_POINT('',(155.000002235174,-65.0000009685755,3.));
#2512=CARTESIAN_POINT('',(85.0000010430813,-65.0000009685755,0.));
#2513=CARTESIAN_POINT('Origin',(85.0000010430813,-60.0000009685755,0.));
#2514=CARTESIAN_POINT('Origin',(85.0000010430813,-60.0000009685755,3.));
#2515=CARTESIAN_POINT('Origin',(120.000001639128,0.,3.));
#2516=CARTESIAN_POINT('Origin',(155.,-60.,0.));
#2517=CARTESIAN_POINT('',(164.,-60.,-3.));
#2518=CARTESIAN_POINT('Origin',(155.,-60.,-3.));
#2519=CARTESIAN_POINT('',(164.,-60.,0.));
#2520=CARTESIAN_POINT('Origin',(164.,60.,0.));
#2521=CARTESIAN_POINT('',(164.,60.,-3.));
#2522=CARTESIAN_POINT('',(164.,-30.,-3.));
#2523=CARTESIAN_POINT('',(164.,60.,0.));
#2524=CARTESIAN_POINT('Origin',(155.,60.,0.));
#2525=CARTESIAN_POINT('',(155.,69.,-3.));
#2526=CARTESIAN_POINT('Origin',(155.,60.,-3.));
#2527=CARTESIAN_POINT('',(155.,69.,0.));
#2528=CARTESIAN_POINT('Origin',(85.,69.,0.));
#2529=CARTESIAN_POINT('',(85.,69.,-3.));
#2530=CARTESIAN_POINT('',(137.5,69.,-3.));
#2531=CARTESIAN_POINT('',(85.,69.,0.));
#2532=CARTESIAN_POINT('Origin',(85.,60.,0.));
#2533=CARTESIAN_POINT('',(76.,60.,-3.));
#2534=CARTESIAN_POINT('Origin',(85.,60.,-3.));
#2535=CARTESIAN_POINT('',(76.,60.,0.));
#2536=CARTESIAN_POINT('Origin',(76.,-60.,0.));
#2537=CARTESIAN_POINT('',(76.,-60.,-3.));
#2538=CARTESIAN_POINT('',(76.,30.,-3.));
#2539=CARTESIAN_POINT('',(76.,-60.,0.));
#2540=CARTESIAN_POINT('Origin',(85.,-60.,0.));
#2541=CARTESIAN_POINT('Origin',(85.,-60.,-3.));
#2542=CARTESIAN_POINT('Origin',(120.,8.88178419700125E-15,-3.));
#2543=UNCERTAINTY_MEASURE_WITH_UNIT(LENGTH_MEASURE(0.01),#2547,
'DISTANCE_ACCURACY_VALUE',
'Maximum model space distance between geometric entities at asserted c
onnectivities');
#2544=UNCERTAINTY_MEASURE_WITH_UNIT(LENGTH_MEASURE(0.01),#2547,
'DISTANCE_ACCURACY_VALUE',
'Maximum model space distance between geometric entities at asserted c
onnectivities');
#2545=(
GEOMETRIC_REPRESENTATION_CONTEXT(3)
GLOBAL_UNCERTAINTY_ASSIGNED_CONTEXT((#2543))
GLOBAL_UNIT_ASSIGNED_CONTEXT((#2547,#2549,#2550))
REPRESENTATION_CONTEXT('','3D')
);
#2546=(
GEOMETRIC_REPRESENTATION_CONTEXT(3)
GLOBAL_UNCERTAINTY_ASSIGNED_CONTEXT((#2544))
GLOBAL_UNIT_ASSIGNED_CONTEXT((#2547,#2549,#2550))
REPRESENTATION_CONTEXT('','3D')
);
#2547=(
LENGTH_UNIT()
NAMED_UNIT(*)
SI_UNIT(.MILLI.,.METRE.)
);
#2548=(
LENGTH_UNIT()
NAMED_UNIT(*)
SI_UNIT($,.METRE.)
);
#2549=(
NAMED_UNIT(*)
PLANE_ANGLE_UNIT()
SI_UNIT($,.RADIAN.)
);
#2550=(
NAMED_UNIT(*)
SI_UNIT($,.STERADIAN.)
SOLID_ANGLE_UNIT()
);
#2551=SHAPE_DEFINITION_REPRESENTATION(#2552,#2553);
#2552=PRODUCT_DEFINITION_SHAPE('',$,#2555);
#2553=SHAPE_REPRESENTATION('',(#1501),#2545);
#2554=PRODUCT_DEFINITION_CONTEXT('part definition',#2559,'design');
#2555=PRODUCT_DEFINITION('2026-09-12-10-18-39-435',
'biometric scanner enclosure',#2556,#2554);
#2556=PRODUCT_DEFINITION_FORMATION('',$,#2561);
#2557=PRODUCT_RELATED_PRODUCT_CATEGORY('biometric scanner enclosure',
'biometric scanner enclosure',(#2561));
#2558=APPLICATION_PROTOCOL_DEFINITION('international standard',
'automotive_design',2009,#2559);
#2559=APPLICATION_CONTEXT(
'Core Data for Automotive Mechanical Design Process');
#2560=PRODUCT_CONTEXT('part definition',#2559,'mechanical');
#2561=PRODUCT('2026-09-12-10-18-39-435','biometric scanner enclosure',$,
(#2560));
#2562=PRESENTATION_STYLE_ASSIGNMENT((#2563));
#2563=SURFACE_STYLE_USAGE(.BOTH.,#2564);
#2564=SURFACE_SIDE_STYLE('',(#2565));
#2565=SURFACE_STYLE_FILL_AREA(#2566);
#2566=FILL_AREA_STYLE('Steel - Satin',(#2567));
#2567=FILL_AREA_STYLE_COLOUR('Steel - Satin',#2568);
#2568=COLOUR_RGB('Steel - Satin',0.627450980392157,0.627450980392157,0.627450980392157);
ENDSEC;
END-ISO-10303-21;
