ISO-10303-21;
HEADER;
/* Generated by software containing ST-Developer
 * from STEP Tools, Inc. (www.steptools.com) 
 */

FILE_DESCRIPTION(
/* description */ (''),
/* implementation_level */ '2;1');

FILE_NAME(
/* name */ 'Finished build.step',
/* time_stamp */ '2026-09-19T11:34:14+05:30',
/* author */ (''),
/* organization */ (''),
/* preprocessor_version */ 'ST-DEVELOPER v20.2',
/* originating_system */ 'Autodesk Translation Framework v15.15.0.0',
/* authorisation */ '');

FILE_SCHEMA (('AUTOMOTIVE_DESIGN { 1 0 10303 214 3 1 1 }'));
ENDSEC;

DATA;
#10=MECHANICAL_DESIGN_GEOMETRIC_PRESENTATION_REPRESENTATION('',(#180,#181,
#182,#183,#184,#185,#186,#187,#188,#189,#190,#191,#192,#193,#194,#195,#196,
#197,#198,#199,#200,#201,#202,#203,#204,#205,#206,#207,#208,#209,#210),
#11976);
#11=ITEM_DEFINED_TRANSFORMATION($,$,#6237,#6908);
#12=ITEM_DEFINED_TRANSFORMATION($,$,#6391,#6909);
#13=ITEM_DEFINED_TRANSFORMATION($,$,#6780,#6910);
#14=(
REPRESENTATION_RELATIONSHIP($,$,#11993,#11992)
REPRESENTATION_RELATIONSHIP_WITH_TRANSFORMATION(#11)
SHAPE_REPRESENTATION_RELATIONSHIP()
);
#15=(
REPRESENTATION_RELATIONSHIP($,$,#11994,#11992)
REPRESENTATION_RELATIONSHIP_WITH_TRANSFORMATION(#12)
SHAPE_REPRESENTATION_RELATIONSHIP()
);
#16=(
REPRESENTATION_RELATIONSHIP($,$,#11995,#11992)
REPRESENTATION_RELATIONSHIP_WITH_TRANSFORMATION(#13)
SHAPE_REPRESENTATION_RELATIONSHIP()
);
#17=CONTEXT_DEPENDENT_SHAPE_REPRESENTATION(#14,#11989);
#18=CONTEXT_DEPENDENT_SHAPE_REPRESENTATION(#15,#11990);
#19=CONTEXT_DEPENDENT_SHAPE_REPRESENTATION(#16,#11991);
#20=NEXT_ASSEMBLY_USAGE_OCCURRENCE('biometric scanner enclosure:1',
'biometric scanner enclosure:1','biometric scanner enclosure:1',#11997,
#11998,'biometric scanner enclosure:1');
#21=NEXT_ASSEMBLY_USAGE_OCCURRENCE('R307:1','R307:1','R307:1',#11997,#11999,
'R307:1');
#22=NEXT_ASSEMBLY_USAGE_OCCURRENCE('biometric scanner front plate:1',
'biometric scanner front plate:1','biometric scanner front plate:1',#11997,
#12000,'biometric scanner front plate:1');
#23=TOROIDAL_SURFACE('',#6905,20.,3.);
#24=B_SPLINE_SURFACE_WITH_KNOTS('',3,3,((#11350,#11351,#11352,#11353,#11354,
#11355,#11356),(#11357,#11358,#11359,#11360,#11361,#11362,#11363),(#11364,
#11365,#11366,#11367,#11368,#11369,#11370),(#11371,#11372,#11373,#11374,
#11375,#11376,#11377),(#11378,#11379,#11380,#11381,#11382,#11383,#11384),
(#11385,#11386,#11387,#11388,#11389,#11390,#11391),(#11392,#11393,#11394,
#11395,#11396,#11397,#11398)),.UNSPECIFIED.,.F.,.F.,.F.,(4,1,1,1,4),(4,
1,1,1,4),(-0.1,0.242857142857143,0.414285714285714,0.757142857142857,1.1),
(0.195262876241548,0.425187768743963,0.54015021499517,0.770075107497585,
1.),.UNSPECIFIED.);
#25=B_SPLINE_SURFACE_WITH_KNOTS('',3,3,((#11424,#11425,#11426,#11427,#11428,
#11429),(#11430,#11431,#11432,#11433,#11434,#11435),(#11436,#11437,#11438,
#11439,#11440,#11441),(#11442,#11443,#11444,#11445,#11446,#11447),(#11448,
#11449,#11450,#11451,#11452,#11453),(#11454,#11455,#11456,#11457,#11458,
#11459),(#11460,#11461,#11462,#11463,#11464,#11465),(#11466,#11467,#11468,
#11469,#11470,#11471),(#11472,#11473,#11474,#11475,#11476,#11477),(#11478,
#11479,#11480,#11481,#11482,#11483),(#11484,#11485,#11486,#11487,#11488,
#11489),(#11490,#11491,#11492,#11493,#11494,#11495),(#11496,#11497,#11498,
#11499,#11500,#11501),(#11502,#11503,#11504,#11505,#11506,#11507),(#11508,
#11509,#11510,#11511,#11512,#11513)),.UNSPECIFIED.,.F.,.F.,.F.,(4,2,1,1,
1,1,1,1,1,2,4),(4,1,1,4),(-0.0833333333333334,0.,0.025,0.05,0.1,0.2,0.4,
0.6,0.8,1.,1.08333333333333),(0.191133763985861,0.422238402847044,0.653343041708226,
1.),.UNSPECIFIED.);
#26=B_SPLINE_SURFACE_WITH_KNOTS('',3,3,((#11538,#11539,#11540,#11541),(#11542,
#11543,#11544,#11545),(#11546,#11547,#11548,#11549),(#11550,#11551,#11552,
#11553),(#11554,#11555,#11556,#11557),(#11558,#11559,#11560,#11561)),
 .UNSPECIFIED.,.F.,.F.,.F.,(4,1,1,4),(4,4),(0.,0.285714285714286,0.571428571428571,
1.),(0.,1.),.UNSPECIFIED.);
#27=B_SPLINE_SURFACE_WITH_KNOTS('',3,3,((#11576,#11577,#11578,#11579),(#11580,
#11581,#11582,#11583),(#11584,#11585,#11586,#11587),(#11588,#11589,#11590,
#11591),(#11592,#11593,#11594,#11595),(#11596,#11597,#11598,#11599),(#11600,
#11601,#11602,#11603),(#11604,#11605,#11606,#11607),(#11608,#11609,#11610,
#11611),(#11612,#11613,#11614,#11615)),.UNSPECIFIED.,.F.,.F.,.F.,(4,1,1,
1,1,1,1,4),(4,4),(0.,0.142857142857143,0.285714285714286,0.428571428571429,
0.571428571428571,0.785714285714286,0.857142857142857,1.),(0.,1.),
 .UNSPECIFIED.);
#28=B_SPLINE_SURFACE_WITH_KNOTS('',3,3,((#11626,#11627,#11628,#11629),(#11630,
#11631,#11632,#11633),(#11634,#11635,#11636,#11637),(#11638,#11639,#11640,
#11641),(#11642,#11643,#11644,#11645),(#11646,#11647,#11648,#11649)),
 .UNSPECIFIED.,.F.,.F.,.F.,(4,1,1,4),(4,4),(0.,0.285714285714286,0.571428571428571,
1.),(0.,1.),.UNSPECIFIED.);
#29=B_SPLINE_SURFACE_WITH_KNOTS('',3,3,((#11658,#11659,#11660,#11661),(#11662,
#11663,#11664,#11665),(#11666,#11667,#11668,#11669),(#11670,#11671,#11672,
#11673),(#11674,#11675,#11676,#11677),(#11678,#11679,#11680,#11681),(#11682,
#11683,#11684,#11685),(#11686,#11687,#11688,#11689),(#11690,#11691,#11692,
#11693),(#11694,#11695,#11696,#11697)),.UNSPECIFIED.,.F.,.F.,.F.,(4,1,1,
1,1,1,1,4),(4,4),(0.,0.142857142857143,0.285714285714286,0.428571428571429,
0.571428571428571,0.785714285714286,0.857142857142857,1.),(0.,1.),
 .UNSPECIFIED.);
#30=B_SPLINE_SURFACE_WITH_KNOTS('',3,3,((#11723,#11724,#11725,#11726,#11727,
#11728,#11729),(#11730,#11731,#11732,#11733,#11734,#11735,#11736),(#11737,
#11738,#11739,#11740,#11741,#11742,#11743),(#11744,#11745,#11746,#11747,
#11748,#11749,#11750),(#11751,#11752,#11753,#11754,#11755,#11756,#11757),
(#11758,#11759,#11760,#11761,#11762,#11763,#11764),(#11765,#11766,#11767,
#11768,#11769,#11770,#11771)),.UNSPECIFIED.,.F.,.F.,.F.,(4,1,1,1,4),(4,
1,1,1,4),(-0.1,0.0714285714285715,0.414285714285714,0.757142857142857,1.1),
(0.195260516087048,0.310223299503184,0.540148866335456,0.770074433167728,
1.),.UNSPECIFIED.);
#31=B_SPLINE_SURFACE_WITH_KNOTS('',3,3,((#11780,#11781,#11782,#11783,#11784,
#11785,#11786),(#11787,#11788,#11789,#11790,#11791,#11792,#11793),(#11794,
#11795,#11796,#11797,#11798,#11799,#11800),(#11801,#11802,#11803,#11804,
#11805,#11806,#11807),(#11808,#11809,#11810,#11811,#11812,#11813,#11814),
(#11815,#11816,#11817,#11818,#11819,#11820,#11821),(#11822,#11823,#11824,
#11825,#11826,#11827,#11828),(#11829,#11830,#11831,#11832,#11833,#11834,
#11835),(#11836,#11837,#11838,#11839,#11840,#11841,#11842),(#11843,#11844,
#11845,#11846,#11847,#11848,#11849),(#11850,#11851,#11852,#11853,#11854,
#11855,#11856),(#11857,#11858,#11859,#11860,#11861,#11862,#11863),(#11864,
#11865,#11866,#11867,#11868,#11869,#11870),(#11871,#11872,#11873,#11874,
#11875,#11876,#11877)),.UNSPECIFIED.,.F.,.F.,.F.,(4,2,1,1,1,1,1,1,2,4),
(4,1,1,1,4),(-0.0833333333333339,0.,0.05,0.1,0.2,0.4,0.6,0.8,1.,1.08333333333333),
(0.191133764043727,0.422238402888376,0.537790722310701,0.768895361155351,
1.),.UNSPECIFIED.);
#32=SPHERICAL_SURFACE('',#6480,0.25);
#33=SPHERICAL_SURFACE('',#6494,0.25);
#34=SPHERICAL_SURFACE('',#6497,0.25);
#35=SPHERICAL_SURFACE('',#6500,0.25);
#36=SPHERICAL_SURFACE('',#6517,0.25);
#37=SPHERICAL_SURFACE('',#6519,0.25);
#38=SPHERICAL_SURFACE('',#6521,0.25);
#39=SPHERICAL_SURFACE('',#6523,0.25);
#40=SPHERICAL_SURFACE('',#6533,0.25);
#41=SPHERICAL_SURFACE('',#6535,0.25);
#42=SPHERICAL_SURFACE('',#6546,0.25);
#43=SPHERICAL_SURFACE('',#6548,0.25);
#44=SPHERICAL_SURFACE('',#6561,0.25);
#45=SPHERICAL_SURFACE('',#6564,0.25);
#46=SPHERICAL_SURFACE('',#6567,0.25);
#47=SPHERICAL_SURFACE('',#6569,0.25);
#48=SPHERICAL_SURFACE('',#6585,0.25);
#49=SPHERICAL_SURFACE('',#6587,0.25);
#50=SPHERICAL_SURFACE('',#6606,0.25);
#51=SPHERICAL_SURFACE('',#6608,0.25);
#52=SPHERICAL_SURFACE('',#6610,0.25);
#53=SPHERICAL_SURFACE('',#6612,0.25);
#54=SPHERICAL_SURFACE('',#6632,0.25);
#55=SPHERICAL_SURFACE('',#6634,0.25);
#56=SPHERICAL_SURFACE('',#6636,0.25);
#57=SPHERICAL_SURFACE('',#6638,0.25);
#58=SPHERICAL_SURFACE('',#6655,0.25);
#59=SPHERICAL_SURFACE('',#6661,0.25);
#60=SPHERICAL_SURFACE('',#6671,0.25);
#61=SPHERICAL_SURFACE('',#6673,0.25);
#62=SPHERICAL_SURFACE('',#6749,0.65);
#63=SPHERICAL_SURFACE('',#6751,0.65);
#64=SPHERICAL_SURFACE('',#6757,0.65);
#65=SPHERICAL_SURFACE('',#6759,0.65);
#66=(
BOUNDED_SURFACE()
B_SPLINE_SURFACE(3,1,((#9791,#9792),(#9793,#9794),(#9795,#9796),(#9797,
#9798)),.UNSPECIFIED.,.F.,.F.,.F.)
B_SPLINE_SURFACE_WITH_KNOTS((4,4),(2,2),(0.,1.),(0.,1.),.UNSPECIFIED.)
GEOMETRIC_REPRESENTATION_ITEM()
RATIONAL_B_SPLINE_SURFACE(((1.,1.),(0.938817350580018,0.938817350580018),
(0.938817350580018,0.938817350580018),(1.,1.)))
REPRESENTATION_ITEM('')
SURFACE()
);
#67=(
BOUNDED_SURFACE()
B_SPLINE_SURFACE(3,1,((#9815,#9816),(#9817,#9818),(#9819,#9820),(#9821,
#9822)),.UNSPECIFIED.,.F.,.F.,.F.)
B_SPLINE_SURFACE_WITH_KNOTS((4,4),(2,2),(0.,1.),(0.,1.),.UNSPECIFIED.)
GEOMETRIC_REPRESENTATION_ITEM()
RATIONAL_B_SPLINE_SURFACE(((1.,1.),(0.938817350580018,0.938817350580018),
(0.938817350580018,0.938817350580018),(1.,1.)))
REPRESENTATION_ITEM('')
SURFACE()
);
#68=(
BOUNDED_SURFACE()
B_SPLINE_SURFACE(3,1,((#9966,#9967),(#9968,#9969),(#9970,#9971),(#9972,
#9973)),.UNSPECIFIED.,.F.,.F.,.F.)
B_SPLINE_SURFACE_WITH_KNOTS((4,4),(2,2),(0.,1.),(0.,1.),.UNSPECIFIED.)
GEOMETRIC_REPRESENTATION_ITEM()
RATIONAL_B_SPLINE_SURFACE(((1.,1.),(0.804737854124361,0.804737854124361),
(0.804737854124361,0.804737854124361),(1.,1.)))
REPRESENTATION_ITEM('')
SURFACE()
);
#69=(
BOUNDED_SURFACE()
B_SPLINE_SURFACE(3,1,((#9990,#9991),(#9992,#9993),(#9994,#9995),(#9996,
#9997)),.UNSPECIFIED.,.F.,.F.,.F.)
B_SPLINE_SURFACE_WITH_KNOTS((4,4),(2,2),(0.,1.),(0.,1.),.UNSPECIFIED.)
GEOMETRIC_REPRESENTATION_ITEM()
RATIONAL_B_SPLINE_SURFACE(((1.,1.),(0.804737854124363,0.804737854124363),
(0.804737854124363,0.804737854124363),(1.,1.)))
REPRESENTATION_ITEM('')
SURFACE()
);
#70=(
BOUNDED_SURFACE()
B_SPLINE_SURFACE(3,1,((#10042,#10043),(#10044,#10045),(#10046,#10047),(#10048,
#10049)),.UNSPECIFIED.,.F.,.F.,.F.)
B_SPLINE_SURFACE_WITH_KNOTS((4,4),(2,2),(0.,1.),(0.,1.),.UNSPECIFIED.)
GEOMETRIC_REPRESENTATION_ITEM()
RATIONAL_B_SPLINE_SURFACE(((1.,1.),(0.804737854124362,0.804737854124362),
(0.804737854124362,0.804737854124362),(1.,1.)))
REPRESENTATION_ITEM('')
SURFACE()
);
#71=(
BOUNDED_SURFACE()
B_SPLINE_SURFACE(3,1,((#10066,#10067),(#10068,#10069),(#10070,#10071),(#10072,
#10073)),.UNSPECIFIED.,.F.,.F.,.F.)
B_SPLINE_SURFACE_WITH_KNOTS((4,4),(2,2),(0.,1.),(0.,1.),.UNSPECIFIED.)
GEOMETRIC_REPRESENTATION_ITEM()
RATIONAL_B_SPLINE_SURFACE(((1.,1.),(0.804737854124362,0.804737854124362),
(0.804737854124362,0.804737854124362),(1.,1.)))
REPRESENTATION_ITEM('')
SURFACE()
);
#72=(
BOUNDED_SURFACE()
B_SPLINE_SURFACE(3,2,((#10347,#10348,#10349),(#10350,#10351,#10352),(#10353,
#10354,#10355),(#10356,#10357,#10358),(#10359,#10360,#10361),(#10362,#10363,
#10364),(#10365,#10366,#10367),(#10368,#10369,#10370),(#10371,#10372,#10373),
(#10374,#10375,#10376)),.UNSPECIFIED.,.F.,.F.,.F.)
B_SPLINE_SURFACE_WITH_KNOTS((4,2,2,2,4),(3,3),(0.000845212294793712,0.00133226098569795,
0.00181930967660218,0.00230635836750642,0.00279340705841065),(0.,0.815010251436783),
 .UNSPECIFIED.)
GEOMETRIC_REPRESENTATION_ITEM()
RATIONAL_B_SPLINE_SURFACE(((1.,0.81063381454326,0.929938393931965),(1.,
0.81063381454326,0.929938393931965),(1.,0.810633814543248,0.92993839393196),
(1.,0.810633814543248,0.92993839393196),(1.,0.810633814543253,0.929938393931962),
(1.,0.810633814543253,0.929938393931962),(1.,0.810633814543253,0.929938393931962),
(1.,0.810633814543253,0.929938393931962),(1.,0.810633814543255,0.929938393931963),
(1.,0.810633814543255,0.929938393931963)))
REPRESENTATION_ITEM('')
SURFACE()
);
#73=(
BOUNDED_SURFACE()
B_SPLINE_SURFACE(3,2,((#10434,#10435,#10436),(#10437,#10438,#10439),(#10440,
#10441,#10442),(#10443,#10444,#10445),(#10446,#10447,#10448),(#10449,#10450,
#10451),(#10452,#10453,#10454),(#10455,#10456,#10457),(#10458,#10459,#10460),
(#10461,#10462,#10463)),.UNSPECIFIED.,.F.,.F.,.F.)
B_SPLINE_SURFACE_WITH_KNOTS((4,2,2,2,4),(3,3),(0.000845212294793721,0.00133226098569796,
0.00181930967660219,0.00230635836750642,0.00279340705841066),(0.,0.815010251436775),
 .UNSPECIFIED.)
GEOMETRIC_REPRESENTATION_ITEM()
RATIONAL_B_SPLINE_SURFACE(((1.,0.810633814543253,0.929938393931959),(1.,
0.810633814543253,0.929938393931959),(1.,0.810633814543256,0.92993839393196),
(1.,0.810633814543256,0.92993839393196),(1.,0.810633814543254,0.929938393931959),
(1.,0.810633814543254,0.929938393931959),(1.,0.810633814543257,0.92993839393196),
(1.,0.810633814543257,0.92993839393196),(1.,0.810633814543261,0.929938393931962),
(1.,0.810633814543261,0.929938393931962)))
REPRESENTATION_ITEM('')
SURFACE()
);
#74=(
BOUNDED_SURFACE()
B_SPLINE_SURFACE(3,2,((#10529,#10530,#10531),(#10532,#10533,#10534),(#10535,
#10536,#10537),(#10538,#10539,#10540)),.UNSPECIFIED.,.F.,.F.,.F.)
B_SPLINE_SURFACE_WITH_KNOTS((4,4),(3,3),(0.000508374073229589,0.000836729779786202),
(0.184989748563269,1.),.UNSPECIFIED.)
GEOMETRIC_REPRESENTATION_ITEM()
RATIONAL_B_SPLINE_SURFACE(((0.929938393931948,0.810633814543268,1.),(0.929938393931948,
0.810633814543268,1.),(0.929938393931945,0.810633814543262,1.),(0.929938393931945,
0.810633814543262,1.)))
REPRESENTATION_ITEM('')
SURFACE()
);
#75=(
BOUNDED_SURFACE()
B_SPLINE_SURFACE(3,2,((#10544,#10545,#10546),(#10547,#10548,#10549),(#10550,
#10551,#10552),(#10553,#10554,#10555)),.UNSPECIFIED.,.F.,.F.,.F.)
B_SPLINE_SURFACE_WITH_KNOTS((4,4),(3,3),(0.000508374073229646,0.000836729779786281),
(0.,0.815010251436706),.UNSPECIFIED.)
GEOMETRIC_REPRESENTATION_ITEM()
RATIONAL_B_SPLINE_SURFACE(((1.,0.810633814543267,0.929938393931938),(1.,
0.810633814543267,0.929938393931938),(1.,0.810633814543264,0.929938393931937),
(1.,0.810633814543264,0.929938393931937)))
REPRESENTATION_ITEM('')
SURFACE()
);
#76=(
BOUNDED_SURFACE()
B_SPLINE_SURFACE(3,2,((#10559,#10560,#10561),(#10562,#10563,#10564),(#10565,
#10566,#10567),(#10568,#10569,#10570),(#10571,#10572,#10573),(#10574,#10575,
#10576)),.UNSPECIFIED.,.F.,.F.,.F.)
B_SPLINE_SURFACE_WITH_KNOTS((4,2,4),(3,3),(0.00407808902533948,0.00493788969715284,
0.00575693402205249),(0.,1.00004075634691),.UNSPECIFIED.)
GEOMETRIC_REPRESENTATION_ITEM()
RATIONAL_B_SPLINE_SURFACE(((1.,0.886072013617839,1.00000928657707),(1.,
0.886564565219583,1.00000924642786),(1.,0.87916233860032,1.0000098498033),
(1.,0.840327601285024,1.00001301532735),(1.,0.810291552126944,1.00001546364663),
(1.,0.767642305115982,1.00001894010164)))
REPRESENTATION_ITEM('')
SURFACE()
);
#77=(
BOUNDED_SURFACE()
B_SPLINE_SURFACE(3,2,((#10594,#10595,#10596),(#10597,#10598,#10599),(#10600,
#10601,#10602),(#10603,#10604,#10605),(#10606,#10607,#10608),(#10609,#10610,
#10611)),.UNSPECIFIED.,.F.,.F.,.F.)
B_SPLINE_SURFACE_WITH_KNOTS((4,2,4),(3,3),(0.00405727034569793,0.00493788969715283,
0.00575693402205247),(-6.15750265552494E-5,1.),.UNSPECIFIED.)
GEOMETRIC_REPRESENTATION_ITEM()
RATIONAL_B_SPLINE_SURFACE(((1.00001403663798,0.886020041185326,1.),(1.00001392662619,
0.886913356192169,1.),(1.00001482216713,0.879641406960739,1.),(1.00001966407374,
0.840324277252276,1.),(1.00002336309179,0.810287602808291,1.),(1.00002861545817,
0.767637467932711,1.)))
REPRESENTATION_ITEM('')
SURFACE()
);
#78=(
BOUNDED_SURFACE()
B_SPLINE_SURFACE(3,2,((#10630,#10631,#10632),(#10633,#10634,#10635),(#10636,
#10637,#10638),(#10639,#10640,#10641)),.UNSPECIFIED.,.F.,.F.,.F.)
B_SPLINE_SURFACE_WITH_KNOTS((4,4),(3,3),(0.,0.000244527104829447),(0.,1.),
 .UNSPECIFIED.)
GEOMETRIC_REPRESENTATION_ITEM()
RATIONAL_B_SPLINE_SURFACE(((1.,0.840615950752866,1.),(1.,0.840615950752866,
1.),(1.,0.840615950752872,1.),(1.,0.840615950752872,1.)))
REPRESENTATION_ITEM('')
SURFACE()
);
#79=(
BOUNDED_SURFACE()
B_SPLINE_SURFACE(3,2,((#10644,#10645,#10646),(#10647,#10648,#10649),(#10650,
#10651,#10652),(#10653,#10654,#10655)),.UNSPECIFIED.,.F.,.F.,.F.)
B_SPLINE_SURFACE_WITH_KNOTS((4,4),(3,3),(-4.44530272834919E-5,0.000488983300118368),
(0.,1.0014717483287),.UNSPECIFIED.)
GEOMETRIC_REPRESENTATION_ITEM()
RATIONAL_B_SPLINE_SURFACE(((1.,0.840381377544761,1.00046983688165),(1.,
0.840381377544776,1.00046983688165),(1.,0.840381377544691,1.00046983688165),
(1.,0.840381377544706,1.00046983688165)))
REPRESENTATION_ITEM('')
SURFACE()
);
#80=(
BOUNDED_SURFACE()
B_SPLINE_SURFACE(3,2,((#10659,#10660,#10661),(#10662,#10663,#10664),(#10665,
#10666,#10667),(#10668,#10669,#10670)),.UNSPECIFIED.,.F.,.F.,.F.)
B_SPLINE_SURFACE_WITH_KNOTS((4,4),(3,3),(-1.0842021724855E-18,0.000775045853044812),
(0.,1.),.UNSPECIFIED.)
GEOMETRIC_REPRESENTATION_ITEM()
RATIONAL_B_SPLINE_SURFACE(((1.,0.840615950752862,1.),(1.,0.874690740777529,
1.),(1.,0.885601600087858,1.),(1.,0.886092993201267,1.)))
REPRESENTATION_ITEM('')
SURFACE()
);
#81=(
BOUNDED_SURFACE()
B_SPLINE_SURFACE(3,2,((#10672,#10673,#10674),(#10675,#10676,#10677),(#10678,
#10679,#10680),(#10681,#10682,#10683),(#10684,#10685,#10686),(#10687,#10688,
#10689),(#10690,#10691,#10692),(#10693,#10694,#10695),(#10696,#10697,#10698),
(#10699,#10700,#10701)),.UNSPECIFIED.,.F.,.F.,.F.)
B_SPLINE_SURFACE_WITH_KNOTS((4,2,2,2,4),(3,3),(-1.35525271560688E-18,0.000362135273273657,
0.000724270546547316,0.00108640581982098,0.00144854109309463),(0.,1.),
 .UNSPECIFIED.)
GEOMETRIC_REPRESENTATION_ITEM()
RATIONAL_B_SPLINE_SURFACE(((1.,0.840615950752873,1.),(1.,0.840615950752873,
1.),(1.,0.840615950752845,1.),(1.,0.840615950752845,1.),(1.,0.84061595075153,
1.),(1.,0.84061595075153,1.),(1.,0.840615950752851,1.),(1.,0.840615950752851,
1.),(1.,0.840615950756355,1.),(1.,0.840615950756355,1.)))
REPRESENTATION_ITEM('')
SURFACE()
);
#82=(
BOUNDED_SURFACE()
B_SPLINE_SURFACE(3,2,((#10707,#10708,#10709),(#10710,#10711,#10712),(#10713,
#10714,#10715),(#10716,#10717,#10718)),.UNSPECIFIED.,.F.,.F.,.F.)
B_SPLINE_SURFACE_WITH_KNOTS((4,4),(3,3),(-7.75412469115686E-5,0.000852953716027346),
(-0.002878369983923,1.00142463888448),.UNSPECIFIED.)
GEOMETRIC_REPRESENTATION_ITEM()
RATIONAL_B_SPLINE_SURFACE(((1.00065839149044,0.88546778970082,1.00032539613773),
(1.000648894474,0.887119867986107,1.00032070243722),(1.00071262693458,0.876033121447051,
1.00035220086456),(1.00098369974768,0.828877942670121,1.00048617289747)))
REPRESENTATION_ITEM('')
SURFACE()
);
#83=(
BOUNDED_SURFACE()
B_SPLINE_SURFACE(3,2,((#10720,#10721,#10722),(#10723,#10724,#10725),(#10726,
#10727,#10728),(#10729,#10730,#10731),(#10732,#10733,#10734),(#10735,#10736,
#10737),(#10738,#10739,#10740),(#10741,#10742,#10743),(#10744,#10745,#10746),
(#10747,#10748,#10749)),.UNSPECIFIED.,.F.,.F.,.F.)
B_SPLINE_SURFACE_WITH_KNOTS((4,2,2,2,4),(3,3),(0.,0.000362135273273636,
0.000724270546547272,0.00108640581982091,0.00144854109309454),(0.,1.),
 .UNSPECIFIED.)
GEOMETRIC_REPRESENTATION_ITEM()
RATIONAL_B_SPLINE_SURFACE(((1.,0.840615950752862,1.),(1.,0.840615950752862,
1.),(1.,0.840615950752844,1.),(1.,0.840615950752844,1.),(1.,0.840615950751524,
1.),(1.,0.840615950751524,1.),(1.,0.840615950752869,1.),(1.,0.840615950752869,
1.),(1.,0.840615950756353,1.),(1.,0.840615950756353,1.)))
REPRESENTATION_ITEM('')
SURFACE()
);
#84=(
BOUNDED_SURFACE()
B_SPLINE_SURFACE(3,2,((#10751,#10752,#10753),(#10754,#10755,#10756),(#10757,
#10758,#10759),(#10760,#10761,#10762)),.UNSPECIFIED.,.F.,.F.,.F.)
B_SPLINE_SURFACE_WITH_KNOTS((4,4),(3,3),(-4.44530272834877E-5,0.000488983300118365),
(-0.00147174832220561,1.),.UNSPECIFIED.)
GEOMETRIC_REPRESENTATION_ITEM()
RATIONAL_B_SPLINE_SURFACE(((1.00046983687958,0.840381377545795,1.),(1.00046983687958,
0.840381377545813,1.),(1.00046983687958,0.840381377545717,1.),(1.00046983687958,
0.840381377545734,1.)))
REPRESENTATION_ITEM('')
SURFACE()
);
#85=(
BOUNDED_SURFACE()
B_SPLINE_SURFACE(3,2,((#10766,#10767,#10768),(#10769,#10770,#10771),(#10772,
#10773,#10774),(#10775,#10776,#10777)),.UNSPECIFIED.,.F.,.F.,.F.)
B_SPLINE_SURFACE_WITH_KNOTS((4,4),(3,3),(0.,0.000244527104830228),(0.,1.),
 .UNSPECIFIED.)
GEOMETRIC_REPRESENTATION_ITEM()
RATIONAL_B_SPLINE_SURFACE(((1.,0.84061595075287,1.),(1.,0.84061595075287,
1.),(1.,0.840615950752872,1.),(1.,0.840615950752872,1.)))
REPRESENTATION_ITEM('')
SURFACE()
);
#86=(
BOUNDED_SURFACE()
B_SPLINE_SURFACE(3,2,((#10778,#10779,#10780),(#10781,#10782,#10783),(#10784,
#10785,#10786),(#10787,#10788,#10789),(#10790,#10791,#10792),(#10793,#10794,
#10795)),.UNSPECIFIED.,.F.,.F.,.F.)
B_SPLINE_SURFACE_WITH_KNOTS((4,2,4),(3,3),(0.,0.00047726218865132,0.00095452437730264),
(-0.00140267993928688,1.),.UNSPECIFIED.)
GEOMETRIC_REPRESENTATION_ITEM()
RATIONAL_B_SPLINE_SURFACE(((1.00082282342603,0.706695945744168,1.),(1.00099428551555,
0.64557648266728,1.),(1.00118262798557,0.578439830625519,1.),(1.00143872794345,
0.487150310219397,1.),(1.00150787618861,0.462501691803972,1.),(1.00150716562978,
0.462754977964728,1.)))
REPRESENTATION_ITEM('')
SURFACE()
);
#87=(
BOUNDED_SURFACE()
B_SPLINE_SURFACE(3,2,((#10799,#10800,#10801),(#10802,#10803,#10804),(#10805,
#10806,#10807),(#10808,#10809,#10810),(#10811,#10812,#10813),(#10814,#10815,
#10816)),.UNSPECIFIED.,.F.,.F.,.F.)
B_SPLINE_SURFACE_WITH_KNOTS((4,2,4),(3,3),(-9.54854554955464E-5,0.00047742727747774,
0.00105034001045103),(-0.00112595996768698,1.),.UNSPECIFIED.)
GEOMETRIC_REPRESENTATION_ITEM()
RATIONAL_B_SPLINE_SURFACE(((1.00120175027618,0.466344137148971,1.),(1.00123144063357,
0.453159673117943,1.),(1.00117484726431,0.478290837140249,1.),(1.00092940516334,
0.587283211654417,1.),(1.00073604210397,0.673149079410836,1.),(1.00057945296198,
0.742684918374424,1.)))
REPRESENTATION_ITEM('')
SURFACE()
);
#88=(
BOUNDED_SURFACE()
B_SPLINE_SURFACE(3,2,((#10818,#10819,#10820),(#10821,#10822,#10823),(#10824,
#10825,#10826),(#10827,#10828,#10829),(#10830,#10831,#10832),(#10833,#10834,
#10835)),.UNSPECIFIED.,.F.,.F.,.F.)
B_SPLINE_SURFACE_WITH_KNOTS((4,2,4),(3,3),(-9.54854554955483E-5,0.000477427277477741,
0.00105034001045103),(-0.00182668567918029,1.00022359237437),
 .UNSPECIFIED.)
GEOMETRIC_REPRESENTATION_ITEM()
RATIONAL_B_SPLINE_SURFACE(((1.00042133792581,0.88464564256038,1.00005149063112),
(1.00040326898406,0.889592577164662,1.00004928247193),(1.00043833786942,
0.879991379435852,1.00005356815079),(1.00068955396737,0.811213161804128,
1.0000842686281),(1.00091847839437,0.748537982187357,1.00011224489727),
(1.0012140749591,0.667609231898022,1.00014836899801)))
REPRESENTATION_ITEM('')
SURFACE()
);
#89=(
BOUNDED_SURFACE()
B_SPLINE_SURFACE(3,2,((#10841,#10842,#10843),(#10844,#10845,#10846),(#10847,
#10848,#10849),(#10850,#10851,#10852),(#10853,#10854,#10855),(#10856,#10857,
#10858)),.UNSPECIFIED.,.F.,.F.,.F.)
B_SPLINE_SURFACE_WITH_KNOTS((4,2,4),(3,3),(0.,0.000477262188651318,0.000954524377302636),
(-0.00176733259975349,1.),.UNSPECIFIED.)
GEOMETRIC_REPRESENTATION_ITEM()
RATIONAL_B_SPLINE_SURFACE(((1.00103710915086,0.70658914145267,1.),(1.00081848228204,
0.768441355589745,1.),(1.0006476860409,0.816761700374918,1.),(1.00044410519445,
0.874357210830649,1.),(1.00040449927848,0.885562208682212,1.),(1.0004033347019,
0.885891681634805,1.)))
REPRESENTATION_ITEM('')
SURFACE()
);
#90=SHAPE_REPRESENTATION_RELATIONSHIP('SRR','None',#11993,#93);
#91=SHAPE_REPRESENTATION_RELATIONSHIP('SRR','None',#11994,#94);
#92=SHAPE_REPRESENTATION_RELATIONSHIP('SRR','None',#11995,#95);
#93=ADVANCED_BREP_SHAPE_REPRESENTATION('',(#211,#212,#213),#11973);
#94=ADVANCED_BREP_SHAPE_REPRESENTATION('',(#214,#215),#11974);
#95=ADVANCED_BREP_SHAPE_REPRESENTATION('',(#216,#217),#11975);
#96=B_SPLINE_CURVE_WITH_KNOTS('',3,(#9058,#9059,#9060,#9061,#9062,#9063,
#9064,#9065),.UNSPECIFIED.,.F.,.F.,(4,2,2,4),(0.182266196848151,0.18754182820627,
0.222315383083041,0.239362240556032),.UNSPECIFIED.);
#97=B_SPLINE_CURVE_WITH_KNOTS('',3,(#9069,#9070,#9071,#9072,#9073,#9074,
#9075,#9076),.UNSPECIFIED.,.F.,.F.,(4,2,2,4),(0.485879531589708,0.502926389062699,
0.537699943939469,0.54297557529759),.UNSPECIFIED.);
#98=B_SPLINE_CURVE_WITH_KNOTS('',3,(#9229,#9230,#9231,#9232,#9233,#9234,
#9235,#9236,#9237,#9238,#9239,#9240,#9241,#9242,#9243,#9244,#9245,#9246,
#9247,#9248,#9249,#9250,#9251,#9252,#9253,#9254,#9255,#9256,#9257,#9258,
#9259,#9260,#9261,#9262,#9263,#9264,#9265,#9266,#9267,#9268),
 .UNSPECIFIED.,.F.,.F.,(4,3,3,3,3,3,3,3,3,3,3,3,3,4),(0.,0.000133498023974578,
0.000271099577479284,0.000410024515369389,0.000489251309693627,0.000490592240589653,
0.000980290579687741,0.000981184481179307,0.00147132977451956,0.00147177672176896,
0.00161349453575938,0.00175557882319171,0.00189496171239936,0.00196236896235861),
 .UNSPECIFIED.);
#99=B_SPLINE_CURVE_WITH_KNOTS('',3,(#9270,#9271,#9272,#9273,#9274,#9275,
#9276,#9277,#9278,#9279,#9280,#9281,#9282,#9283,#9284,#9285,#9286,#9287,
#9288,#9289,#9290,#9291,#9292,#9293,#9294,#9295,#9296,#9297,#9298,#9299,
#9300,#9301,#9302,#9303,#9304,#9305,#9306,#9307,#9308,#9309),
 .UNSPECIFIED.,.F.,.F.,(4,3,3,3,3,3,3,3,3,3,3,3,3,4),(0.,0.00013349802396294,
0.000271099577454617,0.00041002451532863,0.000489251309693612,0.000490592240589639,
0.000980290579687713,0.000981184481179279,0.00147132977451951,0.00147177672176892,
0.00161349453577313,0.00175557882321779,0.00189496171243603,0.00196236896235857),
 .UNSPECIFIED.);
#100=B_SPLINE_CURVE_WITH_KNOTS('',3,(#9315,#9316,#9317,#9318,#9319,#9320,
#9321,#9322,#9323,#9324,#9325,#9326,#9327,#9328,#9329,#9330,#9331,#9332,
#9333,#9334,#9335,#9336,#9337,#9338,#9339,#9340,#9341,#9342),
 .UNSPECIFIED.,.F.,.F.,(4,3,3,3,3,3,3,3,3,4),(0.,0.000233480956559301,0.000470057292751332,
0.000702579964906017,0.000819997507445193,0.000820200815903372,0.00108012905815771,
0.00133967976022678,0.0015895243354988,0.00164040163180675),
 .UNSPECIFIED.);
#101=B_SPLINE_CURVE_WITH_KNOTS('',3,(#9346,#9347,#9348,#9349,#9350,#9351,
#9352,#9353,#9354,#9355,#9356,#9357,#9358,#9359,#9360,#9361,#9362,#9363,
#9364,#9365,#9366,#9367,#9368,#9369,#9370,#9371,#9372,#9373),
 .UNSPECIFIED.,.F.,.F.,(4,3,3,3,3,3,3,3,3,4),(0.,0.00025199106752454,0.000510622991332841,
0.000769201418244944,0.000819019166410032,0.000819222181965147,0.00105232572478943,
0.0012885485528141,0.00152077350621621,0.00163803833282006),
 .UNSPECIFIED.);
#102=B_SPLINE_CURVE_WITH_KNOTS('',3,(#9649,#9650,#9651,#9652,#9653,#9654),
 .UNSPECIFIED.,.F.,.F.,(4,2,4),(-0.0984317691803728,-0.0536884137315386,
0.),.UNSPECIFIED.);
#103=B_SPLINE_CURVE_WITH_KNOTS('',3,(#9656,#9657,#9658,#9659,#9660,#9661),
 .UNSPECIFIED.,.F.,.F.,(4,2,4),(-0.30454304632932,-0.254639942800526,-0.204736839271733),
 .UNSPECIFIED.);
#104=B_SPLINE_CURVE_WITH_KNOTS('',3,(#9664,#9665,#9666,#9667,#9668,#9669),
 .UNSPECIFIED.,.F.,.F.,(4,2,4),(-0.0998062070575877,-0.0499031035287939,
0.),.UNSPECIFIED.);
#105=B_SPLINE_CURVE_WITH_KNOTS('',3,(#9670,#9671,#9672,#9673,#9674,#9675),
 .UNSPECIFIED.,.F.,.F.,(4,2,4),(-0.304543046329319,-0.250854632597781,-0.206111277148947),
 .UNSPECIFIED.);
#106=B_SPLINE_CURVE_WITH_KNOTS('',3,(#9677,#9678,#9679,#9680,#9681,#9682),
 .UNSPECIFIED.,.F.,.F.,(4,2,4),(-0.0984317691803725,-0.0536884137315385,
0.),.UNSPECIFIED.);
#107=B_SPLINE_CURVE_WITH_KNOTS('',3,(#9684,#9685,#9686,#9687,#9688,#9689),
 .UNSPECIFIED.,.F.,.F.,(4,2,4),(-0.30454304632932,-0.254639942800526,-0.204736839271732),
 .UNSPECIFIED.);
#108=B_SPLINE_CURVE_WITH_KNOTS('',3,(#9692,#9693,#9694,#9695,#9696,#9697),
 .UNSPECIFIED.,.F.,.F.,(4,2,4),(-0.0998062070575877,-0.0499031035287939,
0.),.UNSPECIFIED.);
#109=B_SPLINE_CURVE_WITH_KNOTS('',3,(#9698,#9699,#9700,#9701,#9702,#9703),
 .UNSPECIFIED.,.F.,.F.,(4,2,4),(-0.30454304632932,-0.250854632597781,-0.206111277148947),
 .UNSPECIFIED.);
#110=B_SPLINE_CURVE_WITH_KNOTS('',3,(#9803,#9804,#9805,#9806,#9807,#9808),
 .UNSPECIFIED.,.F.,.F.,(4,2,4),(0.,0.000424366235804043,0.000848732471608086),
 .UNSPECIFIED.);
#111=B_SPLINE_CURVE_WITH_KNOTS('',3,(#9809,#9810,#9811,#9812,#9813,#9814),
 .UNSPECIFIED.,.F.,.F.,(4,2,4),(0.000486171985051785,0.000921906687821715,
0.00135764139059165),.UNSPECIFIED.);
#112=B_SPLINE_CURVE_WITH_KNOTS('',3,(#9825,#9826,#9827,#9828,#9829,#9830,
#9831,#9832),.UNSPECIFIED.,.F.,.F.,(4,2,2,4),(0.,0.000217431073216956,0.000434862146433911,
0.000869724292867828),.UNSPECIFIED.);
#113=B_SPLINE_CURVE_WITH_KNOTS('',3,(#9834,#9835,#9836,#9837,#9838,#9839,
#9840,#9841,#9842,#9843,#9844,#9845,#9846,#9847,#9848,#9849),
 .UNSPECIFIED.,.F.,.F.,(4,3,3,3,3,4),(1.2266347333467E-18,0.000179875264867316,
0.000346948428058088,0.000472253300451166,0.000660210609040784,0.000848167917630402),
 .UNSPECIFIED.);
#114=B_SPLINE_CURVE_WITH_KNOTS('',3,(#9857,#9858,#9859,#9860,#9861,#9862,
#9863,#9864,#9865,#9866,#9867,#9868,#9869,#9870,#9871,#9872,#9873,#9874,
#9875,#9876,#9877,#9878,#9879,#9880,#9881,#9882,#9883,#9884),
 .UNSPECIFIED.,.F.,.F.,(4,3,3,3,3,3,3,3,3,4),(1.73472347597681E-18,0.000111398449389886,
0.000224399024601169,0.00033695468178607,0.000362135273273943,0.000724270546547884,
0.000926181248589922,0.00108674931975497,0.00128020792814811,0.00144854109309577),
 .UNSPECIFIED.);
#115=B_SPLINE_CURVE_WITH_KNOTS('',3,(#9904,#9905,#9906,#9907,#9908,#9909,
#9910,#9911,#9912,#9913,#9914,#9915,#9916,#9917,#9918,#9919,#9920,#9921,
#9922,#9923,#9924,#9925,#9926,#9927,#9928,#9929,#9930,#9931),
 .UNSPECIFIED.,.F.,.F.,(4,3,3,3,3,3,3,3,3,4),(1.73472347597681E-18,0.000111398449389133,
0.000224399024601368,0.000336954681789672,0.000362135273273969,0.000724270546547938,
0.000926181248598292,0.00108674931975522,0.00128020792815144,0.00144854109309586),
 .UNSPECIFIED.);
#116=B_SPLINE_CURVE_WITH_KNOTS('',3,(#9937,#9938,#9939,#9940,#9941,#9942),
 .UNSPECIFIED.,.F.,.F.,(4,2,4),(0.,0.00048255535145678,0.00096511070291356),
 .UNSPECIFIED.);
#117=B_SPLINE_CURVE_WITH_KNOTS('',3,(#9945,#9946,#9947,#9948,#9949,#9950),
 .UNSPECIFIED.,.F.,.F.,(4,2,4),(0.,0.000480092391045346,0.000960184782090693),
 .UNSPECIFIED.);
#118=B_SPLINE_CURVE_WITH_KNOTS('',3,(#9952,#9953,#9954,#9955,#9956,#9957),
 .UNSPECIFIED.,.F.,.F.,(4,2,4),(0.,0.000482555351456779,0.000965110702913558),
 .UNSPECIFIED.);
#119=B_SPLINE_CURVE_WITH_KNOTS('',3,(#9960,#9961,#9962,#9963,#9964,#9965),
 .UNSPECIFIED.,.F.,.F.,(4,2,4),(8.67361737988404E-19,0.000480092391045346,
0.000960184782090692),.UNSPECIFIED.);
#120=B_SPLINE_CURVE_WITH_KNOTS('',3,(#9977,#9978,#9979,#9980,#9981,#9982),
 .UNSPECIFIED.,.F.,.F.,(4,2,4),(0.,0.000407825709829134,0.000815651419658268),
 .UNSPECIFIED.);
#121=B_SPLINE_CURVE_WITH_KNOTS('',3,(#10001,#10002,#10003,#10004,#10005,
#10006,#10007,#10008,#10009,#10010,#10011,#10012,#10013,#10014,#10015,#10016,
#10017,#10018,#10019,#10020,#10021,#10022,#10023,#10024,#10025,#10026,#10027,
#10028,#10029,#10030,#10031,#10032,#10033,#10034),.UNSPECIFIED.,.F.,.F.,
(4,3,3,3,3,3,3,3,3,3,3,4),(1.73472347597681E-18,0.000102599090818836,0.000208577693093627,
0.000312256262901192,0.000407543230370903,0.000408701753363468,0.000498720657720159,
0.000578391369971853,0.000688558999363818,0.000697897438349394,0.000805121586762787,
0.000817403506726934),.UNSPECIFIED.);
#122=B_SPLINE_CURVE_WITH_KNOTS('',3,(#10053,#10054,#10055,#10056,#10057,
#10058),.UNSPECIFIED.,.F.,.F.,(4,2,4),(0.,0.000407825709829131,0.000815651419658262),
 .UNSPECIFIED.);
#123=B_SPLINE_CURVE_WITH_KNOTS('',3,(#10077,#10078,#10079,#10080,#10081,
#10082,#10083,#10084,#10085,#10086,#10087,#10088,#10089,#10090,#10091,#10092,
#10093,#10094,#10095,#10096,#10097,#10098,#10099,#10100,#10101,#10102,#10103,
#10104,#10105,#10106,#10107),.UNSPECIFIED.,.F.,.F.,(4,3,3,3,3,3,3,3,3,3,
4),(8.67361737988404E-19,0.000102544778988048,0.000208459483780861,0.000312126794535564,
0.000407543230370953,0.000408701753363468,0.000453711205541821,0.000576507268593746,
0.000685092533928469,0.0007406871619457,0.000817403506726935),
 .UNSPECIFIED.);
#124=B_SPLINE_CURVE_WITH_KNOTS('',3,(#10378,#10379,#10380,#10381,#10382,
#10383,#10384,#10385,#10386,#10387,#10388,#10389,#10390,#10391,#10392,#10393,
#10394,#10395,#10396,#10397,#10398,#10399,#10400,#10401,#10402,#10403,#10404,
#10405,#10406,#10407,#10408,#10409,#10410,#10411,#10412,#10413,#10414,#10415,
#10416,#10417,#10418,#10419,#10420,#10421,#10422,#10423,#10424,#10425,#10426,
#10427,#10428,#10429,#10430,#10431,#10432),.UNSPECIFIED.,.F.,.F.,(4,3,3,
3,3,3,3,3,3,3,3,3,3,3,3,3,3,3,4),(0.,0.000106537384001414,0.000215829983783434,
0.000325173015692476,0.000366975713710897,0.000400077876811481,0.000421497547393815,
0.000546665230518344,0.000674432250420984,0.000802199270323625,0.00080315038317424,
0.000953801887496131,0.00110401868462338,0.00120388974748501,0.00120472557476135,
0.00131257465458876,0.00142113788328124,0.00152819979575945,0.00160630076634847),
 .UNSPECIFIED.);
#125=B_SPLINE_CURVE_WITH_KNOTS('',3,(#10466,#10467,#10468,#10469,#10470,
#10471,#10472,#10473,#10474,#10475,#10476,#10477,#10478,#10479,#10480,#10481,
#10482,#10483,#10484,#10485,#10486,#10487,#10488,#10489,#10490,#10491,#10492,
#10493,#10494,#10495,#10496,#10497,#10498,#10499,#10500,#10501,#10502,#10503,
#10504,#10505,#10506,#10507,#10508,#10509,#10510,#10511,#10512,#10513,#10514,
#10515,#10516,#10517,#10518,#10519,#10520),.UNSPECIFIED.,.F.,.F.,(4,3,3,
3,3,3,3,3,3,3,3,3,3,3,3,3,3,3,4),(3.46944695195361E-18,0.000106537384015835,
0.000215829983812379,0.000325173015737422,0.000366975713710971,0.000400077876811486,
0.000421497547393878,0.000546665230540429,0.000674432250432022,0.000802199270323616,
0.00080315038317423,0.000953801887486966,0.00110401868460399,0.00120388974748501,
0.00120472557476135,0.00131257465458745,0.00142113788327881,0.00152819979575593,
0.00160630076634846),.UNSPECIFIED.);
#126=B_SPLINE_CURVE_WITH_KNOTS('',3,(#10577,#10578,#10579,#10580,#10581,
#10582,#10583,#10584,#10585,#10586,#10587,#10588,#10589,#10590,#10591,#10592),
 .UNSPECIFIED.,.F.,.F.,(4,3,3,3,3,4),(8.67361737988404E-19,0.00010914066415308,
0.000223925259829496,0.000342428320444028,0.000467399888602634,0.000490898447225961),
 .UNSPECIFIED.);
#127=B_SPLINE_CURVE_WITH_KNOTS('',3,(#10612,#10613,#10614,#10615,#10616,
#10617,#10618,#10619,#10620,#10621,#10622,#10623,#10624,#10625,#10626,#10627),
 .UNSPECIFIED.,.F.,.F.,(4,3,3,3,3,4),(1.2266347333467E-18,0.000121261451387453,
0.00023772770213569,0.000350438376786296,0.00045853206815997,0.000485045805549806),
 .UNSPECIFIED.);
#128=B_SPLINE_CURVE_WITH_KNOTS('',3,(#11079,#11080,#11081,#11082,#11083,
#11084,#11085,#11086,#11087,#11088),.UNSPECIFIED.,.F.,.F.,(4,3,3,4),(-2.6938399821866,
-2.67047036666969,-2.63934473123024,-2.63500610699395),.UNSPECIFIED.);
#129=B_SPLINE_CURVE_WITH_KNOTS('',3,(#11092,#11093,#11094,#11095),
 .UNSPECIFIED.,.F.,.F.,(4,4),(-2.69384025578351,-2.63500654863356),
 .UNSPECIFIED.);
#130=B_SPLINE_CURVE_WITH_KNOTS('',3,(#11107,#11108,#11109,#11110),
 .UNSPECIFIED.,.F.,.F.,(4,4),(-0.353944554068537,-0.277363752727206),
 .UNSPECIFIED.);
#131=B_SPLINE_CURVE_WITH_KNOTS('',3,(#11130,#11131,#11132,#11133),
 .UNSPECIFIED.,.F.,.F.,(4,4),(-0.353943497937408,-0.277363151282727),
 .UNSPECIFIED.);
#132=B_SPLINE_CURVE_WITH_KNOTS('',3,(#11142,#11143,#11144,#11145),
 .UNSPECIFIED.,.F.,.F.,(4,4),(-2.76373586064957,-2.6938399821866),
 .UNSPECIFIED.);
#133=B_SPLINE_CURVE_WITH_KNOTS('',3,(#11147,#11148,#11149,#11150,#11151,
#11152),.UNSPECIFIED.,.F.,.F.,(4,2,4),(-1.40359349654047,-0.747099363583464,
-0.224373005521564),.UNSPECIFIED.);
#134=B_SPLINE_CURVE_WITH_KNOTS('',3,(#11158,#11159,#11160,#11161,#11162,
#11163),.UNSPECIFIED.,.F.,.F.,(4,2,4),(-2.6977718660517,-2.21790315927712,
-1.51432207991771),.UNSPECIFIED.);
#135=B_SPLINE_CURVE_WITH_KNOTS('',3,(#11164,#11165,#11166,#11167),
 .UNSPECIFIED.,.F.,.F.,(4,4),(-0.277363151282727,-0.178701121160705),
 .UNSPECIFIED.);
#136=B_SPLINE_CURVE_WITH_KNOTS('',3,(#11168,#11169,#11170,#11171,#11172,
#11173,#11174,#11175,#11176,#11177,#11178,#11179),.UNSPECIFIED.,.F.,.F.,
(4,2,2,2,2,4),(-2.63500654863356,-2.51167232866278,-1.96304251621594,-1.34234657752396,
-0.705550625845277,-0.353943497937408),.UNSPECIFIED.);
#137=B_SPLINE_CURVE_WITH_KNOTS('',3,(#11181,#11182,#11183,#11184),
 .UNSPECIFIED.,.F.,.F.,(4,4),(-2.76373584176315,-2.69384025578351),
 .UNSPECIFIED.);
#138=B_SPLINE_CURVE_WITH_KNOTS('',3,(#11186,#11187,#11188,#11189,#11190,
#11191),.UNSPECIFIED.,.F.,.F.,(4,2,4),(-1.42277924307951,-0.74709936393149,
-0.224373006196255),.UNSPECIFIED.);
#139=B_SPLINE_CURVE_WITH_KNOTS('',3,(#11197,#11198,#11199,#11200,#11201,
#11202),.UNSPECIFIED.,.F.,.F.,(4,2,4),(-2.69777186753525,-2.21790315956114,
-1.5330017325093),.UNSPECIFIED.);
#140=B_SPLINE_CURVE_WITH_KNOTS('',3,(#11203,#11204,#11205,#11206),
 .UNSPECIFIED.,.F.,.F.,(4,4),(-0.277363752727206,-0.178701121599979),
 .UNSPECIFIED.);
#141=B_SPLINE_CURVE_WITH_KNOTS('',3,(#11207,#11208,#11209,#11210,#11211,
#11212,#11213,#11214,#11215,#11216,#11217,#11218),.UNSPECIFIED.,.F.,.F.,
(4,2,2,2,2,4),(-2.63500610699395,-2.51167234361204,-1.96304252512255,-1.3423465817934,
-0.705550626305803,-0.353944554068537),.UNSPECIFIED.);
#142=B_SPLINE_CURVE_WITH_KNOTS('',3,(#11233,#11234,#11235,#11236,#11237,
#11238,#11239),.UNSPECIFIED.,.F.,.F.,(4,3,4),(-1.51432207991771,-1.50391372601744,
-1.40359349654047),.UNSPECIFIED.);
#143=B_SPLINE_CURVE_WITH_KNOTS('',3,(#11241,#11242,#11243,#11244,#11245,
#11246,#11247),.UNSPECIFIED.,.F.,.F.,(4,3,4),(-1.5330017325093,-1.50391372506753,
-1.42277924307951),.UNSPECIFIED.);
#144=B_SPLINE_CURVE_WITH_KNOTS('',3,(#11400,#11401,#11402,#11403,#11404,
#11405,#11406,#11407),.UNSPECIFIED.,.F.,.F.,(4,2,2,4),(-3.69912079879328,
-3.185184764291,-1.6506942568908,0.),.UNSPECIFIED.);
#145=B_SPLINE_CURVE_WITH_KNOTS('',3,(#11409,#11410,#11411,#11412,#11413,
#11414,#11415),.UNSPECIFIED.,.F.,.F.,(4,1,1,1,4),(-1.1,-0.757142857142857,
-0.414285714285714,-0.242857142857143,0.1),.UNSPECIFIED.);
#146=B_SPLINE_CURVE_WITH_KNOTS('',3,(#11416,#11417,#11418,#11419,#11420,
#11421,#11422,#11423),.UNSPECIFIED.,.F.,.F.,(4,2,2,4),(0.846669369525379,
1.63852749460157,4.0118440760513,6.61502571935344),.UNSPECIFIED.);
#147=B_SPLINE_CURVE_WITH_KNOTS('',3,(#11515,#11516,#11517,#11518,#11519,
#11520,#11521,#11522),.UNSPECIFIED.,.F.,.F.,(4,2,2,4),(-6.6150334141874,
-4.0118485176757,-1.63852974635511,-0.846670197115391),.UNSPECIFIED.);
#148=B_SPLINE_CURVE_WITH_KNOTS('',3,(#11523,#11524,#11525,#11526,#11527,
#11528,#11529,#11530,#11531,#11532,#11533,#11534,#11535,#11536,#11537),
 .UNSPECIFIED.,.F.,.F.,(4,2,1,1,1,1,1,1,1,2,4),(-1.08333333333333,-1.,-0.8,
-0.6,-0.4,-0.2,-0.1,-0.05,-0.025,0.,0.0833333333333334),.UNSPECIFIED.);
#149=B_SPLINE_CURVE_WITH_KNOTS('',3,(#11566,#11567,#11568,#11569),
 .UNSPECIFIED.,.F.,.F.,(4,4),(0.,1.),.UNSPECIFIED.);
#150=B_SPLINE_CURVE_WITH_KNOTS('',3,(#11572,#11573,#11574,#11575),
 .UNSPECIFIED.,.F.,.F.,(4,4),(0.,1.),.UNSPECIFIED.);
#151=B_SPLINE_CURVE_WITH_KNOTS('',3,(#11621,#11622,#11623,#11624),
 .UNSPECIFIED.,.F.,.F.,(4,4),(0.,1.),.UNSPECIFIED.);
#152=B_SPLINE_CURVE_WITH_KNOTS('',3,(#11654,#11655,#11656,#11657),
 .UNSPECIFIED.,.F.,.F.,(4,4),(0.,1.),.UNSPECIFIED.);
#153=B_SPLINE_CURVE_WITH_KNOTS('',3,(#11702,#11703,#11704,#11705,#11706,
#11707,#11708),.UNSPECIFIED.,.F.,.F.,(4,1,1,1,4),(-1.1,-0.757142857142857,
-0.414285714285714,-0.0714285714285715,0.1),.UNSPECIFIED.);
#154=B_SPLINE_CURVE_WITH_KNOTS('',3,(#11709,#11710,#11711,#11712,#11713,
#11714,#11715,#11716,#11717,#11718,#11719,#11720,#11721,#11722),
 .UNSPECIFIED.,.F.,.F.,(4,2,1,1,1,1,1,1,2,4),(-1.08333333333333,-1.,-0.8,
-0.6,-0.4,-0.2,-0.1,-0.05,0.,0.0833333333333339),.UNSPECIFIED.);
#155=B_SPLINE_CURVE_WITH_KNOTS('',3,(#11772,#11773,#11774,#11775,#11776,
#11777,#11778,#11779),.UNSPECIFIED.,.F.,.F.,(4,2,2,4),(-3.69912014420477,
-3.18518408303422,-1.65069414045885,0.),.UNSPECIFIED.);
#156=ELLIPSE('',#6325,2.12132034355965,1.5);
#157=ELLIPSE('',#6340,2.12132034355965,1.5);
#158=ELLIPSE('',#6399,13.9998237474355,4.15989617259496);
#159=ELLIPSE('',#6400,13.9998238704516,4.15989619090214);
#160=ELLIPSE('',#6448,1.27586446844453,1.11403628830549);
#161=ELLIPSE('',#6449,0.847670054755373,0.778084144136062);
#162=ELLIPSE('',#6450,0.855978974053973,0.795116649386213);
#163=ELLIPSE('',#6451,1.27586446805125,1.1140362881253);
#164=ELLIPSE('',#6477,0.260978545699972,0.249999999999959);
#165=ELLIPSE('',#6479,0.26097854570014,0.250000000000137);
#166=ELLIPSE('',#6491,0.260978545700385,0.250000000000375);
#167=ELLIPSE('',#6493,0.260978545700174,0.250000000000161);
#168=ELLIPSE('',#6572,0.353553390592852,0.249999999999722);
#169=ELLIPSE('',#6582,0.353553390593019,0.249999999999827);
#170=ELLIPSE('',#6584,0.35355339059298,0.249999999999819);
#171=ELLIPSE('',#6590,0.353553390593149,0.249999999999916);
#172=ELLIPSE('',#6615,0.260978545700039,0.250000000000015);
#173=ELLIPSE('',#6616,0.260978545699805,0.249999999999769);
#174=ELLIPSE('',#6641,0.26097854570013,0.250000000000077);
#175=ELLIPSE('',#6642,0.260978545699697,0.249999999999653);
#176=ELLIPSE('',#6648,0.353553390593203,0.249999999999926);
#177=ELLIPSE('',#6650,0.353553390592924,0.249999999999773);
#178=ELLIPSE('',#6658,0.353553390593344,0.250000000000043);
#179=ELLIPSE('',#6660,0.353553390593218,0.249999999999967);
#180=STYLED_ITEM('',(#12016),#211);
#181=STYLED_ITEM('',(#12016),#212);
#182=STYLED_ITEM('',(#12016),#213);
#183=STYLED_ITEM('',(#12018),#5957);
#184=STYLED_ITEM('',(#12017),#214);
#185=STYLED_ITEM('',(#12020),#6091);
#186=STYLED_ITEM('',(#12021),#6092);
#187=STYLED_ITEM('',(#12021),#6093);
#188=STYLED_ITEM('',(#12021),#6094);
#189=STYLED_ITEM('',(#12021),#6095);
#190=STYLED_ITEM('',(#12021),#6096);
#191=STYLED_ITEM('',(#12017),#6097);
#192=STYLED_ITEM('',(#12017),#6098);
#193=STYLED_ITEM('',(#12017),#6099);
#194=STYLED_ITEM('',(#12017),#6100);
#195=STYLED_ITEM('',(#12017),#6101);
#196=STYLED_ITEM('',(#12017),#6102);
#197=STYLED_ITEM('',(#12017),#6103);
#198=STYLED_ITEM('',(#12017),#6104);
#199=STYLED_ITEM('',(#12017),#6105);
#200=STYLED_ITEM('',(#12017),#6106);
#201=STYLED_ITEM('',(#12017),#6107);
#202=STYLED_ITEM('',(#12017),#6108);
#203=STYLED_ITEM('',(#12017),#6109);
#204=STYLED_ITEM('',(#12017),#6110);
#205=STYLED_ITEM('',(#12017),#6111);
#206=STYLED_ITEM('',(#12017),#6112);
#207=STYLED_ITEM('',(#12017),#6113);
#208=STYLED_ITEM('',(#12019),#215);
#209=STYLED_ITEM('',(#12016),#216);
#210=STYLED_ITEM('',(#12022),#217);
#211=MANIFOLD_SOLID_BREP('Body1',#6195);
#212=MANIFOLD_SOLID_BREP('Body2',#6196);
#213=MANIFOLD_SOLID_BREP('Body3',#6197);
#214=MANIFOLD_SOLID_BREP('Body1',#6198);
#215=MANIFOLD_SOLID_BREP('Body2',#6199);
#216=MANIFOLD_SOLID_BREP('Body1',#6200);
#217=MANIFOLD_SOLID_BREP('Body4',#6201);
#218=FACE_BOUND('',#778,.T.);
#219=FACE_BOUND('',#800,.T.);
#220=FACE_BOUND('',#818,.T.);
#221=FACE_BOUND('',#819,.T.);
#222=FACE_BOUND('',#820,.T.);
#223=FACE_BOUND('',#821,.T.);
#224=FACE_BOUND('',#822,.T.);
#225=FACE_BOUND('',#824,.T.);
#226=FACE_BOUND('',#825,.T.);
#227=FACE_BOUND('',#826,.T.);
#228=FACE_BOUND('',#827,.T.);
#229=FACE_BOUND('',#828,.T.);
#230=FACE_BOUND('',#832,.T.);
#231=FACE_BOUND('',#842,.T.);
#232=FACE_BOUND('',#860,.T.);
#233=FACE_BOUND('',#869,.T.);
#234=FACE_BOUND('',#873,.T.);
#235=FACE_BOUND('',#885,.T.);
#236=FACE_BOUND('',#915,.T.);
#237=FACE_BOUND('',#1059,.T.);
#238=FACE_BOUND('',#1060,.T.);
#239=FACE_BOUND('',#1110,.T.);
#240=FACE_BOUND('',#1111,.T.);
#241=FACE_BOUND('',#1112,.T.);
#242=FACE_BOUND('',#1122,.T.);
#243=FACE_BOUND('',#1123,.T.);
#244=FACE_BOUND('',#1124,.T.);
#245=FACE_BOUND('',#1125,.T.);
#246=FACE_BOUND('',#1126,.T.);
#247=FACE_BOUND('',#1127,.T.);
#248=FACE_BOUND('',#1128,.T.);
#249=FACE_BOUND('',#1129,.T.);
#250=FACE_BOUND('',#1137,.T.);
#251=FACE_BOUND('',#1138,.T.);
#252=FACE_BOUND('',#1139,.T.);
#253=FACE_BOUND('',#1140,.T.);
#254=FACE_BOUND('',#1141,.T.);
#255=FACE_BOUND('',#1142,.T.);
#256=FACE_BOUND('',#1143,.T.);
#257=FACE_BOUND('',#1144,.T.);
#258=FACE_BOUND('',#1145,.T.);
#259=FACE_BOUND('',#1147,.T.);
#260=FACE_BOUND('',#1156,.T.);
#261=FACE_BOUND('',#1169,.T.);
#262=FACE_BOUND('',#1186,.T.);
#263=FACE_BOUND('',#1187,.T.);
#264=FACE_BOUND('',#1188,.T.);
#265=FACE_BOUND('',#1189,.T.);
#266=PLANE('',#6244);
#267=PLANE('',#6259);
#268=PLANE('',#6260);
#269=PLANE('',#6261);
#270=PLANE('',#6262);
#271=PLANE('',#6265);
#272=PLANE('',#6268);
#273=PLANE('',#6273);
#274=PLANE('',#6276);
#275=PLANE('',#6279);
#276=PLANE('',#6282);
#277=PLANE('',#6285);
#278=PLANE('',#6292);
#279=PLANE('',#6293);
#280=PLANE('',#6294);
#281=PLANE('',#6295);
#282=PLANE('',#6302);
#283=PLANE('',#6306);
#284=PLANE('',#6310);
#285=PLANE('',#6314);
#286=PLANE('',#6318);
#287=PLANE('',#6319);
#288=PLANE('',#6326);
#289=PLANE('',#6338);
#290=PLANE('',#6344);
#291=PLANE('',#6346);
#292=PLANE('',#6348);
#293=PLANE('',#6349);
#294=PLANE('',#6354);
#295=PLANE('',#6357);
#296=PLANE('',#6360);
#297=PLANE('',#6363);
#298=PLANE('',#6366);
#299=PLANE('',#6369);
#300=PLANE('',#6372);
#301=PLANE('',#6375);
#302=PLANE('',#6378);
#303=PLANE('',#6381);
#304=PLANE('',#6384);
#305=PLANE('',#6387);
#306=PLANE('',#6390);
#307=PLANE('',#6398);
#308=PLANE('',#6401);
#309=PLANE('',#6402);
#310=PLANE('',#6403);
#311=PLANE('',#6404);
#312=PLANE('',#6405);
#313=PLANE('',#6406);
#314=PLANE('',#6407);
#315=PLANE('',#6409);
#316=PLANE('',#6410);
#317=PLANE('',#6411);
#318=PLANE('',#6412);
#319=PLANE('',#6417);
#320=PLANE('',#6418);
#321=PLANE('',#6419);
#322=PLANE('',#6420);
#323=PLANE('',#6421);
#324=PLANE('',#6422);
#325=PLANE('',#6423);
#326=PLANE('',#6424);
#327=PLANE('',#6425);
#328=PLANE('',#6426);
#329=PLANE('',#6432);
#330=PLANE('',#6433);
#331=PLANE('',#6434);
#332=PLANE('',#6435);
#333=PLANE('',#6436);
#334=PLANE('',#6437);
#335=PLANE('',#6438);
#336=PLANE('',#6439);
#337=PLANE('',#6440);
#338=PLANE('',#6441);
#339=PLANE('',#6442);
#340=PLANE('',#6443);
#341=PLANE('',#6444);
#342=PLANE('',#6445);
#343=PLANE('',#6446);
#344=PLANE('',#6454);
#345=PLANE('',#6456);
#346=PLANE('',#6458);
#347=PLANE('',#6460);
#348=PLANE('',#6461);
#349=PLANE('',#6464);
#350=PLANE('',#6467);
#351=PLANE('',#6470);
#352=PLANE('',#6473);
#353=PLANE('',#6474);
#354=PLANE('',#6714);
#355=PLANE('',#6715);
#356=PLANE('',#6724);
#357=PLANE('',#6725);
#358=PLANE('',#6726);
#359=PLANE('',#6727);
#360=PLANE('',#6728);
#361=PLANE('',#6735);
#362=PLANE('',#6738);
#363=PLANE('',#6741);
#364=PLANE('',#6744);
#365=PLANE('',#6745);
#366=PLANE('',#6766);
#367=PLANE('',#6767);
#368=PLANE('',#6768);
#369=PLANE('',#6769);
#370=PLANE('',#6770);
#371=PLANE('',#6771);
#372=PLANE('',#6772);
#373=PLANE('',#6773);
#374=PLANE('',#6774);
#375=PLANE('',#6775);
#376=PLANE('',#6776);
#377=PLANE('',#6777);
#378=PLANE('',#6778);
#379=PLANE('',#6779);
#380=PLANE('',#6786);
#381=PLANE('',#6787);
#382=PLANE('',#6793);
#383=PLANE('',#6804);
#384=PLANE('',#6805);
#385=PLANE('',#6820);
#386=PLANE('',#6821);
#387=PLANE('',#6828);
#388=PLANE('',#6829);
#389=PLANE('',#6846);
#390=PLANE('',#6857);
#391=PLANE('',#6858);
#392=PLANE('',#6866);
#393=PLANE('',#6869);
#394=PLANE('',#6872);
#395=PLANE('',#6875);
#396=PLANE('',#6878);
#397=PLANE('',#6881);
#398=PLANE('',#6883);
#399=PLANE('',#6886);
#400=PLANE('',#6889);
#401=PLANE('',#6892);
#402=PLANE('',#6895);
#403=PLANE('',#6898);
#404=PLANE('',#6902);
#405=PLANE('',#6903);
#406=PLANE('',#6904);
#407=FACE_OUTER_BOUND('',#775,.T.);
#408=FACE_OUTER_BOUND('',#776,.T.);
#409=FACE_OUTER_BOUND('',#777,.T.);
#410=FACE_OUTER_BOUND('',#779,.T.);
#411=FACE_OUTER_BOUND('',#780,.T.);
#412=FACE_OUTER_BOUND('',#781,.T.);
#413=FACE_OUTER_BOUND('',#782,.T.);
#414=FACE_OUTER_BOUND('',#783,.T.);
#415=FACE_OUTER_BOUND('',#784,.T.);
#416=FACE_OUTER_BOUND('',#785,.T.);
#417=FACE_OUTER_BOUND('',#786,.T.);
#418=FACE_OUTER_BOUND('',#787,.T.);
#419=FACE_OUTER_BOUND('',#788,.T.);
#420=FACE_OUTER_BOUND('',#789,.T.);
#421=FACE_OUTER_BOUND('',#790,.T.);
#422=FACE_OUTER_BOUND('',#791,.T.);
#423=FACE_OUTER_BOUND('',#792,.T.);
#424=FACE_OUTER_BOUND('',#793,.T.);
#425=FACE_OUTER_BOUND('',#794,.T.);
#426=FACE_OUTER_BOUND('',#795,.T.);
#427=FACE_OUTER_BOUND('',#796,.T.);
#428=FACE_OUTER_BOUND('',#797,.T.);
#429=FACE_OUTER_BOUND('',#798,.T.);
#430=FACE_OUTER_BOUND('',#799,.T.);
#431=FACE_OUTER_BOUND('',#801,.T.);
#432=FACE_OUTER_BOUND('',#802,.T.);
#433=FACE_OUTER_BOUND('',#803,.T.);
#434=FACE_OUTER_BOUND('',#804,.T.);
#435=FACE_OUTER_BOUND('',#805,.T.);
#436=FACE_OUTER_BOUND('',#806,.T.);
#437=FACE_OUTER_BOUND('',#807,.T.);
#438=FACE_OUTER_BOUND('',#808,.T.);
#439=FACE_OUTER_BOUND('',#809,.T.);
#440=FACE_OUTER_BOUND('',#810,.T.);
#441=FACE_OUTER_BOUND('',#811,.T.);
#442=FACE_OUTER_BOUND('',#812,.T.);
#443=FACE_OUTER_BOUND('',#813,.T.);
#444=FACE_OUTER_BOUND('',#814,.T.);
#445=FACE_OUTER_BOUND('',#815,.T.);
#446=FACE_OUTER_BOUND('',#816,.T.);
#447=FACE_OUTER_BOUND('',#817,.T.);
#448=FACE_OUTER_BOUND('',#823,.T.);
#449=FACE_OUTER_BOUND('',#829,.T.);
#450=FACE_OUTER_BOUND('',#830,.T.);
#451=FACE_OUTER_BOUND('',#831,.T.);
#452=FACE_OUTER_BOUND('',#833,.T.);
#453=FACE_OUTER_BOUND('',#834,.T.);
#454=FACE_OUTER_BOUND('',#835,.T.);
#455=FACE_OUTER_BOUND('',#836,.T.);
#456=FACE_OUTER_BOUND('',#837,.T.);
#457=FACE_OUTER_BOUND('',#838,.T.);
#458=FACE_OUTER_BOUND('',#839,.T.);
#459=FACE_OUTER_BOUND('',#840,.T.);
#460=FACE_OUTER_BOUND('',#841,.T.);
#461=FACE_OUTER_BOUND('',#843,.T.);
#462=FACE_OUTER_BOUND('',#844,.T.);
#463=FACE_OUTER_BOUND('',#845,.T.);
#464=FACE_OUTER_BOUND('',#846,.T.);
#465=FACE_OUTER_BOUND('',#847,.T.);
#466=FACE_OUTER_BOUND('',#848,.T.);
#467=FACE_OUTER_BOUND('',#849,.T.);
#468=FACE_OUTER_BOUND('',#850,.T.);
#469=FACE_OUTER_BOUND('',#851,.T.);
#470=FACE_OUTER_BOUND('',#852,.T.);
#471=FACE_OUTER_BOUND('',#853,.T.);
#472=FACE_OUTER_BOUND('',#854,.T.);
#473=FACE_OUTER_BOUND('',#855,.T.);
#474=FACE_OUTER_BOUND('',#856,.T.);
#475=FACE_OUTER_BOUND('',#857,.T.);
#476=FACE_OUTER_BOUND('',#858,.T.);
#477=FACE_OUTER_BOUND('',#859,.T.);
#478=FACE_OUTER_BOUND('',#861,.T.);
#479=FACE_OUTER_BOUND('',#862,.T.);
#480=FACE_OUTER_BOUND('',#863,.T.);
#481=FACE_OUTER_BOUND('',#864,.T.);
#482=FACE_OUTER_BOUND('',#865,.T.);
#483=FACE_OUTER_BOUND('',#866,.T.);
#484=FACE_OUTER_BOUND('',#867,.T.);
#485=FACE_OUTER_BOUND('',#868,.T.);
#486=FACE_OUTER_BOUND('',#870,.T.);
#487=FACE_OUTER_BOUND('',#871,.T.);
#488=FACE_OUTER_BOUND('',#872,.T.);
#489=FACE_OUTER_BOUND('',#874,.T.);
#490=FACE_OUTER_BOUND('',#875,.T.);
#491=FACE_OUTER_BOUND('',#876,.T.);
#492=FACE_OUTER_BOUND('',#877,.T.);
#493=FACE_OUTER_BOUND('',#878,.T.);
#494=FACE_OUTER_BOUND('',#879,.T.);
#495=FACE_OUTER_BOUND('',#880,.T.);
#496=FACE_OUTER_BOUND('',#881,.T.);
#497=FACE_OUTER_BOUND('',#882,.T.);
#498=FACE_OUTER_BOUND('',#883,.T.);
#499=FACE_OUTER_BOUND('',#884,.T.);
#500=FACE_OUTER_BOUND('',#886,.T.);
#501=FACE_OUTER_BOUND('',#887,.T.);
#502=FACE_OUTER_BOUND('',#888,.T.);
#503=FACE_OUTER_BOUND('',#889,.T.);
#504=FACE_OUTER_BOUND('',#890,.T.);
#505=FACE_OUTER_BOUND('',#891,.T.);
#506=FACE_OUTER_BOUND('',#892,.T.);
#507=FACE_OUTER_BOUND('',#893,.T.);
#508=FACE_OUTER_BOUND('',#894,.T.);
#509=FACE_OUTER_BOUND('',#895,.T.);
#510=FACE_OUTER_BOUND('',#896,.T.);
#511=FACE_OUTER_BOUND('',#897,.T.);
#512=FACE_OUTER_BOUND('',#898,.T.);
#513=FACE_OUTER_BOUND('',#899,.T.);
#514=FACE_OUTER_BOUND('',#900,.T.);
#515=FACE_OUTER_BOUND('',#901,.T.);
#516=FACE_OUTER_BOUND('',#902,.T.);
#517=FACE_OUTER_BOUND('',#903,.T.);
#518=FACE_OUTER_BOUND('',#904,.T.);
#519=FACE_OUTER_BOUND('',#905,.T.);
#520=FACE_OUTER_BOUND('',#906,.T.);
#521=FACE_OUTER_BOUND('',#907,.T.);
#522=FACE_OUTER_BOUND('',#908,.T.);
#523=FACE_OUTER_BOUND('',#909,.T.);
#524=FACE_OUTER_BOUND('',#910,.T.);
#525=FACE_OUTER_BOUND('',#911,.T.);
#526=FACE_OUTER_BOUND('',#912,.T.);
#527=FACE_OUTER_BOUND('',#913,.T.);
#528=FACE_OUTER_BOUND('',#914,.T.);
#529=FACE_OUTER_BOUND('',#916,.T.);
#530=FACE_OUTER_BOUND('',#917,.T.);
#531=FACE_OUTER_BOUND('',#918,.T.);
#532=FACE_OUTER_BOUND('',#919,.T.);
#533=FACE_OUTER_BOUND('',#920,.T.);
#534=FACE_OUTER_BOUND('',#921,.T.);
#535=FACE_OUTER_BOUND('',#922,.T.);
#536=FACE_OUTER_BOUND('',#923,.T.);
#537=FACE_OUTER_BOUND('',#924,.T.);
#538=FACE_OUTER_BOUND('',#925,.T.);
#539=FACE_OUTER_BOUND('',#926,.T.);
#540=FACE_OUTER_BOUND('',#927,.T.);
#541=FACE_OUTER_BOUND('',#928,.T.);
#542=FACE_OUTER_BOUND('',#929,.T.);
#543=FACE_OUTER_BOUND('',#930,.T.);
#544=FACE_OUTER_BOUND('',#931,.T.);
#545=FACE_OUTER_BOUND('',#932,.T.);
#546=FACE_OUTER_BOUND('',#933,.T.);
#547=FACE_OUTER_BOUND('',#934,.T.);
#548=FACE_OUTER_BOUND('',#935,.T.);
#549=FACE_OUTER_BOUND('',#936,.T.);
#550=FACE_OUTER_BOUND('',#937,.T.);
#551=FACE_OUTER_BOUND('',#938,.T.);
#552=FACE_OUTER_BOUND('',#939,.T.);
#553=FACE_OUTER_BOUND('',#940,.T.);
#554=FACE_OUTER_BOUND('',#941,.T.);
#555=FACE_OUTER_BOUND('',#942,.T.);
#556=FACE_OUTER_BOUND('',#943,.T.);
#557=FACE_OUTER_BOUND('',#944,.T.);
#558=FACE_OUTER_BOUND('',#945,.T.);
#559=FACE_OUTER_BOUND('',#946,.T.);
#560=FACE_OUTER_BOUND('',#947,.T.);
#561=FACE_OUTER_BOUND('',#948,.T.);
#562=FACE_OUTER_BOUND('',#949,.T.);
#563=FACE_OUTER_BOUND('',#950,.T.);
#564=FACE_OUTER_BOUND('',#951,.T.);
#565=FACE_OUTER_BOUND('',#952,.T.);
#566=FACE_OUTER_BOUND('',#953,.T.);
#567=FACE_OUTER_BOUND('',#954,.T.);
#568=FACE_OUTER_BOUND('',#955,.T.);
#569=FACE_OUTER_BOUND('',#956,.T.);
#570=FACE_OUTER_BOUND('',#957,.T.);
#571=FACE_OUTER_BOUND('',#958,.T.);
#572=FACE_OUTER_BOUND('',#959,.T.);
#573=FACE_OUTER_BOUND('',#960,.T.);
#574=FACE_OUTER_BOUND('',#961,.T.);
#575=FACE_OUTER_BOUND('',#962,.T.);
#576=FACE_OUTER_BOUND('',#963,.T.);
#577=FACE_OUTER_BOUND('',#964,.T.);
#578=FACE_OUTER_BOUND('',#965,.T.);
#579=FACE_OUTER_BOUND('',#966,.T.);
#580=FACE_OUTER_BOUND('',#967,.T.);
#581=FACE_OUTER_BOUND('',#968,.T.);
#582=FACE_OUTER_BOUND('',#969,.T.);
#583=FACE_OUTER_BOUND('',#970,.T.);
#584=FACE_OUTER_BOUND('',#971,.T.);
#585=FACE_OUTER_BOUND('',#972,.T.);
#586=FACE_OUTER_BOUND('',#973,.T.);
#587=FACE_OUTER_BOUND('',#974,.T.);
#588=FACE_OUTER_BOUND('',#975,.T.);
#589=FACE_OUTER_BOUND('',#976,.T.);
#590=FACE_OUTER_BOUND('',#977,.T.);
#591=FACE_OUTER_BOUND('',#978,.T.);
#592=FACE_OUTER_BOUND('',#979,.T.);
#593=FACE_OUTER_BOUND('',#980,.T.);
#594=FACE_OUTER_BOUND('',#981,.T.);
#595=FACE_OUTER_BOUND('',#982,.T.);
#596=FACE_OUTER_BOUND('',#983,.T.);
#597=FACE_OUTER_BOUND('',#984,.T.);
#598=FACE_OUTER_BOUND('',#985,.T.);
#599=FACE_OUTER_BOUND('',#986,.T.);
#600=FACE_OUTER_BOUND('',#987,.T.);
#601=FACE_OUTER_BOUND('',#988,.T.);
#602=FACE_OUTER_BOUND('',#989,.T.);
#603=FACE_OUTER_BOUND('',#990,.T.);
#604=FACE_OUTER_BOUND('',#991,.T.);
#605=FACE_OUTER_BOUND('',#992,.T.);
#606=FACE_OUTER_BOUND('',#993,.T.);
#607=FACE_OUTER_BOUND('',#994,.T.);
#608=FACE_OUTER_BOUND('',#995,.T.);
#609=FACE_OUTER_BOUND('',#996,.T.);
#610=FACE_OUTER_BOUND('',#997,.T.);
#611=FACE_OUTER_BOUND('',#998,.T.);
#612=FACE_OUTER_BOUND('',#999,.T.);
#613=FACE_OUTER_BOUND('',#1000,.T.);
#614=FACE_OUTER_BOUND('',#1001,.T.);
#615=FACE_OUTER_BOUND('',#1002,.T.);
#616=FACE_OUTER_BOUND('',#1003,.T.);
#617=FACE_OUTER_BOUND('',#1004,.T.);
#618=FACE_OUTER_BOUND('',#1005,.T.);
#619=FACE_OUTER_BOUND('',#1006,.T.);
#620=FACE_OUTER_BOUND('',#1007,.T.);
#621=FACE_OUTER_BOUND('',#1008,.T.);
#622=FACE_OUTER_BOUND('',#1009,.T.);
#623=FACE_OUTER_BOUND('',#1010,.T.);
#624=FACE_OUTER_BOUND('',#1011,.T.);
#625=FACE_OUTER_BOUND('',#1012,.T.);
#626=FACE_OUTER_BOUND('',#1013,.T.);
#627=FACE_OUTER_BOUND('',#1014,.T.);
#628=FACE_OUTER_BOUND('',#1015,.T.);
#629=FACE_OUTER_BOUND('',#1016,.T.);
#630=FACE_OUTER_BOUND('',#1017,.T.);
#631=FACE_OUTER_BOUND('',#1018,.T.);
#632=FACE_OUTER_BOUND('',#1019,.T.);
#633=FACE_OUTER_BOUND('',#1020,.T.);
#634=FACE_OUTER_BOUND('',#1021,.T.);
#635=FACE_OUTER_BOUND('',#1022,.T.);
#636=FACE_OUTER_BOUND('',#1023,.T.);
#637=FACE_OUTER_BOUND('',#1024,.T.);
#638=FACE_OUTER_BOUND('',#1025,.T.);
#639=FACE_OUTER_BOUND('',#1026,.T.);
#640=FACE_OUTER_BOUND('',#1027,.T.);
#641=FACE_OUTER_BOUND('',#1028,.T.);
#642=FACE_OUTER_BOUND('',#1029,.T.);
#643=FACE_OUTER_BOUND('',#1030,.T.);
#644=FACE_OUTER_BOUND('',#1031,.T.);
#645=FACE_OUTER_BOUND('',#1032,.T.);
#646=FACE_OUTER_BOUND('',#1033,.T.);
#647=FACE_OUTER_BOUND('',#1034,.T.);
#648=FACE_OUTER_BOUND('',#1035,.T.);
#649=FACE_OUTER_BOUND('',#1036,.T.);
#650=FACE_OUTER_BOUND('',#1037,.T.);
#651=FACE_OUTER_BOUND('',#1038,.T.);
#652=FACE_OUTER_BOUND('',#1039,.T.);
#653=FACE_OUTER_BOUND('',#1040,.T.);
#654=FACE_OUTER_BOUND('',#1041,.T.);
#655=FACE_OUTER_BOUND('',#1042,.T.);
#656=FACE_OUTER_BOUND('',#1043,.T.);
#657=FACE_OUTER_BOUND('',#1044,.T.);
#658=FACE_OUTER_BOUND('',#1045,.T.);
#659=FACE_OUTER_BOUND('',#1046,.T.);
#660=FACE_OUTER_BOUND('',#1047,.T.);
#661=FACE_OUTER_BOUND('',#1048,.T.);
#662=FACE_OUTER_BOUND('',#1049,.T.);
#663=FACE_OUTER_BOUND('',#1050,.T.);
#664=FACE_OUTER_BOUND('',#1051,.T.);
#665=FACE_OUTER_BOUND('',#1052,.T.);
#666=FACE_OUTER_BOUND('',#1053,.T.);
#667=FACE_OUTER_BOUND('',#1054,.T.);
#668=FACE_OUTER_BOUND('',#1055,.T.);
#669=FACE_OUTER_BOUND('',#1056,.T.);
#670=FACE_OUTER_BOUND('',#1057,.T.);
#671=FACE_OUTER_BOUND('',#1058,.T.);
#672=FACE_OUTER_BOUND('',#1061,.T.);
#673=FACE_OUTER_BOUND('',#1062,.T.);
#674=FACE_OUTER_BOUND('',#1063,.T.);
#675=FACE_OUTER_BOUND('',#1064,.T.);
#676=FACE_OUTER_BOUND('',#1065,.T.);
#677=FACE_OUTER_BOUND('',#1066,.T.);
#678=FACE_OUTER_BOUND('',#1067,.T.);
#679=FACE_OUTER_BOUND('',#1068,.T.);
#680=FACE_OUTER_BOUND('',#1069,.T.);
#681=FACE_OUTER_BOUND('',#1070,.T.);
#682=FACE_OUTER_BOUND('',#1071,.T.);
#683=FACE_OUTER_BOUND('',#1072,.T.);
#684=FACE_OUTER_BOUND('',#1073,.T.);
#685=FACE_OUTER_BOUND('',#1074,.T.);
#686=FACE_OUTER_BOUND('',#1075,.T.);
#687=FACE_OUTER_BOUND('',#1076,.T.);
#688=FACE_OUTER_BOUND('',#1077,.T.);
#689=FACE_OUTER_BOUND('',#1078,.T.);
#690=FACE_OUTER_BOUND('',#1079,.T.);
#691=FACE_OUTER_BOUND('',#1080,.T.);
#692=FACE_OUTER_BOUND('',#1081,.T.);
#693=FACE_OUTER_BOUND('',#1082,.T.);
#694=FACE_OUTER_BOUND('',#1083,.T.);
#695=FACE_OUTER_BOUND('',#1084,.T.);
#696=FACE_OUTER_BOUND('',#1085,.T.);
#697=FACE_OUTER_BOUND('',#1086,.T.);
#698=FACE_OUTER_BOUND('',#1087,.T.);
#699=FACE_OUTER_BOUND('',#1088,.T.);
#700=FACE_OUTER_BOUND('',#1089,.T.);
#701=FACE_OUTER_BOUND('',#1090,.T.);
#702=FACE_OUTER_BOUND('',#1091,.T.);
#703=FACE_OUTER_BOUND('',#1092,.T.);
#704=FACE_OUTER_BOUND('',#1093,.T.);
#705=FACE_OUTER_BOUND('',#1094,.T.);
#706=FACE_OUTER_BOUND('',#1095,.T.);
#707=FACE_OUTER_BOUND('',#1096,.T.);
#708=FACE_OUTER_BOUND('',#1097,.T.);
#709=FACE_OUTER_BOUND('',#1098,.T.);
#710=FACE_OUTER_BOUND('',#1099,.T.);
#711=FACE_OUTER_BOUND('',#1100,.T.);
#712=FACE_OUTER_BOUND('',#1101,.T.);
#713=FACE_OUTER_BOUND('',#1102,.T.);
#714=FACE_OUTER_BOUND('',#1103,.T.);
#715=FACE_OUTER_BOUND('',#1104,.T.);
#716=FACE_OUTER_BOUND('',#1105,.T.);
#717=FACE_OUTER_BOUND('',#1106,.T.);
#718=FACE_OUTER_BOUND('',#1107,.T.);
#719=FACE_OUTER_BOUND('',#1108,.T.);
#720=FACE_OUTER_BOUND('',#1109,.T.);
#721=FACE_OUTER_BOUND('',#1113,.T.);
#722=FACE_OUTER_BOUND('',#1114,.T.);
#723=FACE_OUTER_BOUND('',#1115,.T.);
#724=FACE_OUTER_BOUND('',#1116,.T.);
#725=FACE_OUTER_BOUND('',#1117,.T.);
#726=FACE_OUTER_BOUND('',#1118,.T.);
#727=FACE_OUTER_BOUND('',#1119,.T.);
#728=FACE_OUTER_BOUND('',#1120,.T.);
#729=FACE_OUTER_BOUND('',#1121,.T.);
#730=FACE_OUTER_BOUND('',#1130,.T.);
#731=FACE_OUTER_BOUND('',#1131,.T.);
#732=FACE_OUTER_BOUND('',#1132,.T.);
#733=FACE_OUTER_BOUND('',#1133,.T.);
#734=FACE_OUTER_BOUND('',#1134,.T.);
#735=FACE_OUTER_BOUND('',#1135,.T.);
#736=FACE_OUTER_BOUND('',#1136,.T.);
#737=FACE_OUTER_BOUND('',#1146,.T.);
#738=FACE_OUTER_BOUND('',#1148,.T.);
#739=FACE_OUTER_BOUND('',#1149,.T.);
#740=FACE_OUTER_BOUND('',#1150,.T.);
#741=FACE_OUTER_BOUND('',#1151,.T.);
#742=FACE_OUTER_BOUND('',#1152,.T.);
#743=FACE_OUTER_BOUND('',#1153,.T.);
#744=FACE_OUTER_BOUND('',#1154,.T.);
#745=FACE_OUTER_BOUND('',#1155,.T.);
#746=FACE_OUTER_BOUND('',#1157,.T.);
#747=FACE_OUTER_BOUND('',#1158,.T.);
#748=FACE_OUTER_BOUND('',#1159,.T.);
#749=FACE_OUTER_BOUND('',#1160,.T.);
#750=FACE_OUTER_BOUND('',#1161,.T.);
#751=FACE_OUTER_BOUND('',#1162,.T.);
#752=FACE_OUTER_BOUND('',#1163,.T.);
#753=FACE_OUTER_BOUND('',#1164,.T.);
#754=FACE_OUTER_BOUND('',#1165,.T.);
#755=FACE_OUTER_BOUND('',#1166,.T.);
#756=FACE_OUTER_BOUND('',#1167,.T.);
#757=FACE_OUTER_BOUND('',#1168,.T.);
#758=FACE_OUTER_BOUND('',#1170,.T.);
#759=FACE_OUTER_BOUND('',#1171,.T.);
#760=FACE_OUTER_BOUND('',#1172,.T.);
#761=FACE_OUTER_BOUND('',#1173,.T.);
#762=FACE_OUTER_BOUND('',#1174,.T.);
#763=FACE_OUTER_BOUND('',#1175,.T.);
#764=FACE_OUTER_BOUND('',#1176,.T.);
#765=FACE_OUTER_BOUND('',#1177,.T.);
#766=FACE_OUTER_BOUND('',#1178,.T.);
#767=FACE_OUTER_BOUND('',#1179,.T.);
#768=FACE_OUTER_BOUND('',#1180,.T.);
#769=FACE_OUTER_BOUND('',#1181,.T.);
#770=FACE_OUTER_BOUND('',#1182,.T.);
#771=FACE_OUTER_BOUND('',#1183,.T.);
#772=FACE_OUTER_BOUND('',#1184,.T.);
#773=FACE_OUTER_BOUND('',#1185,.T.);
#774=FACE_OUTER_BOUND('',#1190,.T.);
#775=EDGE_LOOP('',(#3901,#3902,#3903,#3904));
#776=EDGE_LOOP('',(#3905,#3906,#3907,#3908));
#777=EDGE_LOOP('',(#3909,#3910,#3911,#3912,#3913,#3914,#3915,#3916));
#778=EDGE_LOOP('',(#3917,#3918,#3919,#3920,#3921,#3922,#3923,#3924,#3925,
#3926,#3927,#3928,#3929,#3930));
#779=EDGE_LOOP('',(#3931,#3932,#3933,#3934));
#780=EDGE_LOOP('',(#3935,#3936,#3937,#3938));
#781=EDGE_LOOP('',(#3939,#3940,#3941,#3942,#3943,#3944));
#782=EDGE_LOOP('',(#3945,#3946,#3947,#3948));
#783=EDGE_LOOP('',(#3949,#3950,#3951,#3952,#3953,#3954,#3955,#3956));
#784=EDGE_LOOP('',(#3957,#3958,#3959,#3960));
#785=EDGE_LOOP('',(#3961,#3962,#3963,#3964));
#786=EDGE_LOOP('',(#3965,#3966,#3967,#3968));
#787=EDGE_LOOP('',(#3969,#3970,#3971,#3972));
#788=EDGE_LOOP('',(#3973,#3974,#3975,#3976));
#789=EDGE_LOOP('',(#3977,#3978,#3979,#3980));
#790=EDGE_LOOP('',(#3981,#3982,#3983,#3984));
#791=EDGE_LOOP('',(#3985,#3986,#3987,#3988));
#792=EDGE_LOOP('',(#3989,#3990,#3991,#3992));
#793=EDGE_LOOP('',(#3993,#3994,#3995,#3996));
#794=EDGE_LOOP('',(#3997,#3998,#3999,#4000));
#795=EDGE_LOOP('',(#4001,#4002,#4003,#4004));
#796=EDGE_LOOP('',(#4005,#4006,#4007,#4008));
#797=EDGE_LOOP('',(#4009,#4010,#4011,#4012));
#798=EDGE_LOOP('',(#4013,#4014,#4015,#4016));
#799=EDGE_LOOP('',(#4017,#4018,#4019,#4020,#4021,#4022,#4023,#4024));
#800=EDGE_LOOP('',(#4025,#4026,#4027,#4028,#4029,#4030,#4031,#4032));
#801=EDGE_LOOP('',(#4033,#4034,#4035,#4036));
#802=EDGE_LOOP('',(#4037,#4038,#4039,#4040));
#803=EDGE_LOOP('',(#4041,#4042,#4043,#4044));
#804=EDGE_LOOP('',(#4045,#4046,#4047,#4048));
#805=EDGE_LOOP('',(#4049,#4050,#4051,#4052));
#806=EDGE_LOOP('',(#4053,#4054,#4055,#4056));
#807=EDGE_LOOP('',(#4057,#4058,#4059,#4060));
#808=EDGE_LOOP('',(#4061,#4062,#4063,#4064));
#809=EDGE_LOOP('',(#4065,#4066,#4067,#4068));
#810=EDGE_LOOP('',(#4069,#4070,#4071,#4072));
#811=EDGE_LOOP('',(#4073,#4074,#4075,#4076));
#812=EDGE_LOOP('',(#4077,#4078,#4079,#4080));
#813=EDGE_LOOP('',(#4081,#4082,#4083,#4084));
#814=EDGE_LOOP('',(#4085,#4086,#4087,#4088));
#815=EDGE_LOOP('',(#4089,#4090,#4091,#4092));
#816=EDGE_LOOP('',(#4093,#4094,#4095,#4096));
#817=EDGE_LOOP('',(#4097,#4098,#4099,#4100,#4101,#4102,#4103,#4104));
#818=EDGE_LOOP('',(#4105));
#819=EDGE_LOOP('',(#4106));
#820=EDGE_LOOP('',(#4107,#4108,#4109,#4110));
#821=EDGE_LOOP('',(#4111));
#822=EDGE_LOOP('',(#4112));
#823=EDGE_LOOP('',(#4113,#4114,#4115,#4116,#4117,#4118,#4119,#4120));
#824=EDGE_LOOP('',(#4121));
#825=EDGE_LOOP('',(#4122));
#826=EDGE_LOOP('',(#4123,#4124,#4125,#4126));
#827=EDGE_LOOP('',(#4127));
#828=EDGE_LOOP('',(#4128));
#829=EDGE_LOOP('',(#4129,#4130,#4131,#4132));
#830=EDGE_LOOP('',(#4133,#4134,#4135,#4136));
#831=EDGE_LOOP('',(#4137,#4138,#4139,#4140,#4141,#4142,#4143,#4144,#4145,
#4146,#4147,#4148,#4149,#4150));
#832=EDGE_LOOP('',(#4151,#4152,#4153,#4154,#4155,#4156,#4157,#4158));
#833=EDGE_LOOP('',(#4159,#4160,#4161,#4162));
#834=EDGE_LOOP('',(#4163,#4164,#4165,#4166));
#835=EDGE_LOOP('',(#4167,#4168,#4169,#4170,#4171));
#836=EDGE_LOOP('',(#4172,#4173,#4174,#4175,#4176,#4177));
#837=EDGE_LOOP('',(#4178,#4179,#4180,#4181));
#838=EDGE_LOOP('',(#4182,#4183,#4184,#4185));
#839=EDGE_LOOP('',(#4186,#4187,#4188,#4189,#4190));
#840=EDGE_LOOP('',(#4191,#4192,#4193,#4194));
#841=EDGE_LOOP('',(#4195,#4196,#4197,#4198,#4199,#4200,#4201,#4202));
#842=EDGE_LOOP('',(#4203));
#843=EDGE_LOOP('',(#4204,#4205,#4206,#4207));
#844=EDGE_LOOP('',(#4208,#4209,#4210,#4211));
#845=EDGE_LOOP('',(#4212,#4213,#4214,#4215));
#846=EDGE_LOOP('',(#4216,#4217,#4218,#4219));
#847=EDGE_LOOP('',(#4220,#4221,#4222,#4223));
#848=EDGE_LOOP('',(#4224,#4225,#4226,#4227));
#849=EDGE_LOOP('',(#4228,#4229,#4230,#4231));
#850=EDGE_LOOP('',(#4232,#4233,#4234,#4235));
#851=EDGE_LOOP('',(#4236,#4237,#4238,#4239));
#852=EDGE_LOOP('',(#4240,#4241,#4242,#4243));
#853=EDGE_LOOP('',(#4244,#4245,#4246,#4247));
#854=EDGE_LOOP('',(#4248,#4249,#4250,#4251));
#855=EDGE_LOOP('',(#4252,#4253,#4254,#4255));
#856=EDGE_LOOP('',(#4256,#4257,#4258,#4259));
#857=EDGE_LOOP('',(#4260,#4261,#4262,#4263));
#858=EDGE_LOOP('',(#4264,#4265,#4266,#4267));
#859=EDGE_LOOP('',(#4268,#4269,#4270,#4271,#4272,#4273,#4274,#4275));
#860=EDGE_LOOP('',(#4276,#4277,#4278,#4279,#4280,#4281,#4282,#4283));
#861=EDGE_LOOP('',(#4284,#4285,#4286,#4287));
#862=EDGE_LOOP('',(#4288,#4289,#4290,#4291));
#863=EDGE_LOOP('',(#4292,#4293,#4294,#4295));
#864=EDGE_LOOP('',(#4296,#4297,#4298,#4299));
#865=EDGE_LOOP('',(#4300,#4301,#4302,#4303));
#866=EDGE_LOOP('',(#4304,#4305,#4306,#4307));
#867=EDGE_LOOP('',(#4308,#4309,#4310,#4311));
#868=EDGE_LOOP('',(#4312,#4313,#4314,#4315,#4316,#4317,#4318,#4319,#4320,
#4321));
#869=EDGE_LOOP('',(#4322));
#870=EDGE_LOOP('',(#4323,#4324,#4325,#4326));
#871=EDGE_LOOP('',(#4327,#4328,#4329,#4330));
#872=EDGE_LOOP('',(#4331,#4332,#4333,#4334));
#873=EDGE_LOOP('',(#4335,#4336,#4337,#4338,#4339,#4340,#4341,#4342,#4343,
#4344));
#874=EDGE_LOOP('',(#4345,#4346,#4347,#4348));
#875=EDGE_LOOP('',(#4349,#4350,#4351,#4352));
#876=EDGE_LOOP('',(#4353,#4354,#4355,#4356,#4357,#4358));
#877=EDGE_LOOP('',(#4359,#4360,#4361,#4362,#4363,#4364,#4365));
#878=EDGE_LOOP('',(#4366,#4367,#4368,#4369));
#879=EDGE_LOOP('',(#4370,#4371,#4372,#4373));
#880=EDGE_LOOP('',(#4374,#4375,#4376));
#881=EDGE_LOOP('',(#4377,#4378,#4379,#4380,#4381,#4382,#4383,#4384));
#882=EDGE_LOOP('',(#4385,#4386,#4387,#4388,#4389,#4390,#4391,#4392));
#883=EDGE_LOOP('',(#4393,#4394,#4395,#4396,#4397,#4398,#4399,#4400,#4401,
#4402,#4403,#4404));
#884=EDGE_LOOP('',(#4405,#4406,#4407,#4408,#4409,#4410,#4411,#4412,#4413,
#4414,#4415,#4416,#4417,#4418,#4419,#4420,#4421,#4422,#4423,#4424));
#885=EDGE_LOOP('',(#4425,#4426,#4427,#4428,#4429,#4430,#4431,#4432));
#886=EDGE_LOOP('',(#4433,#4434,#4435,#4436,#4437,#4438));
#887=EDGE_LOOP('',(#4439,#4440,#4441,#4442,#4443,#4444,#4445));
#888=EDGE_LOOP('',(#4446,#4447,#4448,#4449));
#889=EDGE_LOOP('',(#4450,#4451,#4452,#4453));
#890=EDGE_LOOP('',(#4454,#4455,#4456,#4457));
#891=EDGE_LOOP('',(#4458,#4459,#4460,#4461));
#892=EDGE_LOOP('',(#4462,#4463,#4464,#4465));
#893=EDGE_LOOP('',(#4466,#4467,#4468,#4469));
#894=EDGE_LOOP('',(#4470,#4471,#4472,#4473));
#895=EDGE_LOOP('',(#4474,#4475,#4476));
#896=EDGE_LOOP('',(#4477,#4478,#4479,#4480,#4481,#4482,#4483,#4484));
#897=EDGE_LOOP('',(#4485,#4486,#4487,#4488,#4489,#4490,#4491,#4492));
#898=EDGE_LOOP('',(#4493,#4494,#4495));
#899=EDGE_LOOP('',(#4496,#4497,#4498));
#900=EDGE_LOOP('',(#4499,#4500,#4501,#4502));
#901=EDGE_LOOP('',(#4503,#4504,#4505,#4506,#4507,#4508,#4509,#4510));
#902=EDGE_LOOP('',(#4511,#4512,#4513,#4514,#4515,#4516,#4517,#4518));
#903=EDGE_LOOP('',(#4519,#4520,#4521,#4522,#4523,#4524,#4525,#4526));
#904=EDGE_LOOP('',(#4527,#4528,#4529,#4530,#4531,#4532,#4533,#4534));
#905=EDGE_LOOP('',(#4535,#4536,#4537,#4538));
#906=EDGE_LOOP('',(#4539,#4540,#4541,#4542));
#907=EDGE_LOOP('',(#4543,#4544,#4545,#4546,#4547,#4548,#4549,#4550));
#908=EDGE_LOOP('',(#4551,#4552,#4553,#4554));
#909=EDGE_LOOP('',(#4555,#4556,#4557,#4558));
#910=EDGE_LOOP('',(#4559,#4560,#4561,#4562,#4563,#4564,#4565,#4566));
#911=EDGE_LOOP('',(#4567,#4568,#4569));
#912=EDGE_LOOP('',(#4570,#4571,#4572));
#913=EDGE_LOOP('',(#4573,#4574,#4575,#4576));
#914=EDGE_LOOP('',(#4577,#4578,#4579,#4580,#4581,#4582,#4583,#4584,#4585,
#4586,#4587,#4588));
#915=EDGE_LOOP('',(#4589,#4590,#4591,#4592,#4593,#4594,#4595,#4596));
#916=EDGE_LOOP('',(#4597,#4598,#4599,#4600));
#917=EDGE_LOOP('',(#4601,#4602,#4603,#4604));
#918=EDGE_LOOP('',(#4605,#4606,#4607,#4608));
#919=EDGE_LOOP('',(#4609,#4610,#4611,#4612));
#920=EDGE_LOOP('',(#4613,#4614,#4615,#4616));
#921=EDGE_LOOP('',(#4617,#4618,#4619,#4620));
#922=EDGE_LOOP('',(#4621,#4622,#4623,#4624));
#923=EDGE_LOOP('',(#4625,#4626,#4627,#4628));
#924=EDGE_LOOP('',(#4629,#4630,#4631,#4632,#4633,#4634,#4635,#4636));
#925=EDGE_LOOP('',(#4637,#4638,#4639,#4640));
#926=EDGE_LOOP('',(#4641,#4642,#4643,#4644));
#927=EDGE_LOOP('',(#4645,#4646,#4647,#4648));
#928=EDGE_LOOP('',(#4649,#4650,#4651,#4652));
#929=EDGE_LOOP('',(#4653,#4654,#4655,#4656));
#930=EDGE_LOOP('',(#4657,#4658,#4659,#4660));
#931=EDGE_LOOP('',(#4661,#4662,#4663,#4664));
#932=EDGE_LOOP('',(#4665,#4666,#4667,#4668));
#933=EDGE_LOOP('',(#4669,#4670,#4671,#4672,#4673,#4674,#4675,#4676));
#934=EDGE_LOOP('',(#4677,#4678,#4679,#4680));
#935=EDGE_LOOP('',(#4681,#4682,#4683,#4684));
#936=EDGE_LOOP('',(#4685,#4686,#4687));
#937=EDGE_LOOP('',(#4688,#4689,#4690,#4691));
#938=EDGE_LOOP('',(#4692,#4693,#4694,#4695));
#939=EDGE_LOOP('',(#4696,#4697,#4698,#4699));
#940=EDGE_LOOP('',(#4700,#4701,#4702,#4703));
#941=EDGE_LOOP('',(#4704,#4705,#4706,#4707));
#942=EDGE_LOOP('',(#4708,#4709,#4710));
#943=EDGE_LOOP('',(#4711,#4712,#4713));
#944=EDGE_LOOP('',(#4714,#4715,#4716));
#945=EDGE_LOOP('',(#4717,#4718,#4719,#4720));
#946=EDGE_LOOP('',(#4721,#4722,#4723,#4724));
#947=EDGE_LOOP('',(#4725,#4726,#4727,#4728));
#948=EDGE_LOOP('',(#4729,#4730,#4731,#4732));
#949=EDGE_LOOP('',(#4733,#4734,#4735,#4736));
#950=EDGE_LOOP('',(#4737,#4738,#4739,#4740));
#951=EDGE_LOOP('',(#4741,#4742,#4743,#4744));
#952=EDGE_LOOP('',(#4745,#4746,#4747));
#953=EDGE_LOOP('',(#4748,#4749,#4750));
#954=EDGE_LOOP('',(#4751,#4752,#4753));
#955=EDGE_LOOP('',(#4754,#4755,#4756));
#956=EDGE_LOOP('',(#4757,#4758,#4759,#4760));
#957=EDGE_LOOP('',(#4761,#4762,#4763,#4764));
#958=EDGE_LOOP('',(#4765,#4766,#4767,#4768));
#959=EDGE_LOOP('',(#4769,#4770,#4771,#4772));
#960=EDGE_LOOP('',(#4773,#4774,#4775));
#961=EDGE_LOOP('',(#4776,#4777,#4778));
#962=EDGE_LOOP('',(#4779,#4780,#4781,#4782));
#963=EDGE_LOOP('',(#4783,#4784,#4785,#4786));
#964=EDGE_LOOP('',(#4787,#4788,#4789,#4790));
#965=EDGE_LOOP('',(#4791,#4792,#4793,#4794));
#966=EDGE_LOOP('',(#4795,#4796,#4797,#4798));
#967=EDGE_LOOP('',(#4799,#4800,#4801));
#968=EDGE_LOOP('',(#4802,#4803,#4804));
#969=EDGE_LOOP('',(#4805,#4806,#4807,#4808));
#970=EDGE_LOOP('',(#4809,#4810,#4811,#4812));
#971=EDGE_LOOP('',(#4813,#4814,#4815,#4816));
#972=EDGE_LOOP('',(#4817,#4818,#4819,#4820));
#973=EDGE_LOOP('',(#4821,#4822,#4823,#4824));
#974=EDGE_LOOP('',(#4825,#4826,#4827));
#975=EDGE_LOOP('',(#4828,#4829,#4830));
#976=EDGE_LOOP('',(#4831,#4832,#4833));
#977=EDGE_LOOP('',(#4834,#4835,#4836));
#978=EDGE_LOOP('',(#4837,#4838,#4839,#4840));
#979=EDGE_LOOP('',(#4841,#4842,#4843,#4844));
#980=EDGE_LOOP('',(#4845,#4846,#4847,#4848));
#981=EDGE_LOOP('',(#4849,#4850,#4851,#4852));
#982=EDGE_LOOP('',(#4853,#4854,#4855,#4856));
#983=EDGE_LOOP('',(#4857,#4858,#4859,#4860));
#984=EDGE_LOOP('',(#4861,#4862,#4863,#4864));
#985=EDGE_LOOP('',(#4865,#4866,#4867));
#986=EDGE_LOOP('',(#4868,#4869,#4870));
#987=EDGE_LOOP('',(#4871,#4872,#4873,#4874));
#988=EDGE_LOOP('',(#4875,#4876,#4877,#4878));
#989=EDGE_LOOP('',(#4879,#4880,#4881,#4882));
#990=EDGE_LOOP('',(#4883,#4884,#4885,#4886));
#991=EDGE_LOOP('',(#4887,#4888,#4889,#4890));
#992=EDGE_LOOP('',(#4891,#4892,#4893,#4894));
#993=EDGE_LOOP('',(#4895,#4896,#4897,#4898));
#994=EDGE_LOOP('',(#4899,#4900,#4901,#4902));
#995=EDGE_LOOP('',(#4903,#4904,#4905));
#996=EDGE_LOOP('',(#4906,#4907,#4908));
#997=EDGE_LOOP('',(#4909,#4910,#4911));
#998=EDGE_LOOP('',(#4912,#4913,#4914));
#999=EDGE_LOOP('',(#4915,#4916,#4917,#4918));
#1000=EDGE_LOOP('',(#4919,#4920,#4921,#4922));
#1001=EDGE_LOOP('',(#4923,#4924,#4925,#4926));
#1002=EDGE_LOOP('',(#4927,#4928,#4929,#4930));
#1003=EDGE_LOOP('',(#4931,#4932,#4933,#4934));
#1004=EDGE_LOOP('',(#4935,#4936,#4937,#4938));
#1005=EDGE_LOOP('',(#4939,#4940,#4941,#4942));
#1006=EDGE_LOOP('',(#4943,#4944,#4945,#4946));
#1007=EDGE_LOOP('',(#4947,#4948,#4949));
#1008=EDGE_LOOP('',(#4950,#4951,#4952));
#1009=EDGE_LOOP('',(#4953,#4954,#4955));
#1010=EDGE_LOOP('',(#4956,#4957,#4958));
#1011=EDGE_LOOP('',(#4959,#4960,#4961,#4962));
#1012=EDGE_LOOP('',(#4963,#4964,#4965,#4966));
#1013=EDGE_LOOP('',(#4967,#4968,#4969,#4970));
#1014=EDGE_LOOP('',(#4971,#4972,#4973,#4974));
#1015=EDGE_LOOP('',(#4975,#4976,#4977,#4978));
#1016=EDGE_LOOP('',(#4979,#4980,#4981,#4982));
#1017=EDGE_LOOP('',(#4983,#4984,#4985,#4986));
#1018=EDGE_LOOP('',(#4987,#4988,#4989));
#1019=EDGE_LOOP('',(#4990,#4991,#4992,#4993));
#1020=EDGE_LOOP('',(#4994,#4995,#4996,#4997));
#1021=EDGE_LOOP('',(#4998,#4999,#5000));
#1022=EDGE_LOOP('',(#5001,#5002,#5003,#5004));
#1023=EDGE_LOOP('',(#5005,#5006,#5007,#5008));
#1024=EDGE_LOOP('',(#5009,#5010,#5011,#5012));
#1025=EDGE_LOOP('',(#5013,#5014,#5015,#5016));
#1026=EDGE_LOOP('',(#5017,#5018,#5019));
#1027=EDGE_LOOP('',(#5020,#5021,#5022));
#1028=EDGE_LOOP('',(#5023,#5024,#5025,#5026));
#1029=EDGE_LOOP('',(#5027,#5028,#5029,#5030));
#1030=EDGE_LOOP('',(#5031,#5032,#5033,#5034));
#1031=EDGE_LOOP('',(#5035,#5036,#5037,#5038));
#1032=EDGE_LOOP('',(#5039,#5040,#5041,#5042));
#1033=EDGE_LOOP('',(#5043,#5044,#5045,#5046));
#1034=EDGE_LOOP('',(#5047,#5048,#5049,#5050));
#1035=EDGE_LOOP('',(#5051,#5052,#5053,#5054,#5055));
#1036=EDGE_LOOP('',(#5056,#5057,#5058,#5059,#5060));
#1037=EDGE_LOOP('',(#5061,#5062,#5063,#5064));
#1038=EDGE_LOOP('',(#5065,#5066,#5067,#5068));
#1039=EDGE_LOOP('',(#5069,#5070,#5071,#5072));
#1040=EDGE_LOOP('',(#5073,#5074,#5075,#5076));
#1041=EDGE_LOOP('',(#5077,#5078,#5079,#5080));
#1042=EDGE_LOOP('',(#5081,#5082,#5083,#5084));
#1043=EDGE_LOOP('',(#5085,#5086,#5087,#5088));
#1044=EDGE_LOOP('',(#5089,#5090,#5091,#5092));
#1045=EDGE_LOOP('',(#5093,#5094,#5095,#5096));
#1046=EDGE_LOOP('',(#5097,#5098,#5099,#5100));
#1047=EDGE_LOOP('',(#5101,#5102,#5103,#5104));
#1048=EDGE_LOOP('',(#5105,#5106,#5107,#5108));
#1049=EDGE_LOOP('',(#5109,#5110,#5111,#5112));
#1050=EDGE_LOOP('',(#5113,#5114,#5115,#5116));
#1051=EDGE_LOOP('',(#5117,#5118,#5119,#5120));
#1052=EDGE_LOOP('',(#5121,#5122,#5123,#5124));
#1053=EDGE_LOOP('',(#5125,#5126,#5127,#5128));
#1054=EDGE_LOOP('',(#5129,#5130,#5131,#5132));
#1055=EDGE_LOOP('',(#5133,#5134,#5135,#5136));
#1056=EDGE_LOOP('',(#5137,#5138,#5139,#5140));
#1057=EDGE_LOOP('',(#5141,#5142,#5143,#5144,#5145,#5146));
#1058=EDGE_LOOP('',(#5147,#5148,#5149,#5150,#5151,#5152,#5153,#5154));
#1059=EDGE_LOOP('',(#5155,#5156,#5157,#5158,#5159,#5160,#5161,#5162));
#1060=EDGE_LOOP('',(#5163,#5164,#5165,#5166));
#1061=EDGE_LOOP('',(#5167,#5168,#5169,#5170));
#1062=EDGE_LOOP('',(#5171,#5172,#5173,#5174));
#1063=EDGE_LOOP('',(#5175,#5176,#5177,#5178));
#1064=EDGE_LOOP('',(#5179,#5180,#5181,#5182));
#1065=EDGE_LOOP('',(#5183,#5184,#5185,#5186,#5187,#5188,#5189,#5190));
#1066=EDGE_LOOP('',(#5191,#5192,#5193,#5194));
#1067=EDGE_LOOP('',(#5195,#5196,#5197,#5198));
#1068=EDGE_LOOP('',(#5199,#5200,#5201,#5202));
#1069=EDGE_LOOP('',(#5203,#5204,#5205,#5206));
#1070=EDGE_LOOP('',(#5207,#5208,#5209,#5210));
#1071=EDGE_LOOP('',(#5211,#5212,#5213,#5214));
#1072=EDGE_LOOP('',(#5215,#5216,#5217,#5218));
#1073=EDGE_LOOP('',(#5219,#5220,#5221,#5222));
#1074=EDGE_LOOP('',(#5223,#5224,#5225,#5226));
#1075=EDGE_LOOP('',(#5227,#5228,#5229,#5230));
#1076=EDGE_LOOP('',(#5231,#5232,#5233));
#1077=EDGE_LOOP('',(#5234,#5235,#5236));
#1078=EDGE_LOOP('',(#5237,#5238,#5239,#5240));
#1079=EDGE_LOOP('',(#5241,#5242,#5243,#5244));
#1080=EDGE_LOOP('',(#5245,#5246,#5247));
#1081=EDGE_LOOP('',(#5248,#5249,#5250));
#1082=EDGE_LOOP('',(#5251,#5252,#5253,#5254));
#1083=EDGE_LOOP('',(#5255,#5256,#5257,#5258));
#1084=EDGE_LOOP('',(#5259,#5260,#5261,#5262));
#1085=EDGE_LOOP('',(#5263,#5264,#5265,#5266));
#1086=EDGE_LOOP('',(#5267,#5268,#5269,#5270));
#1087=EDGE_LOOP('',(#5271,#5272,#5273,#5274,#5275,#5276,#5277,#5278));
#1088=EDGE_LOOP('',(#5279,#5280,#5281,#5282,#5283,#5284,#5285,#5286));
#1089=EDGE_LOOP('',(#5287,#5288,#5289,#5290,#5291,#5292));
#1090=EDGE_LOOP('',(#5293,#5294,#5295,#5296,#5297,#5298,#5299,#5300));
#1091=EDGE_LOOP('',(#5301,#5302,#5303,#5304));
#1092=EDGE_LOOP('',(#5305,#5306,#5307,#5308));
#1093=EDGE_LOOP('',(#5309,#5310,#5311,#5312));
#1094=EDGE_LOOP('',(#5313,#5314,#5315,#5316,#5317,#5318));
#1095=EDGE_LOOP('',(#5319,#5320,#5321,#5322));
#1096=EDGE_LOOP('',(#5323,#5324,#5325,#5326,#5327,#5328));
#1097=EDGE_LOOP('',(#5329,#5330,#5331,#5332));
#1098=EDGE_LOOP('',(#5333,#5334,#5335,#5336));
#1099=EDGE_LOOP('',(#5337,#5338,#5339,#5340));
#1100=EDGE_LOOP('',(#5341,#5342,#5343,#5344));
#1101=EDGE_LOOP('',(#5345,#5346,#5347,#5348,#5349,#5350));
#1102=EDGE_LOOP('',(#5351,#5352));
#1103=EDGE_LOOP('',(#5353,#5354));
#1104=EDGE_LOOP('',(#5355,#5356,#5357,#5358,#5359,#5360));
#1105=EDGE_LOOP('',(#5361,#5362));
#1106=EDGE_LOOP('',(#5363,#5364,#5365,#5366,#5367,#5368));
#1107=EDGE_LOOP('',(#5369,#5370,#5371,#5372,#5373,#5374));
#1108=EDGE_LOOP('',(#5375,#5376));
#1109=EDGE_LOOP('',(#5377));
#1110=EDGE_LOOP('',(#5378));
#1111=EDGE_LOOP('',(#5379));
#1112=EDGE_LOOP('',(#5380,#5381,#5382,#5383,#5384,#5385,#5386,#5387,#5388,
#5389,#5390,#5391,#5392,#5393,#5394,#5395,#5396,#5397,#5398,#5399,#5400,
#5401));
#1113=EDGE_LOOP('',(#5402,#5403,#5404,#5405));
#1114=EDGE_LOOP('',(#5406,#5407,#5408,#5409));
#1115=EDGE_LOOP('',(#5410,#5411,#5412,#5413,#5414,#5415));
#1116=EDGE_LOOP('',(#5416,#5417));
#1117=EDGE_LOOP('',(#5418,#5419));
#1118=EDGE_LOOP('',(#5420,#5421,#5422,#5423,#5424,#5425));
#1119=EDGE_LOOP('',(#5426,#5427,#5428,#5429));
#1120=EDGE_LOOP('',(#5430,#5431,#5432,#5433));
#1121=EDGE_LOOP('',(#5434,#5435,#5436,#5437,#5438,#5439,#5440,#5441));
#1122=EDGE_LOOP('',(#5442,#5443,#5444,#5445));
#1123=EDGE_LOOP('',(#5446,#5447,#5448,#5449));
#1124=EDGE_LOOP('',(#5450,#5451,#5452,#5453));
#1125=EDGE_LOOP('',(#5454));
#1126=EDGE_LOOP('',(#5455));
#1127=EDGE_LOOP('',(#5456));
#1128=EDGE_LOOP('',(#5457));
#1129=EDGE_LOOP('',(#5458));
#1130=EDGE_LOOP('',(#5459,#5460,#5461,#5462));
#1131=EDGE_LOOP('',(#5463,#5464,#5465,#5466));
#1132=EDGE_LOOP('',(#5467,#5468,#5469,#5470));
#1133=EDGE_LOOP('',(#5471,#5472,#5473,#5474));
#1134=EDGE_LOOP('',(#5475,#5476,#5477,#5478));
#1135=EDGE_LOOP('',(#5479,#5480,#5481,#5482));
#1136=EDGE_LOOP('',(#5483));
#1137=EDGE_LOOP('',(#5484));
#1138=EDGE_LOOP('',(#5485));
#1139=EDGE_LOOP('',(#5486));
#1140=EDGE_LOOP('',(#5487));
#1141=EDGE_LOOP('',(#5488));
#1142=EDGE_LOOP('',(#5489));
#1143=EDGE_LOOP('',(#5490));
#1144=EDGE_LOOP('',(#5491));
#1145=EDGE_LOOP('',(#5492));
#1146=EDGE_LOOP('',(#5493));
#1147=EDGE_LOOP('',(#5494));
#1148=EDGE_LOOP('',(#5495,#5496,#5497,#5498));
#1149=EDGE_LOOP('',(#5499,#5500,#5501,#5502,#5503,#5504));
#1150=EDGE_LOOP('',(#5505,#5506,#5507,#5508,#5509,#5510,#5511,#5512));
#1151=EDGE_LOOP('',(#5513,#5514,#5515,#5516));
#1152=EDGE_LOOP('',(#5517,#5518,#5519,#5520,#5521));
#1153=EDGE_LOOP('',(#5522,#5523,#5524,#5525));
#1154=EDGE_LOOP('',(#5526,#5527,#5528,#5529));
#1155=EDGE_LOOP('',(#5530,#5531,#5532,#5533));
#1156=EDGE_LOOP('',(#5534,#5535,#5536,#5537));
#1157=EDGE_LOOP('',(#5538,#5539,#5540,#5541,#5542,#5543));
#1158=EDGE_LOOP('',(#5544,#5545,#5546,#5547,#5548,#5549,#5550,#5551));
#1159=EDGE_LOOP('',(#5552,#5553,#5554,#5555));
#1160=EDGE_LOOP('',(#5556));
#1161=EDGE_LOOP('',(#5557,#5558,#5559,#5560));
#1162=EDGE_LOOP('',(#5561));
#1163=EDGE_LOOP('',(#5562,#5563,#5564,#5565));
#1164=EDGE_LOOP('',(#5566));
#1165=EDGE_LOOP('',(#5567,#5568,#5569,#5570));
#1166=EDGE_LOOP('',(#5571));
#1167=EDGE_LOOP('',(#5572,#5573,#5574,#5575));
#1168=EDGE_LOOP('',(#5576));
#1169=EDGE_LOOP('',(#5577));
#1170=EDGE_LOOP('',(#5578,#5579,#5580,#5581));
#1171=EDGE_LOOP('',(#5582,#5583,#5584,#5585));
#1172=EDGE_LOOP('',(#5586,#5587,#5588,#5589));
#1173=EDGE_LOOP('',(#5590,#5591,#5592,#5593));
#1174=EDGE_LOOP('',(#5594,#5595,#5596,#5597));
#1175=EDGE_LOOP('',(#5598,#5599,#5600,#5601));
#1176=EDGE_LOOP('',(#5602,#5603,#5604,#5605));
#1177=EDGE_LOOP('',(#5606,#5607,#5608,#5609));
#1178=EDGE_LOOP('',(#5610,#5611,#5612,#5613));
#1179=EDGE_LOOP('',(#5614,#5615,#5616,#5617));
#1180=EDGE_LOOP('',(#5618,#5619,#5620,#5621));
#1181=EDGE_LOOP('',(#5622,#5623,#5624,#5625));
#1182=EDGE_LOOP('',(#5626,#5627,#5628,#5629,#5630,#5631,#5632,#5633));
#1183=EDGE_LOOP('',(#5634,#5635,#5636,#5637));
#1184=EDGE_LOOP('',(#5638,#5639,#5640,#5641));
#1185=EDGE_LOOP('',(#5642,#5643,#5644,#5645,#5646,#5647,#5648,#5649));
#1186=EDGE_LOOP('',(#5650));
#1187=EDGE_LOOP('',(#5651,#5652,#5653,#5654));
#1188=EDGE_LOOP('',(#5655,#5656,#5657,#5658));
#1189=EDGE_LOOP('',(#5659,#5660,#5661,#5662));
#1190=EDGE_LOOP('',(#5663,#5664,#5665,#5666));
#1191=LINE('',#8759,#1682);
#1192=LINE('',#8762,#1683);
#1193=LINE('',#8767,#1684);
#1194=LINE('',#8774,#1685);
#1195=LINE('',#8778,#1686);
#1196=LINE('',#8782,#1687);
#1197=LINE('',#8785,#1688);
#1198=LINE('',#8787,#1689);
#1199=LINE('',#8791,#1690);
#1200=LINE('',#8795,#1691);
#1201=LINE('',#8799,#1692);
#1202=LINE('',#8803,#1693);
#1203=LINE('',#8808,#1694);
#1204=LINE('',#8811,#1695);
#1205=LINE('',#8814,#1696);
#1206=LINE('',#8818,#1697);
#1207=LINE('',#8820,#1698);
#1208=LINE('',#8821,#1699);
#1209=LINE('',#8825,#1700);
#1210=LINE('',#8827,#1701);
#1211=LINE('',#8828,#1702);
#1212=LINE('',#8831,#1703);
#1213=LINE('',#8833,#1704);
#1214=LINE('',#8834,#1705);
#1215=LINE('',#8837,#1706);
#1216=LINE('',#8841,#1707);
#1217=LINE('',#8842,#1708);
#1218=LINE('',#8845,#1709);
#1219=LINE('',#8849,#1710);
#1220=LINE('',#8850,#1711);
#1221=LINE('',#8857,#1712);
#1222=LINE('',#8859,#1713);
#1223=LINE('',#8860,#1714);
#1224=LINE('',#8864,#1715);
#1225=LINE('',#8867,#1716);
#1226=LINE('',#8868,#1717);
#1227=LINE('',#8872,#1718);
#1228=LINE('',#8875,#1719);
#1229=LINE('',#8876,#1720);
#1230=LINE('',#8880,#1721);
#1231=LINE('',#8883,#1722);
#1232=LINE('',#8884,#1723);
#1233=LINE('',#8892,#1724);
#1234=LINE('',#8898,#1725);
#1235=LINE('',#8903,#1726);
#1236=LINE('',#8905,#1727);
#1237=LINE('',#8907,#1728);
#1238=LINE('',#8908,#1729);
#1239=LINE('',#8911,#1730);
#1240=LINE('',#8913,#1731);
#1241=LINE('',#8914,#1732);
#1242=LINE('',#8917,#1733);
#1243=LINE('',#8919,#1734);
#1244=LINE('',#8920,#1735);
#1245=LINE('',#8922,#1736);
#1246=LINE('',#8923,#1737);
#1247=LINE('',#8928,#1738);
#1248=LINE('',#8934,#1739);
#1249=LINE('',#8939,#1740);
#1250=LINE('',#8941,#1741);
#1251=LINE('',#8943,#1742);
#1252=LINE('',#8944,#1743);
#1253=LINE('',#8950,#1744);
#1254=LINE('',#8953,#1745);
#1255=LINE('',#8955,#1746);
#1256=LINE('',#8956,#1747);
#1257=LINE('',#8962,#1748);
#1258=LINE('',#8965,#1749);
#1259=LINE('',#8967,#1750);
#1260=LINE('',#8968,#1751);
#1261=LINE('',#8974,#1752);
#1262=LINE('',#8977,#1753);
#1263=LINE('',#8979,#1754);
#1264=LINE('',#8980,#1755);
#1265=LINE('',#8990,#1756);
#1266=LINE('',#8997,#1757);
#1267=LINE('',#9000,#1758);
#1268=LINE('',#9003,#1759);
#1269=LINE('',#9007,#1760);
#1270=LINE('',#9011,#1761);
#1271=LINE('',#9015,#1762);
#1272=LINE('',#9019,#1763);
#1273=LINE('',#9025,#1764);
#1274=LINE('',#9029,#1765);
#1275=LINE('',#9033,#1766);
#1276=LINE('',#9037,#1767);
#1277=LINE('',#9041,#1768);
#1278=LINE('',#9045,#1769);
#1279=LINE('',#9046,#1770);
#1280=LINE('',#9051,#1771);
#1281=LINE('',#9052,#1772);
#1282=LINE('',#9055,#1773);
#1283=LINE('',#9068,#1774);
#1284=LINE('',#9077,#1775);
#1285=LINE('',#9080,#1776);
#1286=LINE('',#9083,#1777);
#1287=LINE('',#9087,#1778);
#1288=LINE('',#9088,#1779);
#1289=LINE('',#9094,#1780);
#1290=LINE('',#9098,#1781);
#1291=LINE('',#9102,#1782);
#1292=LINE('',#9105,#1783);
#1293=LINE('',#9108,#1784);
#1294=LINE('',#9110,#1785);
#1295=LINE('',#9111,#1786);
#1296=LINE('',#9114,#1787);
#1297=LINE('',#9118,#1788);
#1298=LINE('',#9119,#1789);
#1299=LINE('',#9122,#1790);
#1300=LINE('',#9126,#1791);
#1301=LINE('',#9127,#1792);
#1302=LINE('',#9130,#1793);
#1303=LINE('',#9134,#1794);
#1304=LINE('',#9135,#1795);
#1305=LINE('',#9140,#1796);
#1306=LINE('',#9142,#1797);
#1307=LINE('',#9143,#1798);
#1308=LINE('',#9147,#1799);
#1309=LINE('',#9150,#1800);
#1310=LINE('',#9151,#1801);
#1311=LINE('',#9155,#1802);
#1312=LINE('',#9158,#1803);
#1313=LINE('',#9159,#1804);
#1314=LINE('',#9163,#1805);
#1315=LINE('',#9166,#1806);
#1316=LINE('',#9167,#1807);
#1317=LINE('',#9174,#1808);
#1318=LINE('',#9177,#1809);
#1319=LINE('',#9178,#1810);
#1320=LINE('',#9182,#1811);
#1321=LINE('',#9185,#1812);
#1322=LINE('',#9186,#1813);
#1323=LINE('',#9190,#1814);
#1324=LINE('',#9193,#1815);
#1325=LINE('',#9194,#1816);
#1326=LINE('',#9204,#1817);
#1327=LINE('',#9207,#1818);
#1328=LINE('',#9213,#1819);
#1329=LINE('',#9216,#1820);
#1330=LINE('',#9220,#1821);
#1331=LINE('',#9222,#1822);
#1332=LINE('',#9224,#1823);
#1333=LINE('',#9225,#1824);
#1334=LINE('',#9228,#1825);
#1335=LINE('',#9311,#1826);
#1336=LINE('',#9344,#1827);
#1337=LINE('',#9378,#1828);
#1338=LINE('',#9380,#1829);
#1339=LINE('',#9382,#1830);
#1340=LINE('',#9383,#1831);
#1341=LINE('',#9387,#1832);
#1342=LINE('',#9389,#1833);
#1343=LINE('',#9391,#1834);
#1344=LINE('',#9392,#1835);
#1345=LINE('',#9396,#1836);
#1346=LINE('',#9398,#1837);
#1347=LINE('',#9400,#1838);
#1348=LINE('',#9402,#1839);
#1349=LINE('',#9404,#1840);
#1350=LINE('',#9405,#1841);
#1351=LINE('',#9409,#1842);
#1352=LINE('',#9411,#1843);
#1353=LINE('',#9413,#1844);
#1354=LINE('',#9415,#1845);
#1355=LINE('',#9417,#1846);
#1356=LINE('',#9419,#1847);
#1357=LINE('',#9420,#1848);
#1358=LINE('',#9424,#1849);
#1359=LINE('',#9426,#1850);
#1360=LINE('',#9428,#1851);
#1361=LINE('',#9429,#1852);
#1362=LINE('',#9433,#1853);
#1363=LINE('',#9435,#1854);
#1364=LINE('',#9437,#1855);
#1365=LINE('',#9438,#1856);
#1366=LINE('',#9444,#1857);
#1367=LINE('',#9445,#1858);
#1368=LINE('',#9449,#1859);
#1369=LINE('',#9451,#1860);
#1370=LINE('',#9453,#1861);
#1371=LINE('',#9455,#1862);
#1372=LINE('',#9457,#1863);
#1373=LINE('',#9459,#1864);
#1374=LINE('',#9461,#1865);
#1375=LINE('',#9462,#1866);
#1376=LINE('',#9466,#1867);
#1377=LINE('',#9468,#1868);
#1378=LINE('',#9470,#1869);
#1379=LINE('',#9472,#1870);
#1380=LINE('',#9474,#1871);
#1381=LINE('',#9476,#1872);
#1382=LINE('',#9478,#1873);
#1383=LINE('',#9479,#1874);
#1384=LINE('',#9483,#1875);
#1385=LINE('',#9485,#1876);
#1386=LINE('',#9487,#1877);
#1387=LINE('',#9489,#1878);
#1388=LINE('',#9491,#1879);
#1389=LINE('',#9493,#1880);
#1390=LINE('',#9495,#1881);
#1391=LINE('',#9497,#1882);
#1392=LINE('',#9499,#1883);
#1393=LINE('',#9501,#1884);
#1394=LINE('',#9503,#1885);
#1395=LINE('',#9504,#1886);
#1396=LINE('',#9508,#1887);
#1397=LINE('',#9510,#1888);
#1398=LINE('',#9512,#1889);
#1399=LINE('',#9514,#1890);
#1400=LINE('',#9516,#1891);
#1401=LINE('',#9518,#1892);
#1402=LINE('',#9520,#1893);
#1403=LINE('',#9522,#1894);
#1404=LINE('',#9524,#1895);
#1405=LINE('',#9526,#1896);
#1406=LINE('',#9528,#1897);
#1407=LINE('',#9530,#1898);
#1408=LINE('',#9532,#1899);
#1409=LINE('',#9534,#1900);
#1410=LINE('',#9536,#1901);
#1411=LINE('',#9538,#1902);
#1412=LINE('',#9540,#1903);
#1413=LINE('',#9542,#1904);
#1414=LINE('',#9544,#1905);
#1415=LINE('',#9545,#1906);
#1416=LINE('',#9548,#1907);
#1417=LINE('',#9552,#1908);
#1418=LINE('',#9556,#1909);
#1419=LINE('',#9560,#1910);
#1420=LINE('',#9565,#1911);
#1421=LINE('',#9567,#1912);
#1422=LINE('',#9569,#1913);
#1423=LINE('',#9571,#1914);
#1424=LINE('',#9573,#1915);
#1425=LINE('',#9574,#1916);
#1426=LINE('',#9578,#1917);
#1427=LINE('',#9580,#1918);
#1428=LINE('',#9582,#1919);
#1429=LINE('',#9584,#1920);
#1430=LINE('',#9586,#1921);
#1431=LINE('',#9588,#1922);
#1432=LINE('',#9589,#1923);
#1433=LINE('',#9593,#1924);
#1434=LINE('',#9595,#1925);
#1435=LINE('',#9597,#1926);
#1436=LINE('',#9598,#1927);
#1437=LINE('',#9602,#1928);
#1438=LINE('',#9604,#1929);
#1439=LINE('',#9606,#1930);
#1440=LINE('',#9607,#1931);
#1441=LINE('',#9611,#1932);
#1442=LINE('',#9613,#1933);
#1443=LINE('',#9615,#1934);
#1444=LINE('',#9616,#1935);
#1445=LINE('',#9618,#1936);
#1446=LINE('',#9619,#1937);
#1447=LINE('',#9623,#1938);
#1448=LINE('',#9625,#1939);
#1449=LINE('',#9627,#1940);
#1450=LINE('',#9628,#1941);
#1451=LINE('',#9632,#1942);
#1452=LINE('',#9634,#1943);
#1453=LINE('',#9636,#1944);
#1454=LINE('',#9637,#1945);
#1455=LINE('',#9639,#1946);
#1456=LINE('',#9640,#1947);
#1457=LINE('',#9646,#1948);
#1458=LINE('',#9647,#1949);
#1459=LINE('',#9706,#1950);
#1460=LINE('',#9707,#1951);
#1461=LINE('',#9710,#1952);
#1462=LINE('',#9711,#1953);
#1463=LINE('',#9715,#1954);
#1464=LINE('',#9717,#1955);
#1465=LINE('',#9719,#1956);
#1466=LINE('',#9720,#1957);
#1467=LINE('',#9724,#1958);
#1468=LINE('',#9726,#1959);
#1469=LINE('',#9728,#1960);
#1470=LINE('',#9730,#1961);
#1471=LINE('',#9732,#1962);
#1472=LINE('',#9733,#1963);
#1473=LINE('',#9734,#1964);
#1474=LINE('',#9738,#1965);
#1475=LINE('',#9740,#1966);
#1476=LINE('',#9742,#1967);
#1477=LINE('',#9743,#1968);
#1478=LINE('',#9745,#1969);
#1479=LINE('',#9747,#1970);
#1480=LINE('',#9748,#1971);
#1481=LINE('',#9752,#1972);
#1482=LINE('',#9754,#1973);
#1483=LINE('',#9756,#1974);
#1484=LINE('',#9757,#1975);
#1485=LINE('',#9759,#1976);
#1486=LINE('',#9761,#1977);
#1487=LINE('',#9762,#1978);
#1488=LINE('',#9766,#1979);
#1489=LINE('',#9768,#1980);
#1490=LINE('',#9770,#1981);
#1491=LINE('',#9772,#1982);
#1492=LINE('',#9774,#1983);
#1493=LINE('',#9775,#1984);
#1494=LINE('',#9776,#1985);
#1495=LINE('',#9778,#1986);
#1496=LINE('',#9779,#1987);
#1497=LINE('',#9781,#1988);
#1498=LINE('',#9782,#1989);
#1499=LINE('',#9785,#1990);
#1500=LINE('',#9786,#1991);
#1501=LINE('',#9788,#1992);
#1502=LINE('',#9789,#1993);
#1503=LINE('',#9801,#1994);
#1504=LINE('',#9850,#1995);
#1505=LINE('',#9852,#1996);
#1506=LINE('',#9853,#1997);
#1507=LINE('',#9886,#1998);
#1508=LINE('',#9894,#1999);
#1509=LINE('',#9902,#2000);
#1510=LINE('',#9932,#2001);
#1511=LINE('',#9935,#2002);
#1512=LINE('',#9944,#2003);
#1513=LINE('',#9959,#2004);
#1514=LINE('',#9975,#2005);
#1515=LINE('',#9984,#2006);
#1516=LINE('',#9988,#2007);
#1517=LINE('',#9989,#2008);
#1518=LINE('',#10000,#2009);
#1519=LINE('',#10039,#2010);
#1520=LINE('',#10040,#2011);
#1521=LINE('',#10041,#2012);
#1522=LINE('',#10052,#2013);
#1523=LINE('',#10063,#2014);
#1524=LINE('',#10064,#2015);
#1525=LINE('',#10065,#2016);
#1526=LINE('',#10076,#2017);
#1527=LINE('',#10110,#2018);
#1528=LINE('',#10111,#2019);
#1529=LINE('',#10115,#2020);
#1530=LINE('',#10118,#2021);
#1531=LINE('',#10121,#2022);
#1532=LINE('',#10122,#2023);
#1533=LINE('',#10126,#2024);
#1534=LINE('',#10129,#2025);
#1535=LINE('',#10130,#2026);
#1536=LINE('',#10134,#2027);
#1537=LINE('',#10137,#2028);
#1538=LINE('',#10138,#2029);
#1539=LINE('',#10142,#2030);
#1540=LINE('',#10144,#2031);
#1541=LINE('',#10523,#2032);
#1542=LINE('',#10528,#2033);
#1543=LINE('',#10862,#2034);
#1544=LINE('',#10864,#2035);
#1545=LINE('',#10866,#2036);
#1546=LINE('',#10868,#2037);
#1547=LINE('',#10870,#2038);
#1548=LINE('',#10871,#2039);
#1549=LINE('',#10875,#2040);
#1550=LINE('',#10879,#2041);
#1551=LINE('',#10883,#2042);
#1552=LINE('',#10887,#2043);
#1553=LINE('',#10891,#2044);
#1554=LINE('',#10895,#2045);
#1555=LINE('',#10899,#2046);
#1556=LINE('',#10903,#2047);
#1557=LINE('',#10907,#2048);
#1558=LINE('',#10909,#2049);
#1559=LINE('',#10911,#2050);
#1560=LINE('',#10912,#2051);
#1561=LINE('',#10916,#2052);
#1562=LINE('',#10917,#2053);
#1563=LINE('',#10918,#2054);
#1564=LINE('',#10921,#2055);
#1565=LINE('',#10923,#2056);
#1566=LINE('',#10924,#2057);
#1567=LINE('',#10927,#2058);
#1568=LINE('',#10929,#2059);
#1569=LINE('',#10930,#2060);
#1570=LINE('',#10933,#2061);
#1571=LINE('',#10935,#2062);
#1572=LINE('',#10936,#2063);
#1573=LINE('',#10944,#2064);
#1574=LINE('',#10947,#2065);
#1575=LINE('',#10950,#2066);
#1576=LINE('',#10951,#2067);
#1577=LINE('',#10954,#2068);
#1578=LINE('',#10958,#2069);
#1579=LINE('',#10959,#2070);
#1580=LINE('',#10962,#2071);
#1581=LINE('',#10966,#2072);
#1582=LINE('',#10967,#2073);
#1583=LINE('',#10970,#2074);
#1584=LINE('',#10973,#2075);
#1585=LINE('',#10977,#2076);
#1586=LINE('',#10979,#2077);
#1587=LINE('',#10981,#2078);
#1588=LINE('',#10982,#2079);
#1589=LINE('',#11004,#2080);
#1590=LINE('',#11006,#2081);
#1591=LINE('',#11008,#2082);
#1592=LINE('',#11010,#2083);
#1593=LINE('',#11012,#2084);
#1594=LINE('',#11013,#2085);
#1595=LINE('',#11017,#2086);
#1596=LINE('',#11018,#2087);
#1597=LINE('',#11019,#2088);
#1598=LINE('',#11021,#2089);
#1599=LINE('',#11023,#2090);
#1600=LINE('',#11024,#2091);
#1601=LINE('',#11028,#2092);
#1602=LINE('',#11029,#2093);
#1603=LINE('',#11030,#2094);
#1604=LINE('',#11031,#2095);
#1605=LINE('',#11035,#2096);
#1606=LINE('',#11036,#2097);
#1607=LINE('',#11038,#2098);
#1608=LINE('',#11040,#2099);
#1609=LINE('',#11041,#2100);
#1610=LINE('',#11042,#2101);
#1611=LINE('',#11044,#2102);
#1612=LINE('',#11045,#2103);
#1613=LINE('',#11050,#2104);
#1614=LINE('',#11052,#2105);
#1615=LINE('',#11053,#2106);
#1616=LINE('',#11056,#2107);
#1617=LINE('',#11057,#2108);
#1618=LINE('',#11060,#2109);
#1619=LINE('',#11061,#2110);
#1620=LINE('',#11063,#2111);
#1621=LINE('',#11072,#2112);
#1622=LINE('',#11101,#2113);
#1623=LINE('',#11116,#2114);
#1624=LINE('',#11123,#2115);
#1625=LINE('',#11222,#2116);
#1626=LINE('',#11226,#2117);
#1627=LINE('',#11230,#2118);
#1628=LINE('',#11252,#2119);
#1629=LINE('',#11258,#2120);
#1630=LINE('',#11261,#2121);
#1631=LINE('',#11264,#2122);
#1632=LINE('',#11266,#2123);
#1633=LINE('',#11267,#2124);
#1634=LINE('',#11270,#2125);
#1635=LINE('',#11274,#2126);
#1636=LINE('',#11278,#2127);
#1637=LINE('',#11284,#2128);
#1638=LINE('',#11287,#2129);
#1639=LINE('',#11292,#2130);
#1640=LINE('',#11295,#2131);
#1641=LINE('',#11300,#2132);
#1642=LINE('',#11303,#2133);
#1643=LINE('',#11318,#2134);
#1644=LINE('',#11319,#2135);
#1645=LINE('',#11322,#2136);
#1646=LINE('',#11323,#2137);
#1647=LINE('',#11327,#2138);
#1648=LINE('',#11331,#2139);
#1649=LINE('',#11336,#2140);
#1650=LINE('',#11342,#2141);
#1651=LINE('',#11349,#2142);
#1652=LINE('',#11571,#2143);
#1653=LINE('',#11619,#2144);
#1654=LINE('',#11653,#2145);
#1655=LINE('',#11699,#2146);
#1656=LINE('',#11880,#2147);
#1657=LINE('',#11885,#2148);
#1658=LINE('',#11890,#2149);
#1659=LINE('',#11895,#2150);
#1660=LINE('',#11900,#2151);
#1661=LINE('',#11907,#2152);
#1662=LINE('',#11909,#2153);
#1663=LINE('',#11910,#2154);
#1664=LINE('',#11914,#2155);
#1665=LINE('',#11917,#2156);
#1666=LINE('',#11918,#2157);
#1667=LINE('',#11923,#2158);
#1668=LINE('',#11925,#2159);
#1669=LINE('',#11926,#2160);
#1670=LINE('',#11930,#2161);
#1671=LINE('',#11933,#2162);
#1672=LINE('',#11934,#2163);
#1673=LINE('',#11939,#2164);
#1674=LINE('',#11941,#2165);
#1675=LINE('',#11942,#2166);
#1676=LINE('',#11946,#2167);
#1677=LINE('',#11949,#2168);
#1678=LINE('',#11950,#2169);
#1679=LINE('',#11954,#2170);
#1680=LINE('',#11956,#2171);
#1681=LINE('',#11958,#2172);
#1682=VECTOR('',#6919,10.);
#1683=VECTOR('',#6922,10.);
#1684=VECTOR('',#6927,10.);
#1685=VECTOR('',#6934,10.);
#1686=VECTOR('',#6937,10.);
#1687=VECTOR('',#6940,10.);
#1688=VECTOR('',#6943,10.);
#1689=VECTOR('',#6944,10.);
#1690=VECTOR('',#6947,10.);
#1691=VECTOR('',#6950,10.);
#1692=VECTOR('',#6953,10.);
#1693=VECTOR('',#6956,10.);
#1694=VECTOR('',#6961,10.);
#1695=VECTOR('',#6964,10.);
#1696=VECTOR('',#6967,10.);
#1697=VECTOR('',#6972,10.);
#1698=VECTOR('',#6975,10.);
#1699=VECTOR('',#6976,10.);
#1700=VECTOR('',#6981,10.);
#1701=VECTOR('',#6982,10.);
#1702=VECTOR('',#6983,10.);
#1703=VECTOR('',#6986,10.);
#1704=VECTOR('',#6987,10.);
#1705=VECTOR('',#6988,10.);
#1706=VECTOR('',#6991,10.);
#1707=VECTOR('',#6996,10.);
#1708=VECTOR('',#6997,10.);
#1709=VECTOR('',#7000,10.);
#1710=VECTOR('',#7005,10.);
#1711=VECTOR('',#7006,10.);
#1712=VECTOR('',#7017,10.);
#1713=VECTOR('',#7018,10.);
#1714=VECTOR('',#7019,10.);
#1715=VECTOR('',#7024,10.);
#1716=VECTOR('',#7027,10.);
#1717=VECTOR('',#7028,10.);
#1718=VECTOR('',#7033,10.);
#1719=VECTOR('',#7036,10.);
#1720=VECTOR('',#7037,10.);
#1721=VECTOR('',#7042,10.);
#1722=VECTOR('',#7045,10.);
#1723=VECTOR('',#7046,10.);
#1724=VECTOR('',#7057,1.5);
#1725=VECTOR('',#7064,1.5);
#1726=VECTOR('',#7069,10.);
#1727=VECTOR('',#7070,10.);
#1728=VECTOR('',#7071,10.);
#1729=VECTOR('',#7072,10.);
#1730=VECTOR('',#7075,10.);
#1731=VECTOR('',#7076,10.);
#1732=VECTOR('',#7077,10.);
#1733=VECTOR('',#7080,10.);
#1734=VECTOR('',#7081,10.);
#1735=VECTOR('',#7082,10.);
#1736=VECTOR('',#7085,10.);
#1737=VECTOR('',#7086,10.);
#1738=VECTOR('',#7091,1.5);
#1739=VECTOR('',#7098,1.5);
#1740=VECTOR('',#7103,10.);
#1741=VECTOR('',#7104,10.);
#1742=VECTOR('',#7105,10.);
#1743=VECTOR('',#7106,10.);
#1744=VECTOR('',#7113,10.);
#1745=VECTOR('',#7116,10.);
#1746=VECTOR('',#7117,10.);
#1747=VECTOR('',#7118,10.);
#1748=VECTOR('',#7125,10.);
#1749=VECTOR('',#7128,10.);
#1750=VECTOR('',#7129,10.);
#1751=VECTOR('',#7130,10.);
#1752=VECTOR('',#7137,10.);
#1753=VECTOR('',#7140,10.);
#1754=VECTOR('',#7141,10.);
#1755=VECTOR('',#7142,10.);
#1756=VECTOR('',#7157,5.);
#1757=VECTOR('',#7164,1.5);
#1758=VECTOR('',#7167,1.5);
#1759=VECTOR('',#7170,10.);
#1760=VECTOR('',#7173,10.);
#1761=VECTOR('',#7176,10.);
#1762=VECTOR('',#7179,10.);
#1763=VECTOR('',#7182,10.);
#1764=VECTOR('',#7187,10.);
#1765=VECTOR('',#7190,10.);
#1766=VECTOR('',#7193,10.);
#1767=VECTOR('',#7196,10.);
#1768=VECTOR('',#7199,10.);
#1769=VECTOR('',#7204,10.);
#1770=VECTOR('',#7205,10.);
#1771=VECTOR('',#7210,1.5);
#1772=VECTOR('',#7211,1.5);
#1773=VECTOR('',#7214,10.);
#1774=VECTOR('',#7219,10.);
#1775=VECTOR('',#7220,10.);
#1776=VECTOR('',#7223,10.);
#1777=VECTOR('',#7228,10.);
#1778=VECTOR('',#7233,10.);
#1779=VECTOR('',#7234,10.);
#1780=VECTOR('',#7239,10.);
#1781=VECTOR('',#7242,10.);
#1782=VECTOR('',#7245,10.);
#1783=VECTOR('',#7248,10.);
#1784=VECTOR('',#7251,10.);
#1785=VECTOR('',#7252,10.);
#1786=VECTOR('',#7253,10.);
#1787=VECTOR('',#7256,10.);
#1788=VECTOR('',#7261,10.);
#1789=VECTOR('',#7262,10.);
#1790=VECTOR('',#7265,10.);
#1791=VECTOR('',#7270,10.);
#1792=VECTOR('',#7271,10.);
#1793=VECTOR('',#7274,10.);
#1794=VECTOR('',#7279,10.);
#1795=VECTOR('',#7280,10.);
#1796=VECTOR('',#7287,10.);
#1797=VECTOR('',#7288,10.);
#1798=VECTOR('',#7289,10.);
#1799=VECTOR('',#7294,10.);
#1800=VECTOR('',#7297,10.);
#1801=VECTOR('',#7298,10.);
#1802=VECTOR('',#7303,10.);
#1803=VECTOR('',#7306,10.);
#1804=VECTOR('',#7307,10.);
#1805=VECTOR('',#7312,10.);
#1806=VECTOR('',#7315,10.);
#1807=VECTOR('',#7316,10.);
#1808=VECTOR('',#7327,10.);
#1809=VECTOR('',#7330,10.);
#1810=VECTOR('',#7331,10.);
#1811=VECTOR('',#7336,10.);
#1812=VECTOR('',#7339,10.);
#1813=VECTOR('',#7340,10.);
#1814=VECTOR('',#7345,10.);
#1815=VECTOR('',#7348,10.);
#1816=VECTOR('',#7349,10.);
#1817=VECTOR('',#7362,1000.);
#1818=VECTOR('',#7365,1000.);
#1819=VECTOR('',#7370,1000.);
#1820=VECTOR('',#7373,1000.);
#1821=VECTOR('',#7376,1000.);
#1822=VECTOR('',#7377,1000.);
#1823=VECTOR('',#7378,1000.);
#1824=VECTOR('',#7379,1000.);
#1825=VECTOR('',#7380,1000.);
#1826=VECTOR('',#7381,1000.);
#1827=VECTOR('',#7384,1000.);
#1828=VECTOR('',#7389,1000.);
#1829=VECTOR('',#7390,1000.);
#1830=VECTOR('',#7391,1000.);
#1831=VECTOR('',#7392,1000.);
#1832=VECTOR('',#7395,1000.);
#1833=VECTOR('',#7396,1000.);
#1834=VECTOR('',#7397,1000.);
#1835=VECTOR('',#7398,1000.);
#1836=VECTOR('',#7401,1000.);
#1837=VECTOR('',#7402,1000.);
#1838=VECTOR('',#7403,1000.);
#1839=VECTOR('',#7404,1000.);
#1840=VECTOR('',#7405,1000.);
#1841=VECTOR('',#7406,1000.);
#1842=VECTOR('',#7409,1000.);
#1843=VECTOR('',#7410,1000.);
#1844=VECTOR('',#7411,1000.);
#1845=VECTOR('',#7412,1000.);
#1846=VECTOR('',#7413,1000.);
#1847=VECTOR('',#7414,1000.);
#1848=VECTOR('',#7415,1000.);
#1849=VECTOR('',#7418,1000.);
#1850=VECTOR('',#7419,1000.);
#1851=VECTOR('',#7420,1000.);
#1852=VECTOR('',#7421,1000.);
#1853=VECTOR('',#7424,1000.);
#1854=VECTOR('',#7425,1000.);
#1855=VECTOR('',#7426,1000.);
#1856=VECTOR('',#7427,1000.);
#1857=VECTOR('',#7432,1000.);
#1858=VECTOR('',#7433,1000.);
#1859=VECTOR('',#7436,1000.);
#1860=VECTOR('',#7437,1000.);
#1861=VECTOR('',#7438,1000.);
#1862=VECTOR('',#7439,1000.);
#1863=VECTOR('',#7440,1000.);
#1864=VECTOR('',#7441,1000.);
#1865=VECTOR('',#7442,1000.);
#1866=VECTOR('',#7443,1000.);
#1867=VECTOR('',#7446,1000.);
#1868=VECTOR('',#7447,1000.);
#1869=VECTOR('',#7448,1000.);
#1870=VECTOR('',#7449,1000.);
#1871=VECTOR('',#7450,1000.);
#1872=VECTOR('',#7451,1000.);
#1873=VECTOR('',#7452,1000.);
#1874=VECTOR('',#7453,1000.);
#1875=VECTOR('',#7456,1000.);
#1876=VECTOR('',#7457,1000.);
#1877=VECTOR('',#7458,1000.);
#1878=VECTOR('',#7459,1000.);
#1879=VECTOR('',#7460,1000.);
#1880=VECTOR('',#7461,1000.);
#1881=VECTOR('',#7462,1000.);
#1882=VECTOR('',#7463,1000.);
#1883=VECTOR('',#7464,1000.);
#1884=VECTOR('',#7465,1000.);
#1885=VECTOR('',#7466,1000.);
#1886=VECTOR('',#7467,1000.);
#1887=VECTOR('',#7470,1000.);
#1888=VECTOR('',#7471,1000.);
#1889=VECTOR('',#7472,1000.);
#1890=VECTOR('',#7473,1000.);
#1891=VECTOR('',#7474,1000.);
#1892=VECTOR('',#7475,1000.);
#1893=VECTOR('',#7476,1000.);
#1894=VECTOR('',#7477,1000.);
#1895=VECTOR('',#7478,1000.);
#1896=VECTOR('',#7479,1000.);
#1897=VECTOR('',#7480,1000.);
#1898=VECTOR('',#7481,1000.);
#1899=VECTOR('',#7482,1000.);
#1900=VECTOR('',#7483,1000.);
#1901=VECTOR('',#7484,1000.);
#1902=VECTOR('',#7485,1000.);
#1903=VECTOR('',#7486,1000.);
#1904=VECTOR('',#7487,1000.);
#1905=VECTOR('',#7488,1000.);
#1906=VECTOR('',#7489,1000.);
#1907=VECTOR('',#7490,1000.);
#1908=VECTOR('',#7493,1000.);
#1909=VECTOR('',#7496,1000.);
#1910=VECTOR('',#7499,1000.);
#1911=VECTOR('',#7504,1000.);
#1912=VECTOR('',#7505,1000.);
#1913=VECTOR('',#7506,1000.);
#1914=VECTOR('',#7507,1000.);
#1915=VECTOR('',#7508,1000.);
#1916=VECTOR('',#7509,1000.);
#1917=VECTOR('',#7512,1000.);
#1918=VECTOR('',#7513,1000.);
#1919=VECTOR('',#7514,1000.);
#1920=VECTOR('',#7515,1000.);
#1921=VECTOR('',#7516,1000.);
#1922=VECTOR('',#7517,1000.);
#1923=VECTOR('',#7518,1000.);
#1924=VECTOR('',#7521,1000.);
#1925=VECTOR('',#7522,1000.);
#1926=VECTOR('',#7523,1000.);
#1927=VECTOR('',#7524,1000.);
#1928=VECTOR('',#7527,1000.);
#1929=VECTOR('',#7528,1000.);
#1930=VECTOR('',#7529,1000.);
#1931=VECTOR('',#7530,1000.);
#1932=VECTOR('',#7533,1000.);
#1933=VECTOR('',#7534,1000.);
#1934=VECTOR('',#7535,1000.);
#1935=VECTOR('',#7536,1000.);
#1936=VECTOR('',#7539,1000.);
#1937=VECTOR('',#7540,1000.);
#1938=VECTOR('',#7543,1000.);
#1939=VECTOR('',#7544,1000.);
#1940=VECTOR('',#7545,1000.);
#1941=VECTOR('',#7546,1000.);
#1942=VECTOR('',#7549,1000.);
#1943=VECTOR('',#7550,1000.);
#1944=VECTOR('',#7551,1000.);
#1945=VECTOR('',#7552,1000.);
#1946=VECTOR('',#7555,1000.);
#1947=VECTOR('',#7556,1000.);
#1948=VECTOR('',#7561,1000.);
#1949=VECTOR('',#7562,1000.);
#1950=VECTOR('',#7573,1000.);
#1951=VECTOR('',#7574,1000.);
#1952=VECTOR('',#7577,1000.);
#1953=VECTOR('',#7578,1000.);
#1954=VECTOR('',#7581,1000.);
#1955=VECTOR('',#7582,1000.);
#1956=VECTOR('',#7583,1000.);
#1957=VECTOR('',#7584,1000.);
#1958=VECTOR('',#7587,1000.);
#1959=VECTOR('',#7588,1000.);
#1960=VECTOR('',#7589,1000.);
#1961=VECTOR('',#7590,1000.);
#1962=VECTOR('',#7591,1000.);
#1963=VECTOR('',#7592,1000.);
#1964=VECTOR('',#7593,1000.);
#1965=VECTOR('',#7596,1000.);
#1966=VECTOR('',#7597,1000.);
#1967=VECTOR('',#7598,1000.);
#1968=VECTOR('',#7599,1000.);
#1969=VECTOR('',#7600,1000.);
#1970=VECTOR('',#7601,1000.);
#1971=VECTOR('',#7602,1000.);
#1972=VECTOR('',#7605,1000.);
#1973=VECTOR('',#7606,1000.);
#1974=VECTOR('',#7607,1000.);
#1975=VECTOR('',#7608,1000.);
#1976=VECTOR('',#7609,1000.);
#1977=VECTOR('',#7610,1000.);
#1978=VECTOR('',#7611,1000.);
#1979=VECTOR('',#7614,1000.);
#1980=VECTOR('',#7615,1000.);
#1981=VECTOR('',#7616,1000.);
#1982=VECTOR('',#7617,1000.);
#1983=VECTOR('',#7618,1000.);
#1984=VECTOR('',#7619,1000.);
#1985=VECTOR('',#7620,1000.);
#1986=VECTOR('',#7623,1000.);
#1987=VECTOR('',#7624,1000.);
#1988=VECTOR('',#7627,1000.);
#1989=VECTOR('',#7628,1000.);
#1990=VECTOR('',#7633,1000.);
#1991=VECTOR('',#7634,1000.);
#1992=VECTOR('',#7637,1000.);
#1993=VECTOR('',#7638,1000.);
#1994=VECTOR('',#7641,1000.);
#1995=VECTOR('',#7642,1000.);
#1996=VECTOR('',#7645,1000.);
#1997=VECTOR('',#7646,1000.);
#1998=VECTOR('',#7649,1000.);
#1999=VECTOR('',#7656,1000.);
#2000=VECTOR('',#7663,1000.);
#2001=VECTOR('',#7664,1000.);
#2002=VECTOR('',#7665,1000.);
#2003=VECTOR('',#7666,1000.);
#2004=VECTOR('',#7667,1000.);
#2005=VECTOR('',#7668,1000.);
#2006=VECTOR('',#7669,1000.);
#2007=VECTOR('',#7674,1000.);
#2008=VECTOR('',#7675,1000.);
#2009=VECTOR('',#7676,1000.);
#2010=VECTOR('',#7681,1000.);
#2011=VECTOR('',#7682,1000.);
#2012=VECTOR('',#7683,1000.);
#2013=VECTOR('',#7684,1000.);
#2014=VECTOR('',#7689,1000.);
#2015=VECTOR('',#7690,1000.);
#2016=VECTOR('',#7691,1000.);
#2017=VECTOR('',#7692,1000.);
#2018=VECTOR('',#7697,1000.);
#2019=VECTOR('',#7698,1000.);
#2020=VECTOR('',#7703,1000.);
#2021=VECTOR('',#7706,1000.);
#2022=VECTOR('',#7709,1000.);
#2023=VECTOR('',#7710,1000.);
#2024=VECTOR('',#7715,1000.);
#2025=VECTOR('',#7718,1000.);
#2026=VECTOR('',#7719,1000.);
#2027=VECTOR('',#7724,1000.);
#2028=VECTOR('',#7727,1000.);
#2029=VECTOR('',#7728,1000.);
#2030=VECTOR('',#7733,1000.);
#2031=VECTOR('',#7736,1000.);
#2032=VECTOR('',#8147,1000.);
#2033=VECTOR('',#8154,1000.);
#2034=VECTOR('',#8221,1000.);
#2035=VECTOR('',#8222,1000.);
#2036=VECTOR('',#8223,1000.);
#2037=VECTOR('',#8224,1000.);
#2038=VECTOR('',#8225,1000.);
#2039=VECTOR('',#8226,1000.);
#2040=VECTOR('',#8229,1000.);
#2041=VECTOR('',#8232,1000.);
#2042=VECTOR('',#8235,1000.);
#2043=VECTOR('',#8238,1000.);
#2044=VECTOR('',#8241,1000.);
#2045=VECTOR('',#8244,1000.);
#2046=VECTOR('',#8247,1000.);
#2047=VECTOR('',#8250,1000.);
#2048=VECTOR('',#8253,1000.);
#2049=VECTOR('',#8254,1000.);
#2050=VECTOR('',#8255,1000.);
#2051=VECTOR('',#8256,1000.);
#2052=VECTOR('',#8259,1000.);
#2053=VECTOR('',#8260,1000.);
#2054=VECTOR('',#8261,1000.);
#2055=VECTOR('',#8264,1000.);
#2056=VECTOR('',#8265,1000.);
#2057=VECTOR('',#8266,1000.);
#2058=VECTOR('',#8269,1000.);
#2059=VECTOR('',#8270,1000.);
#2060=VECTOR('',#8271,1000.);
#2061=VECTOR('',#8274,1000.);
#2062=VECTOR('',#8275,1000.);
#2063=VECTOR('',#8276,1000.);
#2064=VECTOR('',#8289,1000.);
#2065=VECTOR('',#8292,1000.);
#2066=VECTOR('',#8295,1000.);
#2067=VECTOR('',#8296,1000.);
#2068=VECTOR('',#8299,1000.);
#2069=VECTOR('',#8304,1000.);
#2070=VECTOR('',#8305,1000.);
#2071=VECTOR('',#8308,1000.);
#2072=VECTOR('',#8313,1000.);
#2073=VECTOR('',#8314,1000.);
#2074=VECTOR('',#8317,1000.);
#2075=VECTOR('',#8322,1000.);
#2076=VECTOR('',#8325,1000.);
#2077=VECTOR('',#8326,1000.);
#2078=VECTOR('',#8327,1000.);
#2079=VECTOR('',#8328,1000.);
#2080=VECTOR('',#8371,1000.);
#2081=VECTOR('',#8372,1000.);
#2082=VECTOR('',#8373,1000.);
#2083=VECTOR('',#8374,1000.);
#2084=VECTOR('',#8375,1000.);
#2085=VECTOR('',#8376,1000.);
#2086=VECTOR('',#8379,1000.);
#2087=VECTOR('',#8380,1000.);
#2088=VECTOR('',#8381,1000.);
#2089=VECTOR('',#8382,1000.);
#2090=VECTOR('',#8383,1000.);
#2091=VECTOR('',#8384,1000.);
#2092=VECTOR('',#8387,1000.);
#2093=VECTOR('',#8388,1000.);
#2094=VECTOR('',#8389,1000.);
#2095=VECTOR('',#8390,1000.);
#2096=VECTOR('',#8393,1000.);
#2097=VECTOR('',#8394,1000.);
#2098=VECTOR('',#8395,1000.);
#2099=VECTOR('',#8396,1000.);
#2100=VECTOR('',#8397,1000.);
#2101=VECTOR('',#8398,1000.);
#2102=VECTOR('',#8401,1000.);
#2103=VECTOR('',#8402,1000.);
#2104=VECTOR('',#8409,1000.);
#2105=VECTOR('',#8410,1000.);
#2106=VECTOR('',#8411,1000.);
#2107=VECTOR('',#8414,1000.);
#2108=VECTOR('',#8415,1000.);
#2109=VECTOR('',#8418,1000.);
#2110=VECTOR('',#8419,1000.);
#2111=VECTOR('',#8422,1000.);
#2112=VECTOR('',#8435,2.);
#2113=VECTOR('',#8452,2.);
#2114=VECTOR('',#8465,2.);
#2115=VECTOR('',#8474,2.);
#2116=VECTOR('',#8503,2.);
#2117=VECTOR('',#8508,2.);
#2118=VECTOR('',#8513,2.);
#2119=VECTOR('',#8526,2.);
#2120=VECTOR('',#8531,10.);
#2121=VECTOR('',#8534,10.);
#2122=VECTOR('',#8537,10.);
#2123=VECTOR('',#8538,10.);
#2124=VECTOR('',#8539,10.);
#2125=VECTOR('',#8542,10.);
#2126=VECTOR('',#8545,10.);
#2127=VECTOR('',#8548,10.);
#2128=VECTOR('',#8553,10.);
#2129=VECTOR('',#8556,10.);
#2130=VECTOR('',#8559,10.);
#2131=VECTOR('',#8562,10.);
#2132=VECTOR('',#8565,10.);
#2133=VECTOR('',#8568,10.);
#2134=VECTOR('',#8583,10.);
#2135=VECTOR('',#8584,10.);
#2136=VECTOR('',#8587,10.);
#2137=VECTOR('',#8588,10.);
#2138=VECTOR('',#8593,10.);
#2139=VECTOR('',#8598,10.);
#2140=VECTOR('',#8603,17.);
#2141=VECTOR('',#8610,22.);
#2142=VECTOR('',#8621,23.);
#2143=VECTOR('',#8624,10.);
#2144=VECTOR('',#8627,10.);
#2145=VECTOR('',#8632,10.);
#2146=VECTOR('',#8635,10.);
#2147=VECTOR('',#8640,2.);
#2148=VECTOR('',#8647,2.);
#2149=VECTOR('',#8654,2.);
#2150=VECTOR('',#8661,2.);
#2151=VECTOR('',#8668,23.);
#2152=VECTOR('',#8677,10.);
#2153=VECTOR('',#8678,10.);
#2154=VECTOR('',#8679,10.);
#2155=VECTOR('',#8684,10.);
#2156=VECTOR('',#8687,10.);
#2157=VECTOR('',#8688,10.);
#2158=VECTOR('',#8695,10.);
#2159=VECTOR('',#8696,10.);
#2160=VECTOR('',#8697,10.);
#2161=VECTOR('',#8702,10.);
#2162=VECTOR('',#8705,10.);
#2163=VECTOR('',#8706,10.);
#2164=VECTOR('',#8713,10.);
#2165=VECTOR('',#8714,10.);
#2166=VECTOR('',#8715,10.);
#2167=VECTOR('',#8720,10.);
#2168=VECTOR('',#8723,10.);
#2169=VECTOR('',#8724,10.);
#2170=VECTOR('',#8731,16.);
#2171=VECTOR('',#8734,10.);
#2172=VECTOR('',#8737,10.);
#2173=CIRCLE('',#6239,2.);
#2174=CIRCLE('',#6240,2.);
#2175=CIRCLE('',#6242,2.);
#2176=CIRCLE('',#6243,2.);
#2177=CIRCLE('',#6245,8.99999999999999);
#2178=CIRCLE('',#6246,9.);
#2179=CIRCLE('',#6247,9.);
#2180=CIRCLE('',#6248,8.99999999999999);
#2181=CIRCLE('',#6249,4.99999999999999);
#2182=CIRCLE('',#6250,5.);
#2183=CIRCLE('',#6251,5.);
#2184=CIRCLE('',#6252,4.99999999999999);
#2185=CIRCLE('',#6253,2.);
#2186=CIRCLE('',#6254,2.);
#2187=CIRCLE('',#6256,2.);
#2188=CIRCLE('',#6258,2.);
#2189=CIRCLE('',#6264,5.);
#2190=CIRCLE('',#6267,5.);
#2191=CIRCLE('',#6270,4.99999999999999);
#2192=CIRCLE('',#6272,4.99999999999999);
#2193=CIRCLE('',#6275,9.);
#2194=CIRCLE('',#6278,9.);
#2195=CIRCLE('',#6281,8.99999999999999);
#2196=CIRCLE('',#6284,8.99999999999999);
#2197=CIRCLE('',#6287,1.5);
#2198=CIRCLE('',#6288,1.5);
#2199=CIRCLE('',#6290,1.5);
#2200=CIRCLE('',#6291,1.5);
#2201=CIRCLE('',#6297,1.5);
#2202=CIRCLE('',#6298,1.5);
#2203=CIRCLE('',#6300,1.5);
#2204=CIRCLE('',#6301,1.5);
#2205=CIRCLE('',#6304,5.);
#2206=CIRCLE('',#6305,5.);
#2207=CIRCLE('',#6308,5.00000000000001);
#2208=CIRCLE('',#6309,5.00000000000001);
#2209=CIRCLE('',#6312,4.99999999999999);
#2210=CIRCLE('',#6313,4.99999999999999);
#2211=CIRCLE('',#6316,4.99999999999999);
#2212=CIRCLE('',#6317,4.99999999999999);
#2213=CIRCLE('',#6321,5.);
#2214=CIRCLE('',#6322,5.);
#2215=CIRCLE('',#6324,1.5);
#2216=CIRCLE('',#6327,8.99999999999999);
#2217=CIRCLE('',#6328,9.);
#2218=CIRCLE('',#6329,9.);
#2219=CIRCLE('',#6330,8.99999999999999);
#2220=CIRCLE('',#6331,1.5);
#2221=CIRCLE('',#6332,1.5);
#2222=CIRCLE('',#6333,1.5);
#2223=CIRCLE('',#6334,5.);
#2224=CIRCLE('',#6335,5.);
#2225=CIRCLE('',#6336,4.99999999999999);
#2226=CIRCLE('',#6337,4.99999999999999);
#2227=CIRCLE('',#6342,1.5);
#2228=CIRCLE('',#6345,1.5);
#2229=CIRCLE('',#6350,3.);
#2230=CIRCLE('',#6351,3.);
#2231=CIRCLE('',#6352,3.);
#2232=CIRCLE('',#6353,3.);
#2233=CIRCLE('',#6356,3.);
#2234=CIRCLE('',#6359,3.);
#2235=CIRCLE('',#6362,3.);
#2236=CIRCLE('',#6365,3.);
#2237=CIRCLE('',#6368,5.);
#2238=CIRCLE('',#6371,5.);
#2239=CIRCLE('',#6374,5.);
#2240=CIRCLE('',#6377,5.);
#2241=CIRCLE('',#6380,8.99999999999999);
#2242=CIRCLE('',#6383,9.);
#2243=CIRCLE('',#6386,9.);
#2244=CIRCLE('',#6389,8.99999999999999);
#2245=CIRCLE('',#6393,0.0999999999999994);
#2246=CIRCLE('',#6394,0.0999999999999994);
#2247=CIRCLE('',#6396,0.25);
#2248=CIRCLE('',#6397,0.25);
#2249=CIRCLE('',#6408,2.);
#2250=CIRCLE('',#6413,1.);
#2251=CIRCLE('',#6414,1.);
#2252=CIRCLE('',#6415,1.);
#2253=CIRCLE('',#6416,1.);
#2254=CIRCLE('',#6427,2.);
#2255=CIRCLE('',#6429,2.);
#2256=CIRCLE('',#6431,2.);
#2257=CIRCLE('',#6447,0.923238423151355);
#2258=CIRCLE('',#6452,0.923238423140539);
#2259=CIRCLE('',#6453,0.500000000000001);
#2260=CIRCLE('',#6455,0.500000000000001);
#2261=CIRCLE('',#6457,0.5);
#2262=CIRCLE('',#6459,0.5);
#2263=CIRCLE('',#6463,1.);
#2264=CIRCLE('',#6466,1.);
#2265=CIRCLE('',#6469,1.);
#2266=CIRCLE('',#6472,1.);
#2267=CIRCLE('',#6476,0.25);
#2268=CIRCLE('',#6481,0.25);
#2269=CIRCLE('',#6482,0.25);
#2270=CIRCLE('',#6484,0.25);
#2271=CIRCLE('',#6486,0.25);
#2272=CIRCLE('',#6488,0.25);
#2273=CIRCLE('',#6490,0.25);
#2274=CIRCLE('',#6495,0.25);
#2275=CIRCLE('',#6496,0.25);
#2276=CIRCLE('',#6498,0.25);
#2277=CIRCLE('',#6499,0.25);
#2278=CIRCLE('',#6501,0.25);
#2279=CIRCLE('',#6503,0.25);
#2280=CIRCLE('',#6505,0.25);
#2281=CIRCLE('',#6507,0.25);
#2282=CIRCLE('',#6509,0.250000000000003);
#2283=CIRCLE('',#6510,0.250000000000001);
#2284=CIRCLE('',#6512,0.25);
#2285=CIRCLE('',#6514,0.25);
#2286=CIRCLE('',#6516,0.25);
#2287=CIRCLE('',#6518,0.25);
#2288=CIRCLE('',#6520,0.25);
#2289=CIRCLE('',#6522,0.25);
#2290=CIRCLE('',#6524,0.25);
#2291=CIRCLE('',#6526,0.25);
#2292=CIRCLE('',#6528,0.25);
#2293=CIRCLE('',#6530,0.25);
#2294=CIRCLE('',#6532,0.25);
#2295=CIRCLE('',#6534,0.250000000000001);
#2296=CIRCLE('',#6536,0.249999999999999);
#2297=CIRCLE('',#6539,0.25);
#2298=CIRCLE('',#6541,0.25);
#2299=CIRCLE('',#6543,0.25);
#2300=CIRCLE('',#6545,0.25);
#2301=CIRCLE('',#6547,0.25);
#2302=CIRCLE('',#6549,0.25);
#2303=CIRCLE('',#6551,0.25);
#2304=CIRCLE('',#6553,0.25);
#2305=CIRCLE('',#6555,0.25);
#2306=CIRCLE('',#6557,0.25);
#2307=CIRCLE('',#6559,0.25);
#2308=CIRCLE('',#6560,0.25);
#2309=CIRCLE('',#6562,0.25);
#2310=CIRCLE('',#6563,0.25);
#2311=CIRCLE('',#6565,0.25);
#2312=CIRCLE('',#6566,0.25);
#2313=CIRCLE('',#6568,0.25);
#2314=CIRCLE('',#6570,0.25);
#2315=CIRCLE('',#6574,0.25);
#2316=CIRCLE('',#6576,0.25);
#2317=CIRCLE('',#6578,0.25);
#2318=CIRCLE('',#6580,0.25);
#2319=CIRCLE('',#6586,0.25);
#2320=CIRCLE('',#6588,0.25);
#2321=CIRCLE('',#6592,0.25);
#2322=CIRCLE('',#6594,0.25);
#2323=CIRCLE('',#6596,0.25);
#2324=CIRCLE('',#6598,0.25);
#2325=CIRCLE('',#6600,0.25);
#2326=CIRCLE('',#6602,0.25);
#2327=CIRCLE('',#6604,0.25);
#2328=CIRCLE('',#6605,0.25);
#2329=CIRCLE('',#6607,0.25);
#2330=CIRCLE('',#6609,0.25);
#2331=CIRCLE('',#6611,0.25);
#2332=CIRCLE('',#6613,0.25);
#2333=CIRCLE('',#6618,0.25);
#2334=CIRCLE('',#6620,0.25);
#2335=CIRCLE('',#6622,0.25);
#2336=CIRCLE('',#6624,0.25);
#2337=CIRCLE('',#6625,0.25);
#2338=CIRCLE('',#6627,0.25);
#2339=CIRCLE('',#6629,0.25);
#2340=CIRCLE('',#6631,0.25);
#2341=CIRCLE('',#6633,0.25);
#2342=CIRCLE('',#6635,0.25);
#2343=CIRCLE('',#6637,0.25);
#2344=CIRCLE('',#6639,0.25);
#2345=CIRCLE('',#6644,0.25);
#2346=CIRCLE('',#6646,0.25);
#2347=CIRCLE('',#6652,0.25);
#2348=CIRCLE('',#6654,0.25);
#2349=CIRCLE('',#6656,0.25);
#2350=CIRCLE('',#6662,0.25);
#2351=CIRCLE('',#6664,0.25);
#2352=CIRCLE('',#6666,0.25);
#2353=CIRCLE('',#6668,0.25);
#2354=CIRCLE('',#6670,0.25);
#2355=CIRCLE('',#6672,0.25);
#2356=CIRCLE('',#6674,0.25);
#2357=CIRCLE('',#6676,0.249999999999998);
#2358=CIRCLE('',#6677,0.249999999999999);
#2359=CIRCLE('',#6679,0.249999999999999);
#2360=CIRCLE('',#6681,0.249999999999998);
#2361=CIRCLE('',#6682,1.01432259917792);
#2362=CIRCLE('',#6683,0.249999999999998);
#2363=CIRCLE('',#6684,0.249999999999998);
#2364=CIRCLE('',#6685,1.01432259920386);
#2365=CIRCLE('',#6686,0.249999999999999);
#2366=CIRCLE('',#6687,0.25);
#2367=CIRCLE('',#6689,0.0999999999999996);
#2368=CIRCLE('',#6690,0.0999999999999996);
#2369=CIRCLE('',#6691,0.1);
#2370=CIRCLE('',#6693,0.0999999999999996);
#2371=CIRCLE('',#6694,0.1);
#2372=CIRCLE('',#6695,0.0999999999999994);
#2373=CIRCLE('',#6697,0.1);
#2374=CIRCLE('',#6699,0.0999999999999994);
#2375=CIRCLE('',#6700,0.1);
#2376=CIRCLE('',#6701,0.0999999999999996);
#2377=CIRCLE('',#6702,0.0999999999999996);
#2378=CIRCLE('',#6704,0.0999999999999996);
#2379=CIRCLE('',#6705,0.0999999999999996);
#2380=CIRCLE('',#6707,0.0999999999999996);
#2381=CIRCLE('',#6708,0.100000000000001);
#2382=CIRCLE('',#6709,0.1);
#2383=CIRCLE('',#6711,0.0999999999999996);
#2384=CIRCLE('',#6713,0.1);
#2385=CIRCLE('',#6716,0.0999999999999994);
#2386=CIRCLE('',#6717,0.0999999999999994);
#2387=CIRCLE('',#6718,0.0999999999999994);
#2388=CIRCLE('',#6719,0.0999999999999994);
#2389=CIRCLE('',#6720,0.65);
#2390=CIRCLE('',#6721,0.65);
#2391=CIRCLE('',#6722,0.65);
#2392=CIRCLE('',#6723,0.65);
#2393=CIRCLE('',#6729,0.0999999999999994);
#2394=CIRCLE('',#6730,0.0999999999999994);
#2395=CIRCLE('',#6731,0.0999999999999994);
#2396=CIRCLE('',#6732,0.0999999999999994);
#2397=CIRCLE('',#6734,0.65);
#2398=CIRCLE('',#6737,0.65);
#2399=CIRCLE('',#6740,0.65);
#2400=CIRCLE('',#6743,0.65);
#2401=CIRCLE('',#6747,0.65);
#2402=CIRCLE('',#6748,0.65);
#2403=CIRCLE('',#6750,0.65);
#2404=CIRCLE('',#6752,0.65);
#2405=CIRCLE('',#6754,0.65);
#2406=CIRCLE('',#6756,0.65);
#2407=CIRCLE('',#6758,0.65);
#2408=CIRCLE('',#6760,0.65);
#2409=CIRCLE('',#6782,2.);
#2410=CIRCLE('',#6783,2.);
#2411=CIRCLE('',#6784,2.);
#2412=CIRCLE('',#6785,2.);
#2413=CIRCLE('',#6788,2.);
#2414=CIRCLE('',#6790,2.);
#2415=CIRCLE('',#6791,2.);
#2416=CIRCLE('',#6792,2.);
#2417=CIRCLE('',#6794,2.);
#2418=CIRCLE('',#6796,2.);
#2419=CIRCLE('',#6797,2.);
#2420=CIRCLE('',#6798,2.);
#2421=CIRCLE('',#6800,2.);
#2422=CIRCLE('',#6801,2.);
#2423=CIRCLE('',#6802,2.);
#2424=CIRCLE('',#6803,2.);
#2425=CIRCLE('',#6806,23.);
#2426=CIRCLE('',#6807,2.);
#2427=CIRCLE('',#6808,2.);
#2428=CIRCLE('',#6809,2.);
#2429=CIRCLE('',#6810,2.);
#2430=CIRCLE('',#6811,2.);
#2431=CIRCLE('',#6812,2.);
#2432=CIRCLE('',#6814,2.);
#2433=CIRCLE('',#6816,2.);
#2434=CIRCLE('',#6818,2.);
#2435=CIRCLE('',#6819,2.);
#2436=CIRCLE('',#6822,2.);
#2437=CIRCLE('',#6824,2.);
#2438=CIRCLE('',#6826,5.);
#2439=CIRCLE('',#6827,5.);
#2440=CIRCLE('',#6830,5.);
#2441=CIRCLE('',#6831,5.);
#2442=CIRCLE('',#6832,5.);
#2443=CIRCLE('',#6833,1.5);
#2444=CIRCLE('',#6834,1.5);
#2445=CIRCLE('',#6835,1.5);
#2446=CIRCLE('',#6836,1.5);
#2447=CIRCLE('',#6837,1.5);
#2448=CIRCLE('',#6838,1.5);
#2449=CIRCLE('',#6839,2.);
#2450=CIRCLE('',#6840,2.);
#2451=CIRCLE('',#6841,2.);
#2452=CIRCLE('',#6842,2.);
#2453=CIRCLE('',#6843,23.);
#2454=CIRCLE('',#6845,5.);
#2455=CIRCLE('',#6848,5.);
#2456=CIRCLE('',#6850,5.);
#2457=CIRCLE('',#6852,17.);
#2458=CIRCLE('',#6853,17.);
#2459=CIRCLE('',#6855,22.);
#2460=CIRCLE('',#6856,22.);
#2461=CIRCLE('',#6859,23.);
#2462=CIRCLE('',#6861,16.);
#2463=CIRCLE('',#6862,16.);
#2464=CIRCLE('',#6863,16.);
#2465=CIRCLE('',#6864,16.);
#2466=CIRCLE('',#6865,16.);
#2467=CIRCLE('',#6868,2.);
#2468=CIRCLE('',#6871,2.);
#2469=CIRCLE('',#6874,2.);
#2470=CIRCLE('',#6877,2.);
#2471=CIRCLE('',#6880,23.);
#2472=CIRCLE('',#6882,16.);
#2473=CIRCLE('',#6885,1.5);
#2474=CIRCLE('',#6888,1.5);
#2475=CIRCLE('',#6891,1.5);
#2476=CIRCLE('',#6894,1.5);
#2477=CIRCLE('',#6897,1.5);
#2478=CIRCLE('',#6900,1.5);
#2479=CIRCLE('',#6906,3.);
#2480=CIRCLE('',#6907,17.);
#2481=VERTEX_POINT('',#8755);
#2482=VERTEX_POINT('',#8756);
#2483=VERTEX_POINT('',#8758);
#2484=VERTEX_POINT('',#8760);
#2485=VERTEX_POINT('',#8764);
#2486=VERTEX_POINT('',#8766);
#2487=VERTEX_POINT('',#8770);
#2488=VERTEX_POINT('',#8771);
#2489=VERTEX_POINT('',#8773);
#2490=VERTEX_POINT('',#8775);
#2491=VERTEX_POINT('',#8777);
#2492=VERTEX_POINT('',#8779);
#2493=VERTEX_POINT('',#8781);
#2494=VERTEX_POINT('',#8783);
#2495=VERTEX_POINT('',#8786);
#2496=VERTEX_POINT('',#8788);
#2497=VERTEX_POINT('',#8790);
#2498=VERTEX_POINT('',#8792);
#2499=VERTEX_POINT('',#8794);
#2500=VERTEX_POINT('',#8796);
#2501=VERTEX_POINT('',#8798);
#2502=VERTEX_POINT('',#8800);
#2503=VERTEX_POINT('',#8802);
#2504=VERTEX_POINT('',#8804);
#2505=VERTEX_POINT('',#8806);
#2506=VERTEX_POINT('',#8810);
#2507=VERTEX_POINT('',#8812);
#2508=VERTEX_POINT('',#8816);
#2509=VERTEX_POINT('',#8824);
#2510=VERTEX_POINT('',#8826);
#2511=VERTEX_POINT('',#8830);
#2512=VERTEX_POINT('',#8832);
#2513=VERTEX_POINT('',#8836);
#2514=VERTEX_POINT('',#8840);
#2515=VERTEX_POINT('',#8844);
#2516=VERTEX_POINT('',#8848);
#2517=VERTEX_POINT('',#8856);
#2518=VERTEX_POINT('',#8858);
#2519=VERTEX_POINT('',#8862);
#2520=VERTEX_POINT('',#8866);
#2521=VERTEX_POINT('',#8870);
#2522=VERTEX_POINT('',#8874);
#2523=VERTEX_POINT('',#8878);
#2524=VERTEX_POINT('',#8882);
#2525=VERTEX_POINT('',#8889);
#2526=VERTEX_POINT('',#8891);
#2527=VERTEX_POINT('',#8895);
#2528=VERTEX_POINT('',#8897);
#2529=VERTEX_POINT('',#8901);
#2530=VERTEX_POINT('',#8902);
#2531=VERTEX_POINT('',#8904);
#2532=VERTEX_POINT('',#8906);
#2533=VERTEX_POINT('',#8910);
#2534=VERTEX_POINT('',#8912);
#2535=VERTEX_POINT('',#8916);
#2536=VERTEX_POINT('',#8918);
#2537=VERTEX_POINT('',#8925);
#2538=VERTEX_POINT('',#8927);
#2539=VERTEX_POINT('',#8931);
#2540=VERTEX_POINT('',#8933);
#2541=VERTEX_POINT('',#8937);
#2542=VERTEX_POINT('',#8938);
#2543=VERTEX_POINT('',#8940);
#2544=VERTEX_POINT('',#8942);
#2545=VERTEX_POINT('',#8946);
#2546=VERTEX_POINT('',#8948);
#2547=VERTEX_POINT('',#8952);
#2548=VERTEX_POINT('',#8954);
#2549=VERTEX_POINT('',#8958);
#2550=VERTEX_POINT('',#8960);
#2551=VERTEX_POINT('',#8964);
#2552=VERTEX_POINT('',#8966);
#2553=VERTEX_POINT('',#8970);
#2554=VERTEX_POINT('',#8972);
#2555=VERTEX_POINT('',#8976);
#2556=VERTEX_POINT('',#8978);
#2557=VERTEX_POINT('',#8987);
#2558=VERTEX_POINT('',#8989);
#2559=VERTEX_POINT('',#8993);
#2560=VERTEX_POINT('',#8994);
#2561=VERTEX_POINT('',#8996);
#2562=VERTEX_POINT('',#8998);
#2563=VERTEX_POINT('',#9002);
#2564=VERTEX_POINT('',#9004);
#2565=VERTEX_POINT('',#9006);
#2566=VERTEX_POINT('',#9008);
#2567=VERTEX_POINT('',#9010);
#2568=VERTEX_POINT('',#9012);
#2569=VERTEX_POINT('',#9014);
#2570=VERTEX_POINT('',#9016);
#2571=VERTEX_POINT('',#9018);
#2572=VERTEX_POINT('',#9020);
#2573=VERTEX_POINT('',#9022);
#2574=VERTEX_POINT('',#9024);
#2575=VERTEX_POINT('',#9027);
#2576=VERTEX_POINT('',#9028);
#2577=VERTEX_POINT('',#9030);
#2578=VERTEX_POINT('',#9032);
#2579=VERTEX_POINT('',#9034);
#2580=VERTEX_POINT('',#9036);
#2581=VERTEX_POINT('',#9038);
#2582=VERTEX_POINT('',#9040);
#2583=VERTEX_POINT('',#9044);
#2584=VERTEX_POINT('',#9048);
#2585=VERTEX_POINT('',#9049);
#2586=VERTEX_POINT('',#9054);
#2587=VERTEX_POINT('',#9056);
#2588=VERTEX_POINT('',#9067);
#2589=VERTEX_POINT('',#9079);
#2590=VERTEX_POINT('',#9086);
#2591=VERTEX_POINT('',#9090);
#2592=VERTEX_POINT('',#9091);
#2593=VERTEX_POINT('',#9093);
#2594=VERTEX_POINT('',#9095);
#2595=VERTEX_POINT('',#9097);
#2596=VERTEX_POINT('',#9099);
#2597=VERTEX_POINT('',#9101);
#2598=VERTEX_POINT('',#9103);
#2599=VERTEX_POINT('',#9107);
#2600=VERTEX_POINT('',#9109);
#2601=VERTEX_POINT('',#9113);
#2602=VERTEX_POINT('',#9117);
#2603=VERTEX_POINT('',#9121);
#2604=VERTEX_POINT('',#9125);
#2605=VERTEX_POINT('',#9129);
#2606=VERTEX_POINT('',#9133);
#2607=VERTEX_POINT('',#9139);
#2608=VERTEX_POINT('',#9141);
#2609=VERTEX_POINT('',#9145);
#2610=VERTEX_POINT('',#9149);
#2611=VERTEX_POINT('',#9153);
#2612=VERTEX_POINT('',#9157);
#2613=VERTEX_POINT('',#9161);
#2614=VERTEX_POINT('',#9165);
#2615=VERTEX_POINT('',#9172);
#2616=VERTEX_POINT('',#9176);
#2617=VERTEX_POINT('',#9180);
#2618=VERTEX_POINT('',#9184);
#2619=VERTEX_POINT('',#9188);
#2620=VERTEX_POINT('',#9192);
#2621=VERTEX_POINT('',#9200);
#2622=VERTEX_POINT('',#9201);
#2623=VERTEX_POINT('',#9203);
#2624=VERTEX_POINT('',#9205);
#2625=VERTEX_POINT('',#9209);
#2626=VERTEX_POINT('',#9210);
#2627=VERTEX_POINT('',#9212);
#2628=VERTEX_POINT('',#9214);
#2629=VERTEX_POINT('',#9218);
#2630=VERTEX_POINT('',#9219);
#2631=VERTEX_POINT('',#9221);
#2632=VERTEX_POINT('',#9223);
#2633=VERTEX_POINT('',#9226);
#2634=VERTEX_POINT('',#9227);
#2635=VERTEX_POINT('',#9269);
#2636=VERTEX_POINT('',#9310);
#2637=VERTEX_POINT('',#9312);
#2638=VERTEX_POINT('',#9314);
#2639=VERTEX_POINT('',#9343);
#2640=VERTEX_POINT('',#9345);
#2641=VERTEX_POINT('',#9376);
#2642=VERTEX_POINT('',#9377);
#2643=VERTEX_POINT('',#9379);
#2644=VERTEX_POINT('',#9381);
#2645=VERTEX_POINT('',#9385);
#2646=VERTEX_POINT('',#9386);
#2647=VERTEX_POINT('',#9388);
#2648=VERTEX_POINT('',#9390);
#2649=VERTEX_POINT('',#9394);
#2650=VERTEX_POINT('',#9395);
#2651=VERTEX_POINT('',#9397);
#2652=VERTEX_POINT('',#9399);
#2653=VERTEX_POINT('',#9401);
#2654=VERTEX_POINT('',#9403);
#2655=VERTEX_POINT('',#9407);
#2656=VERTEX_POINT('',#9408);
#2657=VERTEX_POINT('',#9410);
#2658=VERTEX_POINT('',#9412);
#2659=VERTEX_POINT('',#9414);
#2660=VERTEX_POINT('',#9416);
#2661=VERTEX_POINT('',#9418);
#2662=VERTEX_POINT('',#9422);
#2663=VERTEX_POINT('',#9423);
#2664=VERTEX_POINT('',#9425);
#2665=VERTEX_POINT('',#9427);
#2666=VERTEX_POINT('',#9431);
#2667=VERTEX_POINT('',#9432);
#2668=VERTEX_POINT('',#9434);
#2669=VERTEX_POINT('',#9436);
#2670=VERTEX_POINT('',#9440);
#2671=VERTEX_POINT('',#9441);
#2672=VERTEX_POINT('',#9443);
#2673=VERTEX_POINT('',#9447);
#2674=VERTEX_POINT('',#9448);
#2675=VERTEX_POINT('',#9450);
#2676=VERTEX_POINT('',#9452);
#2677=VERTEX_POINT('',#9454);
#2678=VERTEX_POINT('',#9456);
#2679=VERTEX_POINT('',#9458);
#2680=VERTEX_POINT('',#9460);
#2681=VERTEX_POINT('',#9464);
#2682=VERTEX_POINT('',#9465);
#2683=VERTEX_POINT('',#9467);
#2684=VERTEX_POINT('',#9469);
#2685=VERTEX_POINT('',#9471);
#2686=VERTEX_POINT('',#9473);
#2687=VERTEX_POINT('',#9475);
#2688=VERTEX_POINT('',#9477);
#2689=VERTEX_POINT('',#9481);
#2690=VERTEX_POINT('',#9482);
#2691=VERTEX_POINT('',#9484);
#2692=VERTEX_POINT('',#9486);
#2693=VERTEX_POINT('',#9488);
#2694=VERTEX_POINT('',#9490);
#2695=VERTEX_POINT('',#9492);
#2696=VERTEX_POINT('',#9494);
#2697=VERTEX_POINT('',#9496);
#2698=VERTEX_POINT('',#9498);
#2699=VERTEX_POINT('',#9500);
#2700=VERTEX_POINT('',#9502);
#2701=VERTEX_POINT('',#9506);
#2702=VERTEX_POINT('',#9507);
#2703=VERTEX_POINT('',#9509);
#2704=VERTEX_POINT('',#9511);
#2705=VERTEX_POINT('',#9513);
#2706=VERTEX_POINT('',#9515);
#2707=VERTEX_POINT('',#9517);
#2708=VERTEX_POINT('',#9519);
#2709=VERTEX_POINT('',#9521);
#2710=VERTEX_POINT('',#9523);
#2711=VERTEX_POINT('',#9525);
#2712=VERTEX_POINT('',#9527);
#2713=VERTEX_POINT('',#9529);
#2714=VERTEX_POINT('',#9531);
#2715=VERTEX_POINT('',#9533);
#2716=VERTEX_POINT('',#9535);
#2717=VERTEX_POINT('',#9537);
#2718=VERTEX_POINT('',#9539);
#2719=VERTEX_POINT('',#9541);
#2720=VERTEX_POINT('',#9543);
#2721=VERTEX_POINT('',#9546);
#2722=VERTEX_POINT('',#9547);
#2723=VERTEX_POINT('',#9549);
#2724=VERTEX_POINT('',#9551);
#2725=VERTEX_POINT('',#9553);
#2726=VERTEX_POINT('',#9555);
#2727=VERTEX_POINT('',#9557);
#2728=VERTEX_POINT('',#9559);
#2729=VERTEX_POINT('',#9563);
#2730=VERTEX_POINT('',#9564);
#2731=VERTEX_POINT('',#9566);
#2732=VERTEX_POINT('',#9568);
#2733=VERTEX_POINT('',#9570);
#2734=VERTEX_POINT('',#9572);
#2735=VERTEX_POINT('',#9576);
#2736=VERTEX_POINT('',#9577);
#2737=VERTEX_POINT('',#9579);
#2738=VERTEX_POINT('',#9581);
#2739=VERTEX_POINT('',#9583);
#2740=VERTEX_POINT('',#9585);
#2741=VERTEX_POINT('',#9587);
#2742=VERTEX_POINT('',#9591);
#2743=VERTEX_POINT('',#9592);
#2744=VERTEX_POINT('',#9594);
#2745=VERTEX_POINT('',#9596);
#2746=VERTEX_POINT('',#9600);
#2747=VERTEX_POINT('',#9601);
#2748=VERTEX_POINT('',#9603);
#2749=VERTEX_POINT('',#9605);
#2750=VERTEX_POINT('',#9609);
#2751=VERTEX_POINT('',#9610);
#2752=VERTEX_POINT('',#9612);
#2753=VERTEX_POINT('',#9614);
#2754=VERTEX_POINT('',#9621);
#2755=VERTEX_POINT('',#9622);
#2756=VERTEX_POINT('',#9624);
#2757=VERTEX_POINT('',#9626);
#2758=VERTEX_POINT('',#9630);
#2759=VERTEX_POINT('',#9631);
#2760=VERTEX_POINT('',#9633);
#2761=VERTEX_POINT('',#9635);
#2762=VERTEX_POINT('',#9642);
#2763=VERTEX_POINT('',#9643);
#2764=VERTEX_POINT('',#9645);
#2765=VERTEX_POINT('',#9655);
#2766=VERTEX_POINT('',#9662);
#2767=VERTEX_POINT('',#9683);
#2768=VERTEX_POINT('',#9690);
#2769=VERTEX_POINT('',#9705);
#2770=VERTEX_POINT('',#9709);
#2771=VERTEX_POINT('',#9713);
#2772=VERTEX_POINT('',#9714);
#2773=VERTEX_POINT('',#9716);
#2774=VERTEX_POINT('',#9718);
#2775=VERTEX_POINT('',#9722);
#2776=VERTEX_POINT('',#9723);
#2777=VERTEX_POINT('',#9725);
#2778=VERTEX_POINT('',#9727);
#2779=VERTEX_POINT('',#9729);
#2780=VERTEX_POINT('',#9731);
#2781=VERTEX_POINT('',#9736);
#2782=VERTEX_POINT('',#9737);
#2783=VERTEX_POINT('',#9739);
#2784=VERTEX_POINT('',#9741);
#2785=VERTEX_POINT('',#9744);
#2786=VERTEX_POINT('',#9746);
#2787=VERTEX_POINT('',#9750);
#2788=VERTEX_POINT('',#9751);
#2789=VERTEX_POINT('',#9753);
#2790=VERTEX_POINT('',#9755);
#2791=VERTEX_POINT('',#9758);
#2792=VERTEX_POINT('',#9760);
#2793=VERTEX_POINT('',#9764);
#2794=VERTEX_POINT('',#9765);
#2795=VERTEX_POINT('',#9767);
#2796=VERTEX_POINT('',#9769);
#2797=VERTEX_POINT('',#9771);
#2798=VERTEX_POINT('',#9773);
#2799=VERTEX_POINT('',#9799);
#2800=VERTEX_POINT('',#9800);
#2801=VERTEX_POINT('',#9802);
#2802=VERTEX_POINT('',#9823);
#2803=VERTEX_POINT('',#9824);
#2804=VERTEX_POINT('',#9833);
#2805=VERTEX_POINT('',#9855);
#2806=VERTEX_POINT('',#9856);
#2807=VERTEX_POINT('',#9885);
#2808=VERTEX_POINT('',#9887);
#2809=VERTEX_POINT('',#9889);
#2810=VERTEX_POINT('',#9891);
#2811=VERTEX_POINT('',#9893);
#2812=VERTEX_POINT('',#9895);
#2813=VERTEX_POINT('',#9897);
#2814=VERTEX_POINT('',#9899);
#2815=VERTEX_POINT('',#9901);
#2816=VERTEX_POINT('',#9903);
#2817=VERTEX_POINT('',#9933);
#2818=VERTEX_POINT('',#9934);
#2819=VERTEX_POINT('',#9936);
#2820=VERTEX_POINT('',#9943);
#2821=VERTEX_POINT('',#9951);
#2822=VERTEX_POINT('',#9958);
#2823=VERTEX_POINT('',#9974);
#2824=VERTEX_POINT('',#9976);
#2825=VERTEX_POINT('',#9983);
#2826=VERTEX_POINT('',#9987);
#2827=VERTEX_POINT('',#9998);
#2828=VERTEX_POINT('',#9999);
#2829=VERTEX_POINT('',#10037);
#2830=VERTEX_POINT('',#10038);
#2831=VERTEX_POINT('',#10050);
#2832=VERTEX_POINT('',#10051);
#2833=VERTEX_POINT('',#10061);
#2834=VERTEX_POINT('',#10062);
#2835=VERTEX_POINT('',#10074);
#2836=VERTEX_POINT('',#10075);
#2837=VERTEX_POINT('',#10114);
#2838=VERTEX_POINT('',#10116);
#2839=VERTEX_POINT('',#10120);
#2840=VERTEX_POINT('',#10124);
#2841=VERTEX_POINT('',#10128);
#2842=VERTEX_POINT('',#10132);
#2843=VERTEX_POINT('',#10136);
#2844=VERTEX_POINT('',#10140);
#2845=VERTEX_POINT('',#10377);
#2846=VERTEX_POINT('',#10464);
#2847=VERTEX_POINT('',#10522);
#2848=VERTEX_POINT('',#10526);
#2849=VERTEX_POINT('',#10541);
#2850=VERTEX_POINT('',#10556);
#2851=VERTEX_POINT('',#10860);
#2852=VERTEX_POINT('',#10861);
#2853=VERTEX_POINT('',#10863);
#2854=VERTEX_POINT('',#10865);
#2855=VERTEX_POINT('',#10867);
#2856=VERTEX_POINT('',#10869);
#2857=VERTEX_POINT('',#10873);
#2858=VERTEX_POINT('',#10874);
#2859=VERTEX_POINT('',#10876);
#2860=VERTEX_POINT('',#10878);
#2861=VERTEX_POINT('',#10880);
#2862=VERTEX_POINT('',#10882);
#2863=VERTEX_POINT('',#10884);
#2864=VERTEX_POINT('',#10886);
#2865=VERTEX_POINT('',#10889);
#2866=VERTEX_POINT('',#10890);
#2867=VERTEX_POINT('',#10892);
#2868=VERTEX_POINT('',#10894);
#2869=VERTEX_POINT('',#10896);
#2870=VERTEX_POINT('',#10898);
#2871=VERTEX_POINT('',#10900);
#2872=VERTEX_POINT('',#10902);
#2873=VERTEX_POINT('',#10905);
#2874=VERTEX_POINT('',#10906);
#2875=VERTEX_POINT('',#10908);
#2876=VERTEX_POINT('',#10910);
#2877=VERTEX_POINT('',#10914);
#2878=VERTEX_POINT('',#10915);
#2879=VERTEX_POINT('',#10920);
#2880=VERTEX_POINT('',#10922);
#2881=VERTEX_POINT('',#10926);
#2882=VERTEX_POINT('',#10928);
#2883=VERTEX_POINT('',#10932);
#2884=VERTEX_POINT('',#10934);
#2885=VERTEX_POINT('',#10943);
#2886=VERTEX_POINT('',#10945);
#2887=VERTEX_POINT('',#10949);
#2888=VERTEX_POINT('',#10953);
#2889=VERTEX_POINT('',#10957);
#2890=VERTEX_POINT('',#10961);
#2891=VERTEX_POINT('',#10965);
#2892=VERTEX_POINT('',#10969);
#2893=VERTEX_POINT('',#10975);
#2894=VERTEX_POINT('',#10976);
#2895=VERTEX_POINT('',#10978);
#2896=VERTEX_POINT('',#10980);
#2897=VERTEX_POINT('',#11005);
#2898=VERTEX_POINT('',#11007);
#2899=VERTEX_POINT('',#11009);
#2900=VERTEX_POINT('',#11011);
#2901=VERTEX_POINT('',#11015);
#2902=VERTEX_POINT('',#11016);
#2903=VERTEX_POINT('',#11020);
#2904=VERTEX_POINT('',#11022);
#2905=VERTEX_POINT('',#11026);
#2906=VERTEX_POINT('',#11027);
#2907=VERTEX_POINT('',#11033);
#2908=VERTEX_POINT('',#11034);
#2909=VERTEX_POINT('',#11037);
#2910=VERTEX_POINT('',#11039);
#2911=VERTEX_POINT('',#11049);
#2912=VERTEX_POINT('',#11051);
#2913=VERTEX_POINT('',#11055);
#2914=VERTEX_POINT('',#11059);
#2915=VERTEX_POINT('',#11069);
#2916=VERTEX_POINT('',#11071);
#2917=VERTEX_POINT('',#11073);
#2918=VERTEX_POINT('',#11075);
#2919=VERTEX_POINT('',#11090);
#2920=VERTEX_POINT('',#11091);
#2921=VERTEX_POINT('',#11098);
#2922=VERTEX_POINT('',#11100);
#2923=VERTEX_POINT('',#11105);
#2924=VERTEX_POINT('',#11106);
#2925=VERTEX_POINT('',#11113);
#2926=VERTEX_POINT('',#11115);
#2927=VERTEX_POINT('',#11120);
#2928=VERTEX_POINT('',#11122);
#2929=VERTEX_POINT('',#11124);
#2930=VERTEX_POINT('',#11126);
#2931=VERTEX_POINT('',#11135);
#2932=VERTEX_POINT('',#11137);
#2933=VERTEX_POINT('',#11139);
#2934=VERTEX_POINT('',#11141);
#2935=VERTEX_POINT('',#11146);
#2936=VERTEX_POINT('',#11153);
#2937=VERTEX_POINT('',#11155);
#2938=VERTEX_POINT('',#11157);
#2939=VERTEX_POINT('',#11180);
#2940=VERTEX_POINT('',#11185);
#2941=VERTEX_POINT('',#11192);
#2942=VERTEX_POINT('',#11194);
#2943=VERTEX_POINT('',#11196);
#2944=VERTEX_POINT('',#11220);
#2945=VERTEX_POINT('',#11224);
#2946=VERTEX_POINT('',#11228);
#2947=VERTEX_POINT('',#11250);
#2948=VERTEX_POINT('',#11254);
#2949=VERTEX_POINT('',#11255);
#2950=VERTEX_POINT('',#11257);
#2951=VERTEX_POINT('',#11259);
#2952=VERTEX_POINT('',#11263);
#2953=VERTEX_POINT('',#11265);
#2954=VERTEX_POINT('',#11269);
#2955=VERTEX_POINT('',#11271);
#2956=VERTEX_POINT('',#11273);
#2957=VERTEX_POINT('',#11275);
#2958=VERTEX_POINT('',#11277);
#2959=VERTEX_POINT('',#11280);
#2960=VERTEX_POINT('',#11281);
#2961=VERTEX_POINT('',#11283);
#2962=VERTEX_POINT('',#11285);
#2963=VERTEX_POINT('',#11288);
#2964=VERTEX_POINT('',#11289);
#2965=VERTEX_POINT('',#11291);
#2966=VERTEX_POINT('',#11293);
#2967=VERTEX_POINT('',#11296);
#2968=VERTEX_POINT('',#11297);
#2969=VERTEX_POINT('',#11299);
#2970=VERTEX_POINT('',#11301);
#2971=VERTEX_POINT('',#11304);
#2972=VERTEX_POINT('',#11306);
#2973=VERTEX_POINT('',#11308);
#2974=VERTEX_POINT('',#11310);
#2975=VERTEX_POINT('',#11312);
#2976=VERTEX_POINT('',#11315);
#2977=VERTEX_POINT('',#11316);
#2978=VERTEX_POINT('',#11321);
#2979=VERTEX_POINT('',#11325);
#2980=VERTEX_POINT('',#11329);
#2981=VERTEX_POINT('',#11333);
#2982=VERTEX_POINT('',#11335);
#2983=VERTEX_POINT('',#11339);
#2984=VERTEX_POINT('',#11341);
#2985=VERTEX_POINT('',#11346);
#2986=VERTEX_POINT('',#11399);
#2987=VERTEX_POINT('',#11408);
#2988=VERTEX_POINT('',#11514);
#2989=VERTEX_POINT('',#11562);
#2990=VERTEX_POINT('',#11563);
#2991=VERTEX_POINT('',#11565);
#2992=VERTEX_POINT('',#11570);
#2993=VERTEX_POINT('',#11616);
#2994=VERTEX_POINT('',#11618);
#2995=VERTEX_POINT('',#11620);
#2996=VERTEX_POINT('',#11650);
#2997=VERTEX_POINT('',#11652);
#2998=VERTEX_POINT('',#11701);
#2999=VERTEX_POINT('',#11879);
#3000=VERTEX_POINT('',#11884);
#3001=VERTEX_POINT('',#11889);
#3002=VERTEX_POINT('',#11894);
#3003=VERTEX_POINT('',#11899);
#3004=VERTEX_POINT('',#11903);
#3005=VERTEX_POINT('',#11906);
#3006=VERTEX_POINT('',#11908);
#3007=VERTEX_POINT('',#11912);
#3008=VERTEX_POINT('',#11916);
#3009=VERTEX_POINT('',#11922);
#3010=VERTEX_POINT('',#11924);
#3011=VERTEX_POINT('',#11928);
#3012=VERTEX_POINT('',#11932);
#3013=VERTEX_POINT('',#11938);
#3014=VERTEX_POINT('',#11940);
#3015=VERTEX_POINT('',#11944);
#3016=VERTEX_POINT('',#11948);
#3017=VERTEX_POINT('',#11961);
#3018=EDGE_CURVE('',#2481,#2482,#2173,.T.);
#3019=EDGE_CURVE('',#2482,#2483,#1191,.T.);
#3020=EDGE_CURVE('',#2483,#2484,#2174,.F.);
#3021=EDGE_CURVE('',#2484,#2481,#1192,.T.);
#3022=EDGE_CURVE('',#2482,#2485,#2175,.T.);
#3023=EDGE_CURVE('',#2485,#2486,#1193,.T.);
#3024=EDGE_CURVE('',#2483,#2486,#2176,.T.);
#3025=EDGE_CURVE('',#2487,#2488,#2177,.F.);
#3026=EDGE_CURVE('',#2487,#2489,#1194,.T.);
#3027=EDGE_CURVE('',#2490,#2489,#2178,.F.);
#3028=EDGE_CURVE('',#2490,#2491,#1195,.T.);
#3029=EDGE_CURVE('',#2492,#2491,#2179,.F.);
#3030=EDGE_CURVE('',#2492,#2493,#1196,.T.);
#3031=EDGE_CURVE('',#2494,#2493,#2180,.F.);
#3032=EDGE_CURVE('',#2494,#2488,#1197,.T.);
#3033=EDGE_CURVE('',#2481,#2495,#1198,.T.);
#3034=EDGE_CURVE('',#2495,#2496,#2181,.T.);
#3035=EDGE_CURVE('',#2496,#2497,#1199,.T.);
#3036=EDGE_CURVE('',#2497,#2498,#2182,.T.);
#3037=EDGE_CURVE('',#2498,#2499,#1200,.T.);
#3038=EDGE_CURVE('',#2499,#2500,#2183,.T.);
#3039=EDGE_CURVE('',#2500,#2501,#1201,.T.);
#3040=EDGE_CURVE('',#2501,#2502,#2184,.T.);
#3041=EDGE_CURVE('',#2502,#2503,#1202,.T.);
#3042=EDGE_CURVE('',#2504,#2503,#2185,.T.);
#3043=EDGE_CURVE('',#2505,#2504,#2186,.T.);
#3044=EDGE_CURVE('',#2505,#2485,#1203,.T.);
#3045=EDGE_CURVE('',#2503,#2506,#1204,.T.);
#3046=EDGE_CURVE('',#2506,#2507,#2187,.F.);
#3047=EDGE_CURVE('',#2507,#2504,#1205,.T.);
#3048=EDGE_CURVE('',#2508,#2507,#2188,.T.);
#3049=EDGE_CURVE('',#2508,#2505,#1206,.T.);
#3050=EDGE_CURVE('',#2508,#2486,#1207,.T.);
#3051=EDGE_CURVE('',#2484,#2506,#1208,.T.);
#3052=EDGE_CURVE('',#2502,#2509,#1209,.T.);
#3053=EDGE_CURVE('',#2510,#2509,#1210,.T.);
#3054=EDGE_CURVE('',#2495,#2510,#1211,.T.);
#3055=EDGE_CURVE('',#2500,#2511,#1212,.T.);
#3056=EDGE_CURVE('',#2512,#2511,#1213,.T.);
#3057=EDGE_CURVE('',#2501,#2512,#1214,.T.);
#3058=EDGE_CURVE('',#2499,#2513,#1215,.T.);
#3059=EDGE_CURVE('',#2511,#2513,#2189,.T.);
#3060=EDGE_CURVE('',#2498,#2514,#1216,.T.);
#3061=EDGE_CURVE('',#2513,#2514,#1217,.T.);
#3062=EDGE_CURVE('',#2497,#2515,#1218,.T.);
#3063=EDGE_CURVE('',#2514,#2515,#2190,.T.);
#3064=EDGE_CURVE('',#2496,#2516,#1219,.T.);
#3065=EDGE_CURVE('',#2515,#2516,#1220,.T.);
#3066=EDGE_CURVE('',#2516,#2510,#2191,.T.);
#3067=EDGE_CURVE('',#2509,#2512,#2192,.T.);
#3068=EDGE_CURVE('',#2487,#2517,#1221,.T.);
#3069=EDGE_CURVE('',#2518,#2517,#1222,.F.);
#3070=EDGE_CURVE('',#2489,#2518,#1223,.T.);
#3071=EDGE_CURVE('',#2519,#2518,#2193,.F.);
#3072=EDGE_CURVE('',#2490,#2519,#1224,.T.);
#3073=EDGE_CURVE('',#2520,#2519,#1225,.F.);
#3074=EDGE_CURVE('',#2491,#2520,#1226,.T.);
#3075=EDGE_CURVE('',#2521,#2520,#2194,.F.);
#3076=EDGE_CURVE('',#2492,#2521,#1227,.T.);
#3077=EDGE_CURVE('',#2522,#2521,#1228,.F.);
#3078=EDGE_CURVE('',#2493,#2522,#1229,.T.);
#3079=EDGE_CURVE('',#2523,#2522,#2195,.F.);
#3080=EDGE_CURVE('',#2494,#2523,#1230,.T.);
#3081=EDGE_CURVE('',#2524,#2523,#1231,.F.);
#3082=EDGE_CURVE('',#2488,#2524,#1232,.T.);
#3083=EDGE_CURVE('',#2517,#2524,#2196,.F.);
#3084=EDGE_CURVE('',#2525,#2525,#2197,.T.);
#3085=EDGE_CURVE('',#2525,#2526,#1233,.T.);
#3086=EDGE_CURVE('',#2526,#2526,#2198,.T.);
#3087=EDGE_CURVE('',#2527,#2527,#2199,.T.);
#3088=EDGE_CURVE('',#2527,#2528,#1234,.T.);
#3089=EDGE_CURVE('',#2528,#2528,#2200,.T.);
#3090=EDGE_CURVE('',#2529,#2530,#1235,.T.);
#3091=EDGE_CURVE('',#2529,#2531,#1236,.T.);
#3092=EDGE_CURVE('',#2532,#2531,#1237,.T.);
#3093=EDGE_CURVE('',#2530,#2532,#1238,.T.);
#3094=EDGE_CURVE('',#2530,#2533,#1239,.T.);
#3095=EDGE_CURVE('',#2534,#2532,#1240,.T.);
#3096=EDGE_CURVE('',#2533,#2534,#1241,.T.);
#3097=EDGE_CURVE('',#2533,#2535,#1242,.T.);
#3098=EDGE_CURVE('',#2536,#2534,#1243,.T.);
#3099=EDGE_CURVE('',#2535,#2536,#1244,.T.);
#3100=EDGE_CURVE('',#2535,#2529,#1245,.T.);
#3101=EDGE_CURVE('',#2531,#2536,#1246,.T.);
#3102=EDGE_CURVE('',#2537,#2537,#2201,.T.);
#3103=EDGE_CURVE('',#2537,#2538,#1247,.T.);
#3104=EDGE_CURVE('',#2538,#2538,#2202,.T.);
#3105=EDGE_CURVE('',#2539,#2539,#2203,.T.);
#3106=EDGE_CURVE('',#2539,#2540,#1248,.T.);
#3107=EDGE_CURVE('',#2540,#2540,#2204,.T.);
#3108=EDGE_CURVE('',#2541,#2542,#1249,.T.);
#3109=EDGE_CURVE('',#2541,#2543,#1250,.T.);
#3110=EDGE_CURVE('',#2544,#2543,#1251,.T.);
#3111=EDGE_CURVE('',#2542,#2544,#1252,.T.);
#3112=EDGE_CURVE('',#2542,#2545,#2205,.T.);
#3113=EDGE_CURVE('',#2546,#2544,#2206,.T.);
#3114=EDGE_CURVE('',#2545,#2546,#1253,.T.);
#3115=EDGE_CURVE('',#2545,#2547,#1254,.T.);
#3116=EDGE_CURVE('',#2548,#2546,#1255,.T.);
#3117=EDGE_CURVE('',#2547,#2548,#1256,.T.);
#3118=EDGE_CURVE('',#2547,#2549,#2207,.T.);
#3119=EDGE_CURVE('',#2550,#2548,#2208,.T.);
#3120=EDGE_CURVE('',#2549,#2550,#1257,.T.);
#3121=EDGE_CURVE('',#2549,#2551,#1258,.T.);
#3122=EDGE_CURVE('',#2552,#2550,#1259,.T.);
#3123=EDGE_CURVE('',#2551,#2552,#1260,.T.);
#3124=EDGE_CURVE('',#2551,#2553,#2209,.T.);
#3125=EDGE_CURVE('',#2554,#2552,#2210,.T.);
#3126=EDGE_CURVE('',#2553,#2554,#1261,.T.);
#3127=EDGE_CURVE('',#2553,#2555,#1262,.T.);
#3128=EDGE_CURVE('',#2556,#2554,#1263,.T.);
#3129=EDGE_CURVE('',#2555,#2556,#1264,.T.);
#3130=EDGE_CURVE('',#2555,#2541,#2211,.T.);
#3131=EDGE_CURVE('',#2543,#2556,#2212,.T.);
#3132=EDGE_CURVE('',#2557,#2557,#2213,.T.);
#3133=EDGE_CURVE('',#2557,#2558,#1265,.T.);
#3134=EDGE_CURVE('',#2558,#2558,#2214,.T.);
#3135=EDGE_CURVE('',#2559,#2560,#2215,.T.);
#3136=EDGE_CURVE('',#2560,#2561,#1266,.T.);
#3137=EDGE_CURVE('',#2562,#2561,#156,.T.);
#3138=EDGE_CURVE('',#2562,#2559,#1267,.T.);
#3139=EDGE_CURVE('',#2563,#2559,#1268,.T.);
#3140=EDGE_CURVE('',#2563,#2564,#2216,.F.);
#3141=EDGE_CURVE('',#2565,#2564,#1269,.T.);
#3142=EDGE_CURVE('',#2565,#2566,#2217,.F.);
#3143=EDGE_CURVE('',#2567,#2566,#1270,.T.);
#3144=EDGE_CURVE('',#2567,#2568,#2218,.F.);
#3145=EDGE_CURVE('',#2569,#2568,#1271,.T.);
#3146=EDGE_CURVE('',#2569,#2570,#2219,.F.);
#3147=EDGE_CURVE('',#2571,#2570,#1272,.T.);
#3148=EDGE_CURVE('',#2572,#2571,#2220,.T.);
#3149=EDGE_CURVE('',#2573,#2572,#2221,.T.);
#3150=EDGE_CURVE('',#2573,#2574,#1273,.T.);
#3151=EDGE_CURVE('',#2560,#2574,#2222,.T.);
#3152=EDGE_CURVE('',#2575,#2576,#1274,.T.);
#3153=EDGE_CURVE('',#2577,#2575,#2223,.T.);
#3154=EDGE_CURVE('',#2578,#2577,#1275,.T.);
#3155=EDGE_CURVE('',#2579,#2578,#2224,.T.);
#3156=EDGE_CURVE('',#2580,#2579,#1276,.T.);
#3157=EDGE_CURVE('',#2581,#2580,#2225,.T.);
#3158=EDGE_CURVE('',#2582,#2581,#1277,.T.);
#3159=EDGE_CURVE('',#2576,#2582,#2226,.T.);
#3160=EDGE_CURVE('',#2583,#2562,#1278,.T.);
#3161=EDGE_CURVE('',#2563,#2583,#1279,.T.);
#3162=EDGE_CURVE('',#2584,#2585,#157,.F.);
#3163=EDGE_CURVE('',#2585,#2572,#1280,.T.);
#3164=EDGE_CURVE('',#2571,#2584,#1281,.T.);
#3165=EDGE_CURVE('',#2574,#2586,#1282,.T.);
#3166=EDGE_CURVE('',#2587,#2586,#2227,.T.);
#3167=EDGE_CURVE('',#2561,#2587,#96,.T.);
#3168=EDGE_CURVE('',#2587,#2588,#1283,.T.);
#3169=EDGE_CURVE('',#2588,#2585,#97,.T.);
#3170=EDGE_CURVE('',#2562,#2584,#1284,.T.);
#3171=EDGE_CURVE('',#2589,#2586,#1285,.T.);
#3172=EDGE_CURVE('',#2589,#2588,#2228,.T.);
#3173=EDGE_CURVE('',#2589,#2573,#1286,.T.);
#3174=EDGE_CURVE('',#2570,#2590,#1287,.T.);
#3175=EDGE_CURVE('',#2584,#2590,#1288,.T.);
#3176=EDGE_CURVE('',#2591,#2592,#2229,.T.);
#3177=EDGE_CURVE('',#2592,#2593,#1289,.T.);
#3178=EDGE_CURVE('',#2593,#2594,#2230,.T.);
#3179=EDGE_CURVE('',#2594,#2595,#1290,.T.);
#3180=EDGE_CURVE('',#2595,#2596,#2231,.T.);
#3181=EDGE_CURVE('',#2596,#2597,#1291,.T.);
#3182=EDGE_CURVE('',#2597,#2598,#2232,.T.);
#3183=EDGE_CURVE('',#2598,#2591,#1292,.T.);
#3184=EDGE_CURVE('',#2598,#2599,#1293,.T.);
#3185=EDGE_CURVE('',#2600,#2599,#1294,.T.);
#3186=EDGE_CURVE('',#2591,#2600,#1295,.T.);
#3187=EDGE_CURVE('',#2597,#2601,#1296,.T.);
#3188=EDGE_CURVE('',#2599,#2601,#2233,.T.);
#3189=EDGE_CURVE('',#2596,#2602,#1297,.T.);
#3190=EDGE_CURVE('',#2601,#2602,#1298,.T.);
#3191=EDGE_CURVE('',#2595,#2603,#1299,.T.);
#3192=EDGE_CURVE('',#2602,#2603,#2234,.T.);
#3193=EDGE_CURVE('',#2594,#2604,#1300,.T.);
#3194=EDGE_CURVE('',#2603,#2604,#1301,.T.);
#3195=EDGE_CURVE('',#2593,#2605,#1302,.T.);
#3196=EDGE_CURVE('',#2604,#2605,#2235,.T.);
#3197=EDGE_CURVE('',#2592,#2606,#1303,.T.);
#3198=EDGE_CURVE('',#2605,#2606,#1304,.T.);
#3199=EDGE_CURVE('',#2606,#2600,#2236,.T.);
#3200=EDGE_CURVE('',#2576,#2607,#1305,.T.);
#3201=EDGE_CURVE('',#2608,#2607,#1306,.T.);
#3202=EDGE_CURVE('',#2575,#2608,#1307,.T.);
#3203=EDGE_CURVE('',#2609,#2608,#2237,.T.);
#3204=EDGE_CURVE('',#2577,#2609,#1308,.T.);
#3205=EDGE_CURVE('',#2610,#2609,#1309,.T.);
#3206=EDGE_CURVE('',#2578,#2610,#1310,.T.);
#3207=EDGE_CURVE('',#2611,#2610,#2238,.T.);
#3208=EDGE_CURVE('',#2579,#2611,#1311,.T.);
#3209=EDGE_CURVE('',#2612,#2611,#1312,.T.);
#3210=EDGE_CURVE('',#2580,#2612,#1313,.T.);
#3211=EDGE_CURVE('',#2613,#2612,#2239,.T.);
#3212=EDGE_CURVE('',#2581,#2613,#1314,.T.);
#3213=EDGE_CURVE('',#2614,#2613,#1315,.T.);
#3214=EDGE_CURVE('',#2582,#2614,#1316,.T.);
#3215=EDGE_CURVE('',#2607,#2614,#2240,.T.);
#3216=EDGE_CURVE('',#2615,#2583,#2241,.T.);
#3217=EDGE_CURVE('',#2564,#2615,#1317,.T.);
#3218=EDGE_CURVE('',#2616,#2615,#1318,.T.);
#3219=EDGE_CURVE('',#2565,#2616,#1319,.T.);
#3220=EDGE_CURVE('',#2617,#2616,#2242,.T.);
#3221=EDGE_CURVE('',#2566,#2617,#1320,.T.);
#3222=EDGE_CURVE('',#2618,#2617,#1321,.T.);
#3223=EDGE_CURVE('',#2567,#2618,#1322,.T.);
#3224=EDGE_CURVE('',#2619,#2618,#2243,.T.);
#3225=EDGE_CURVE('',#2568,#2619,#1323,.T.);
#3226=EDGE_CURVE('',#2620,#2619,#1324,.T.);
#3227=EDGE_CURVE('',#2569,#2620,#1325,.T.);
#3228=EDGE_CURVE('',#2590,#2620,#2244,.T.);
#3229=EDGE_CURVE('',#2621,#2622,#2245,.T.);
#3230=EDGE_CURVE('',#2623,#2622,#1326,.T.);
#3231=EDGE_CURVE('',#2624,#2623,#2246,.T.);
#3232=EDGE_CURVE('',#2621,#2624,#1327,.T.);
#3233=EDGE_CURVE('',#2625,#2626,#2247,.T.);
#3234=EDGE_CURVE('',#2627,#2625,#1328,.T.);
#3235=EDGE_CURVE('',#2628,#2627,#2248,.T.);
#3236=EDGE_CURVE('',#2628,#2626,#1329,.T.);
#3237=EDGE_CURVE('',#2629,#2630,#1330,.T.);
#3238=EDGE_CURVE('',#2630,#2631,#1331,.T.);
#3239=EDGE_CURVE('',#2631,#2632,#1332,.T.);
#3240=EDGE_CURVE('',#2632,#2629,#1333,.T.);
#3241=EDGE_CURVE('',#2633,#2634,#1334,.T.);
#3242=EDGE_CURVE('',#2634,#2627,#98,.T.);
#3243=EDGE_CURVE('',#2625,#2635,#99,.T.);
#3244=EDGE_CURVE('',#2635,#2636,#1335,.T.);
#3245=EDGE_CURVE('',#2636,#2637,#158,.T.);
#3246=EDGE_CURVE('',#2637,#2638,#100,.T.);
#3247=EDGE_CURVE('',#2638,#2639,#1336,.T.);
#3248=EDGE_CURVE('',#2639,#2640,#101,.T.);
#3249=EDGE_CURVE('',#2640,#2633,#159,.T.);
#3250=EDGE_CURVE('',#2641,#2642,#1337,.T.);
#3251=EDGE_CURVE('',#2642,#2643,#1338,.T.);
#3252=EDGE_CURVE('',#2643,#2644,#1339,.T.);
#3253=EDGE_CURVE('',#2644,#2641,#1340,.T.);
#3254=EDGE_CURVE('',#2645,#2646,#1341,.T.);
#3255=EDGE_CURVE('',#2646,#2647,#1342,.T.);
#3256=EDGE_CURVE('',#2647,#2648,#1343,.T.);
#3257=EDGE_CURVE('',#2648,#2645,#1344,.T.);
#3258=EDGE_CURVE('',#2649,#2650,#1345,.T.);
#3259=EDGE_CURVE('',#2650,#2651,#1346,.T.);
#3260=EDGE_CURVE('',#2651,#2652,#1347,.T.);
#3261=EDGE_CURVE('',#2652,#2653,#1348,.T.);
#3262=EDGE_CURVE('',#2653,#2654,#1349,.T.);
#3263=EDGE_CURVE('',#2654,#2649,#1350,.T.);
#3264=EDGE_CURVE('',#2655,#2656,#1351,.T.);
#3265=EDGE_CURVE('',#2656,#2657,#1352,.T.);
#3266=EDGE_CURVE('',#2657,#2658,#1353,.T.);
#3267=EDGE_CURVE('',#2658,#2659,#1354,.T.);
#3268=EDGE_CURVE('',#2659,#2660,#1355,.T.);
#3269=EDGE_CURVE('',#2660,#2661,#1356,.T.);
#3270=EDGE_CURVE('',#2661,#2655,#1357,.T.);
#3271=EDGE_CURVE('',#2662,#2663,#1358,.T.);
#3272=EDGE_CURVE('',#2663,#2664,#1359,.T.);
#3273=EDGE_CURVE('',#2664,#2665,#1360,.T.);
#3274=EDGE_CURVE('',#2665,#2662,#1361,.T.);
#3275=EDGE_CURVE('',#2666,#2667,#1362,.T.);
#3276=EDGE_CURVE('',#2667,#2668,#1363,.T.);
#3277=EDGE_CURVE('',#2668,#2669,#1364,.T.);
#3278=EDGE_CURVE('',#2669,#2666,#1365,.T.);
#3279=EDGE_CURVE('',#2670,#2671,#2249,.T.);
#3280=EDGE_CURVE('',#2671,#2672,#1366,.T.);
#3281=EDGE_CURVE('',#2672,#2670,#1367,.T.);
#3282=EDGE_CURVE('',#2673,#2674,#1368,.T.);
#3283=EDGE_CURVE('',#2674,#2675,#1369,.T.);
#3284=EDGE_CURVE('',#2675,#2676,#1370,.T.);
#3285=EDGE_CURVE('',#2676,#2677,#1371,.T.);
#3286=EDGE_CURVE('',#2677,#2678,#1372,.T.);
#3287=EDGE_CURVE('',#2678,#2679,#1373,.T.);
#3288=EDGE_CURVE('',#2679,#2680,#1374,.T.);
#3289=EDGE_CURVE('',#2680,#2673,#1375,.T.);
#3290=EDGE_CURVE('',#2681,#2682,#1376,.T.);
#3291=EDGE_CURVE('',#2682,#2683,#1377,.T.);
#3292=EDGE_CURVE('',#2683,#2684,#1378,.T.);
#3293=EDGE_CURVE('',#2684,#2685,#1379,.T.);
#3294=EDGE_CURVE('',#2685,#2686,#1380,.T.);
#3295=EDGE_CURVE('',#2686,#2687,#1381,.T.);
#3296=EDGE_CURVE('',#2687,#2688,#1382,.T.);
#3297=EDGE_CURVE('',#2688,#2681,#1383,.T.);
#3298=EDGE_CURVE('',#2689,#2690,#1384,.T.);
#3299=EDGE_CURVE('',#2690,#2691,#1385,.T.);
#3300=EDGE_CURVE('',#2691,#2692,#1386,.T.);
#3301=EDGE_CURVE('',#2692,#2693,#1387,.T.);
#3302=EDGE_CURVE('',#2693,#2694,#1388,.T.);
#3303=EDGE_CURVE('',#2694,#2695,#1389,.T.);
#3304=EDGE_CURVE('',#2695,#2696,#1390,.T.);
#3305=EDGE_CURVE('',#2696,#2697,#1391,.T.);
#3306=EDGE_CURVE('',#2697,#2698,#1392,.T.);
#3307=EDGE_CURVE('',#2698,#2699,#1393,.T.);
#3308=EDGE_CURVE('',#2699,#2700,#1394,.T.);
#3309=EDGE_CURVE('',#2700,#2689,#1395,.T.);
#3310=EDGE_CURVE('',#2701,#2702,#1396,.T.);
#3311=EDGE_CURVE('',#2702,#2703,#1397,.T.);
#3312=EDGE_CURVE('',#2703,#2704,#1398,.T.);
#3313=EDGE_CURVE('',#2704,#2705,#1399,.T.);
#3314=EDGE_CURVE('',#2705,#2706,#1400,.T.);
#3315=EDGE_CURVE('',#2706,#2707,#1401,.T.);
#3316=EDGE_CURVE('',#2707,#2708,#1402,.T.);
#3317=EDGE_CURVE('',#2708,#2709,#1403,.T.);
#3318=EDGE_CURVE('',#2709,#2710,#1404,.T.);
#3319=EDGE_CURVE('',#2710,#2711,#1405,.T.);
#3320=EDGE_CURVE('',#2711,#2712,#1406,.T.);
#3321=EDGE_CURVE('',#2712,#2713,#1407,.T.);
#3322=EDGE_CURVE('',#2713,#2714,#1408,.T.);
#3323=EDGE_CURVE('',#2714,#2715,#1409,.T.);
#3324=EDGE_CURVE('',#2715,#2716,#1410,.T.);
#3325=EDGE_CURVE('',#2716,#2717,#1411,.T.);
#3326=EDGE_CURVE('',#2717,#2718,#1412,.T.);
#3327=EDGE_CURVE('',#2718,#2719,#1413,.T.);
#3328=EDGE_CURVE('',#2719,#2720,#1414,.T.);
#3329=EDGE_CURVE('',#2720,#2701,#1415,.T.);
#3330=EDGE_CURVE('',#2721,#2722,#1416,.T.);
#3331=EDGE_CURVE('',#2723,#2721,#2250,.T.);
#3332=EDGE_CURVE('',#2724,#2723,#1417,.T.);
#3333=EDGE_CURVE('',#2725,#2724,#2251,.T.);
#3334=EDGE_CURVE('',#2726,#2725,#1418,.T.);
#3335=EDGE_CURVE('',#2727,#2726,#2252,.T.);
#3336=EDGE_CURVE('',#2728,#2727,#1419,.T.);
#3337=EDGE_CURVE('',#2722,#2728,#2253,.T.);
#3338=EDGE_CURVE('',#2729,#2730,#1420,.T.);
#3339=EDGE_CURVE('',#2730,#2731,#1421,.T.);
#3340=EDGE_CURVE('',#2731,#2732,#1422,.T.);
#3341=EDGE_CURVE('',#2732,#2733,#1423,.T.);
#3342=EDGE_CURVE('',#2733,#2734,#1424,.T.);
#3343=EDGE_CURVE('',#2734,#2729,#1425,.T.);
#3344=EDGE_CURVE('',#2735,#2736,#1426,.T.);
#3345=EDGE_CURVE('',#2736,#2737,#1427,.T.);
#3346=EDGE_CURVE('',#2737,#2738,#1428,.T.);
#3347=EDGE_CURVE('',#2738,#2739,#1429,.T.);
#3348=EDGE_CURVE('',#2739,#2740,#1430,.T.);
#3349=EDGE_CURVE('',#2740,#2741,#1431,.T.);
#3350=EDGE_CURVE('',#2741,#2735,#1432,.T.);
#3351=EDGE_CURVE('',#2742,#2743,#1433,.T.);
#3352=EDGE_CURVE('',#2743,#2744,#1434,.T.);
#3353=EDGE_CURVE('',#2744,#2745,#1435,.T.);
#3354=EDGE_CURVE('',#2745,#2742,#1436,.T.);
#3355=EDGE_CURVE('',#2746,#2747,#1437,.T.);
#3356=EDGE_CURVE('',#2747,#2748,#1438,.T.);
#3357=EDGE_CURVE('',#2749,#2748,#1439,.T.);
#3358=EDGE_CURVE('',#2749,#2746,#1440,.T.);
#3359=EDGE_CURVE('',#2750,#2751,#1441,.T.);
#3360=EDGE_CURVE('',#2750,#2752,#1442,.T.);
#3361=EDGE_CURVE('',#2752,#2753,#1443,.T.);
#3362=EDGE_CURVE('',#2753,#2751,#1444,.T.);
#3363=EDGE_CURVE('',#2748,#2750,#1445,.T.);
#3364=EDGE_CURVE('',#2751,#2749,#1446,.T.);
#3365=EDGE_CURVE('',#2754,#2755,#1447,.T.);
#3366=EDGE_CURVE('',#2755,#2756,#1448,.T.);
#3367=EDGE_CURVE('',#2757,#2756,#1449,.T.);
#3368=EDGE_CURVE('',#2757,#2754,#1450,.T.);
#3369=EDGE_CURVE('',#2758,#2759,#1451,.T.);
#3370=EDGE_CURVE('',#2758,#2760,#1452,.T.);
#3371=EDGE_CURVE('',#2760,#2761,#1453,.T.);
#3372=EDGE_CURVE('',#2761,#2759,#1454,.T.);
#3373=EDGE_CURVE('',#2756,#2758,#1455,.T.);
#3374=EDGE_CURVE('',#2759,#2757,#1456,.T.);
#3375=EDGE_CURVE('',#2762,#2763,#2254,.T.);
#3376=EDGE_CURVE('',#2763,#2764,#1457,.T.);
#3377=EDGE_CURVE('',#2764,#2762,#1458,.T.);
#3378=EDGE_CURVE('',#2670,#2703,#102,.T.);
#3379=EDGE_CURVE('',#2702,#2765,#103,.T.);
#3380=EDGE_CURVE('',#2766,#2765,#2255,.T.);
#3381=EDGE_CURVE('',#2766,#2682,#104,.T.);
#3382=EDGE_CURVE('',#2681,#2671,#105,.T.);
#3383=EDGE_CURVE('',#2762,#2674,#106,.T.);
#3384=EDGE_CURVE('',#2673,#2767,#107,.T.);
#3385=EDGE_CURVE('',#2768,#2767,#2256,.T.);
#3386=EDGE_CURVE('',#2768,#2717,#108,.T.);
#3387=EDGE_CURVE('',#2716,#2763,#109,.T.);
#3388=EDGE_CURVE('',#2765,#2769,#1459,.T.);
#3389=EDGE_CURVE('',#2769,#2766,#1460,.T.);
#3390=EDGE_CURVE('',#2767,#2770,#1461,.T.);
#3391=EDGE_CURVE('',#2770,#2768,#1462,.T.);
#3392=EDGE_CURVE('',#2771,#2772,#1463,.T.);
#3393=EDGE_CURVE('',#2772,#2773,#1464,.T.);
#3394=EDGE_CURVE('',#2773,#2774,#1465,.T.);
#3395=EDGE_CURVE('',#2774,#2771,#1466,.T.);
#3396=EDGE_CURVE('',#2775,#2776,#1467,.T.);
#3397=EDGE_CURVE('',#2776,#2777,#1468,.T.);
#3398=EDGE_CURVE('',#2777,#2778,#1469,.T.);
#3399=EDGE_CURVE('',#2778,#2779,#1470,.T.);
#3400=EDGE_CURVE('',#2780,#2779,#1471,.T.);
#3401=EDGE_CURVE('',#2642,#2780,#1472,.T.);
#3402=EDGE_CURVE('',#2775,#2641,#1473,.T.);
#3403=EDGE_CURVE('',#2781,#2782,#1474,.T.);
#3404=EDGE_CURVE('',#2782,#2783,#1475,.T.);
#3405=EDGE_CURVE('',#2784,#2783,#1476,.T.);
#3406=EDGE_CURVE('',#2644,#2784,#1477,.T.);
#3407=EDGE_CURVE('',#2785,#2643,#1478,.T.);
#3408=EDGE_CURVE('',#2785,#2786,#1479,.T.);
#3409=EDGE_CURVE('',#2786,#2781,#1480,.T.);
#3410=EDGE_CURVE('',#2787,#2788,#1481,.T.);
#3411=EDGE_CURVE('',#2788,#2789,#1482,.T.);
#3412=EDGE_CURVE('',#2790,#2789,#1483,.T.);
#3413=EDGE_CURVE('',#2648,#2790,#1484,.T.);
#3414=EDGE_CURVE('',#2791,#2647,#1485,.T.);
#3415=EDGE_CURVE('',#2791,#2792,#1486,.T.);
#3416=EDGE_CURVE('',#2792,#2787,#1487,.T.);
#3417=EDGE_CURVE('',#2793,#2794,#1488,.T.);
#3418=EDGE_CURVE('',#2794,#2795,#1489,.T.);
#3419=EDGE_CURVE('',#2795,#2796,#1490,.T.);
#3420=EDGE_CURVE('',#2796,#2797,#1491,.T.);
#3421=EDGE_CURVE('',#2798,#2797,#1492,.T.);
#3422=EDGE_CURVE('',#2646,#2798,#1493,.T.);
#3423=EDGE_CURVE('',#2793,#2645,#1494,.T.);
#3424=EDGE_CURVE('',#2789,#2776,#1495,.T.);
#3425=EDGE_CURVE('',#2790,#2775,#1496,.T.);
#3426=EDGE_CURVE('',#2783,#2794,#1497,.T.);
#3427=EDGE_CURVE('',#2784,#2793,#1498,.T.);
#3428=EDGE_CURVE('',#2797,#2786,#1499,.T.);
#3429=EDGE_CURVE('',#2798,#2785,#1500,.T.);
#3430=EDGE_CURVE('',#2779,#2792,#1501,.T.);
#3431=EDGE_CURVE('',#2780,#2791,#1502,.T.);
#3432=EDGE_CURVE('',#2799,#2800,#1503,.T.);
#3433=EDGE_CURVE('',#2799,#2801,#110,.T.);
#3434=EDGE_CURVE('',#2801,#2800,#111,.T.);
#3435=EDGE_CURVE('',#2802,#2803,#112,.T.);
#3436=EDGE_CURVE('',#2803,#2804,#113,.T.);
#3437=EDGE_CURVE('',#2804,#2802,#1504,.T.);
#3438=EDGE_CURVE('',#2804,#2799,#1505,.T.);
#3439=EDGE_CURVE('',#2800,#2802,#1506,.T.);
#3440=EDGE_CURVE('',#2805,#2806,#114,.T.);
#3441=EDGE_CURVE('',#2806,#2807,#1507,.T.);
#3442=EDGE_CURVE('',#2807,#2808,#2257,.T.);
#3443=EDGE_CURVE('',#2808,#2809,#160,.T.);
#3444=EDGE_CURVE('',#2809,#2810,#161,.T.);
#3445=EDGE_CURVE('',#2810,#2811,#1508,.T.);
#3446=EDGE_CURVE('',#2811,#2812,#162,.T.);
#3447=EDGE_CURVE('',#2812,#2813,#163,.T.);
#3448=EDGE_CURVE('',#2813,#2814,#2258,.T.);
#3449=EDGE_CURVE('',#2814,#2815,#1509,.T.);
#3450=EDGE_CURVE('',#2815,#2816,#115,.T.);
#3451=EDGE_CURVE('',#2816,#2805,#1510,.T.);
#3452=EDGE_CURVE('',#2817,#2818,#1511,.T.);
#3453=EDGE_CURVE('',#2818,#2819,#116,.T.);
#3454=EDGE_CURVE('',#2819,#2820,#1512,.T.);
#3455=EDGE_CURVE('',#2820,#2623,#117,.T.);
#3456=EDGE_CURVE('',#2622,#2821,#118,.T.);
#3457=EDGE_CURVE('',#2821,#2822,#1513,.T.);
#3458=EDGE_CURVE('',#2822,#2817,#119,.T.);
#3459=EDGE_CURVE('',#2823,#2624,#1514,.T.);
#3460=EDGE_CURVE('',#2624,#2824,#120,.T.);
#3461=EDGE_CURVE('',#2825,#2824,#1515,.T.);
#3462=EDGE_CURVE('',#2823,#2825,#2259,.T.);
#3463=EDGE_CURVE('',#2826,#2621,#1516,.T.);
#3464=EDGE_CURVE('',#2826,#2823,#1517,.T.);
#3465=EDGE_CURVE('',#2827,#2828,#1518,.T.);
#3466=EDGE_CURVE('',#2828,#2621,#121,.T.);
#3467=EDGE_CURVE('',#2827,#2826,#2260,.T.);
#3468=EDGE_CURVE('',#2829,#2830,#1519,.T.);
#3469=EDGE_CURVE('',#2830,#2828,#1520,.T.);
#3470=EDGE_CURVE('',#2829,#2827,#1521,.T.);
#3471=EDGE_CURVE('',#2831,#2832,#1522,.T.);
#3472=EDGE_CURVE('',#2832,#2830,#122,.T.);
#3473=EDGE_CURVE('',#2831,#2829,#2261,.T.);
#3474=EDGE_CURVE('',#2833,#2834,#1523,.T.);
#3475=EDGE_CURVE('',#2834,#2832,#1524,.T.);
#3476=EDGE_CURVE('',#2833,#2831,#1525,.T.);
#3477=EDGE_CURVE('',#2835,#2836,#1526,.T.);
#3478=EDGE_CURVE('',#2836,#2834,#123,.T.);
#3479=EDGE_CURVE('',#2835,#2833,#2262,.T.);
#3480=EDGE_CURVE('',#2824,#2836,#1527,.T.);
#3481=EDGE_CURVE('',#2825,#2835,#1528,.T.);
#3482=EDGE_CURVE('',#2837,#2721,#1529,.T.);
#3483=EDGE_CURVE('',#2838,#2837,#2263,.T.);
#3484=EDGE_CURVE('',#2838,#2723,#1530,.T.);
#3485=EDGE_CURVE('',#2839,#2838,#1531,.T.);
#3486=EDGE_CURVE('',#2839,#2724,#1532,.T.);
#3487=EDGE_CURVE('',#2840,#2839,#2264,.T.);
#3488=EDGE_CURVE('',#2840,#2725,#1533,.T.);
#3489=EDGE_CURVE('',#2841,#2840,#1534,.T.);
#3490=EDGE_CURVE('',#2841,#2726,#1535,.T.);
#3491=EDGE_CURVE('',#2842,#2841,#2265,.T.);
#3492=EDGE_CURVE('',#2842,#2727,#1536,.T.);
#3493=EDGE_CURVE('',#2843,#2842,#1537,.T.);
#3494=EDGE_CURVE('',#2843,#2728,#1538,.T.);
#3495=EDGE_CURVE('',#2844,#2843,#2266,.T.);
#3496=EDGE_CURVE('',#2844,#2722,#1539,.T.);
#3497=EDGE_CURVE('',#2837,#2844,#1540,.T.);
#3498=EDGE_CURVE('',#2787,#2739,#2267,.T.);
#3499=EDGE_CURVE('',#2740,#2792,#164,.T.);
#3500=EDGE_CURVE('',#2741,#2779,#165,.T.);
#3501=EDGE_CURVE('',#2787,#2662,#2268,.T.);
#3502=EDGE_CURVE('',#2662,#2739,#2269,.T.);
#3503=EDGE_CURVE('',#2735,#2778,#2270,.T.);
#3504=EDGE_CURVE('',#2663,#2738,#2271,.T.);
#3505=EDGE_CURVE('',#2788,#2665,#2272,.T.);
#3506=EDGE_CURVE('',#2658,#2788,#2273,.T.);
#3507=EDGE_CURVE('',#2789,#2657,#166,.T.);
#3508=EDGE_CURVE('',#2776,#2656,#167,.T.);
#3509=EDGE_CURVE('',#2735,#2666,#2274,.T.);
#3510=EDGE_CURVE('',#2666,#2778,#2275,.T.);
#3511=EDGE_CURVE('',#2663,#2742,#2276,.T.);
#3512=EDGE_CURVE('',#2742,#2738,#2277,.T.);
#3513=EDGE_CURVE('',#2658,#2665,#2278,.T.);
#3514=EDGE_CURVE('',#2777,#2655,#2279,.T.);
#3515=EDGE_CURVE('',#2667,#2777,#2280,.T.);
#3516=EDGE_CURVE('',#2736,#2669,#2281,.T.);
#3517=EDGE_CURVE('',#2737,#2632,#2282,.T.);
#3518=EDGE_CURVE('',#2629,#2736,#2283,.T.);
#3519=EDGE_CURVE('',#2743,#2737,#2284,.T.);
#3520=EDGE_CURVE('',#2664,#2745,#2285,.T.);
#3521=EDGE_CURVE('',#2659,#2664,#2286,.T.);
#3522=EDGE_CURVE('',#2667,#2655,#2287,.T.);
#3523=EDGE_CURVE('',#2629,#2669,#2288,.T.);
#3524=EDGE_CURVE('',#2743,#2632,#2289,.T.);
#3525=EDGE_CURVE('',#2659,#2745,#2290,.T.);
#3526=EDGE_CURVE('',#2668,#2661,#2291,.T.);
#3527=EDGE_CURVE('',#2630,#2668,#2292,.T.);
#3528=EDGE_CURVE('',#2744,#2631,#2293,.T.);
#3529=EDGE_CURVE('',#2660,#2744,#2294,.T.);
#3530=EDGE_CURVE('',#2630,#2661,#2295,.T.);
#3531=EDGE_CURVE('',#2660,#2631,#2296,.T.);
#3532=EDGE_CURVE('',#2770,#2680,#2297,.T.);
#3533=EDGE_CURVE('',#2718,#2770,#2298,.T.);
#3534=EDGE_CURVE('',#2764,#2715,#2299,.T.);
#3535=EDGE_CURVE('',#2675,#2764,#2300,.T.);
#3536=EDGE_CURVE('',#2718,#2680,#2301,.T.);
#3537=EDGE_CURVE('',#2675,#2715,#2302,.T.);
#3538=EDGE_CURVE('',#2719,#2679,#2303,.T.);
#3539=EDGE_CURVE('',#2769,#2701,#2304,.T.);
#3540=EDGE_CURVE('',#2683,#2769,#2305,.T.);
#3541=EDGE_CURVE('',#2676,#2714,#2306,.T.);
#3542=EDGE_CURVE('',#2677,#2754,#2307,.T.);
#3543=EDGE_CURVE('',#2755,#2676,#2308,.T.);
#3544=EDGE_CURVE('',#2677,#2700,#2309,.T.);
#3545=EDGE_CURVE('',#2700,#2754,#2310,.T.);
#3546=EDGE_CURVE('',#2719,#2774,#2311,.T.);
#3547=EDGE_CURVE('',#2774,#2679,#2312,.T.);
#3548=EDGE_CURVE('',#2683,#2701,#2313,.T.);
#3549=EDGE_CURVE('',#2755,#2714,#2314,.T.);
#3550=EDGE_CURVE('',#2689,#2757,#168,.T.);
#3551=EDGE_CURVE('',#2678,#2699,#2315,.T.);
#3552=EDGE_CURVE('',#2771,#2678,#2316,.T.);
#3553=EDGE_CURVE('',#2720,#2773,#2317,.T.);
#3554=EDGE_CURVE('',#2684,#2720,#2318,.T.);
#3555=EDGE_CURVE('',#2756,#2713,#169,.T.);
#3556=EDGE_CURVE('',#2690,#2759,#170,.T.);
#3557=EDGE_CURVE('',#2771,#2699,#2319,.T.);
#3558=EDGE_CURVE('',#2684,#2773,#2320,.T.);
#3559=EDGE_CURVE('',#2758,#2712,#171,.T.);
#3560=EDGE_CURVE('',#2691,#2761,#2321,.T.);
#3561=EDGE_CURVE('',#2772,#2698,#2322,.T.);
#3562=EDGE_CURVE('',#2685,#2772,#2323,.T.);
#3563=EDGE_CURVE('',#2672,#2688,#2324,.T.);
#3564=EDGE_CURVE('',#2704,#2672,#2325,.T.);
#3565=EDGE_CURVE('',#2760,#2711,#2326,.T.);
#3566=EDGE_CURVE('',#2761,#2653,#2327,.T.);
#3567=EDGE_CURVE('',#2654,#2760,#2328,.T.);
#3568=EDGE_CURVE('',#2691,#2653,#2329,.T.);
#3569=EDGE_CURVE('',#2685,#2698,#2330,.T.);
#3570=EDGE_CURVE('',#2704,#2688,#2331,.T.);
#3571=EDGE_CURVE('',#2654,#2711,#2332,.T.);
#3572=EDGE_CURVE('',#2786,#2650,#172,.T.);
#3573=EDGE_CURVE('',#2651,#2797,#173,.T.);
#3574=EDGE_CURVE('',#2652,#2796,#2333,.T.);
#3575=EDGE_CURVE('',#2692,#2652,#2334,.T.);
#3576=EDGE_CURVE('',#2686,#2697,#2335,.T.);
#3577=EDGE_CURVE('',#2687,#2752,#2336,.T.);
#3578=EDGE_CURVE('',#2753,#2686,#2337,.T.);
#3579=EDGE_CURVE('',#2705,#2687,#2338,.T.);
#3580=EDGE_CURVE('',#2649,#2710,#2339,.T.);
#3581=EDGE_CURVE('',#2781,#2649,#2340,.T.);
#3582=EDGE_CURVE('',#2692,#2796,#2341,.T.);
#3583=EDGE_CURVE('',#2753,#2697,#2342,.T.);
#3584=EDGE_CURVE('',#2705,#2752,#2343,.T.);
#3585=EDGE_CURVE('',#2781,#2710,#2344,.T.);
#3586=EDGE_CURVE('',#2729,#2783,#174,.T.);
#3587=EDGE_CURVE('',#2794,#2734,#175,.T.);
#3588=EDGE_CURVE('',#2795,#2733,#2345,.T.);
#3589=EDGE_CURVE('',#2693,#2795,#2346,.T.);
#3590=EDGE_CURVE('',#2751,#2696,#176,.T.);
#3591=EDGE_CURVE('',#2706,#2750,#177,.T.);
#3592=EDGE_CURVE('',#2782,#2709,#2347,.T.);
#3593=EDGE_CURVE('',#2730,#2782,#2348,.T.);
#3594=EDGE_CURVE('',#2693,#2733,#2349,.T.);
#3595=EDGE_CURVE('',#2749,#2695,#178,.T.);
#3596=EDGE_CURVE('',#2707,#2748,#179,.T.);
#3597=EDGE_CURVE('',#2730,#2709,#2350,.T.);
#3598=EDGE_CURVE('',#2694,#2732,#2351,.T.);
#3599=EDGE_CURVE('',#2746,#2694,#2352,.T.);
#3600=EDGE_CURVE('',#2708,#2747,#2353,.T.);
#3601=EDGE_CURVE('',#2731,#2708,#2354,.T.);
#3602=EDGE_CURVE('',#2746,#2732,#2355,.T.);
#3603=EDGE_CURVE('',#2731,#2747,#2356,.T.);
#3604=EDGE_CURVE('',#2626,#2845,#124,.T.);
#3605=EDGE_CURVE('',#2635,#2845,#2357,.T.);
#3606=EDGE_CURVE('',#2846,#2634,#2358,.T.);
#3607=EDGE_CURVE('',#2846,#2628,#125,.T.);
#3608=EDGE_CURVE('',#2845,#2847,#1541,.T.);
#3609=EDGE_CURVE('',#2636,#2847,#2359,.T.);
#3610=EDGE_CURVE('',#2848,#2633,#2360,.T.);
#3611=EDGE_CURVE('',#2848,#2846,#1542,.T.);
#3612=EDGE_CURVE('',#2847,#2849,#2361,.T.);
#3613=EDGE_CURVE('',#2637,#2849,#2362,.T.);
#3614=EDGE_CURVE('',#2850,#2640,#2363,.T.);
#3615=EDGE_CURVE('',#2850,#2848,#2364,.T.);
#3616=EDGE_CURVE('',#2849,#2803,#126,.T.);
#3617=EDGE_CURVE('',#2638,#2802,#2365,.T.);
#3618=EDGE_CURVE('',#2801,#2850,#127,.T.);
#3619=EDGE_CURVE('',#2800,#2639,#2366,.T.);
#3620=EDGE_CURVE('',#2814,#2847,#2367,.T.);
#3621=EDGE_CURVE('',#2849,#2813,#2368,.T.);
#3622=EDGE_CURVE('',#2803,#2812,#2369,.T.);
#3623=EDGE_CURVE('',#2815,#2845,#2370,.T.);
#3624=EDGE_CURVE('',#2804,#2811,#2371,.T.);
#3625=EDGE_CURVE('',#2816,#2626,#2372,.T.);
#3626=EDGE_CURVE('',#2799,#2810,#2373,.T.);
#3627=EDGE_CURVE('',#2805,#2628,#2374,.T.);
#3628=EDGE_CURVE('',#2801,#2809,#2375,.T.);
#3629=EDGE_CURVE('',#2806,#2846,#2376,.T.);
#3630=EDGE_CURVE('',#2850,#2808,#2377,.T.);
#3631=EDGE_CURVE('',#2807,#2848,#2378,.T.);
#3632=EDGE_CURVE('',#2821,#2828,#2379,.T.);
#3633=EDGE_CURVE('',#2822,#2830,#2380,.T.);
#3634=EDGE_CURVE('',#2824,#2820,#2381,.T.);
#3635=EDGE_CURVE('',#2817,#2832,#2382,.T.);
#3636=EDGE_CURVE('',#2836,#2819,#2383,.T.);
#3637=EDGE_CURVE('',#2818,#2834,#2384,.T.);
#3638=EDGE_CURVE('',#2851,#2852,#1543,.T.);
#3639=EDGE_CURVE('',#2852,#2853,#1544,.T.);
#3640=EDGE_CURVE('',#2854,#2853,#1545,.T.);
#3641=EDGE_CURVE('',#2855,#2854,#1546,.T.);
#3642=EDGE_CURVE('',#2855,#2856,#1547,.T.);
#3643=EDGE_CURVE('',#2851,#2856,#1548,.T.);
#3644=EDGE_CURVE('',#2857,#2858,#1549,.T.);
#3645=EDGE_CURVE('',#2858,#2859,#2385,.T.);
#3646=EDGE_CURVE('',#2859,#2860,#1550,.T.);
#3647=EDGE_CURVE('',#2860,#2861,#2386,.T.);
#3648=EDGE_CURVE('',#2861,#2862,#1551,.T.);
#3649=EDGE_CURVE('',#2862,#2863,#2387,.T.);
#3650=EDGE_CURVE('',#2863,#2864,#1552,.T.);
#3651=EDGE_CURVE('',#2864,#2857,#2388,.T.);
#3652=EDGE_CURVE('',#2865,#2866,#1553,.T.);
#3653=EDGE_CURVE('',#2867,#2865,#2389,.T.);
#3654=EDGE_CURVE('',#2868,#2867,#1554,.T.);
#3655=EDGE_CURVE('',#2869,#2868,#2390,.T.);
#3656=EDGE_CURVE('',#2870,#2869,#1555,.T.);
#3657=EDGE_CURVE('',#2871,#2870,#2391,.T.);
#3658=EDGE_CURVE('',#2872,#2871,#1556,.T.);
#3659=EDGE_CURVE('',#2866,#2872,#2392,.T.);
#3660=EDGE_CURVE('',#2873,#2874,#1557,.T.);
#3661=EDGE_CURVE('',#2873,#2875,#1558,.T.);
#3662=EDGE_CURVE('',#2875,#2876,#1559,.T.);
#3663=EDGE_CURVE('',#2874,#2876,#1560,.T.);
#3664=EDGE_CURVE('',#2877,#2878,#1561,.T.);
#3665=EDGE_CURVE('',#2878,#2858,#1562,.T.);
#3666=EDGE_CURVE('',#2857,#2877,#1563,.T.);
#3667=EDGE_CURVE('',#2859,#2879,#1564,.T.);
#3668=EDGE_CURVE('',#2879,#2880,#1565,.T.);
#3669=EDGE_CURVE('',#2880,#2860,#1566,.T.);
#3670=EDGE_CURVE('',#2861,#2881,#1567,.T.);
#3671=EDGE_CURVE('',#2881,#2882,#1568,.T.);
#3672=EDGE_CURVE('',#2882,#2862,#1569,.T.);
#3673=EDGE_CURVE('',#2863,#2883,#1570,.T.);
#3674=EDGE_CURVE('',#2883,#2884,#1571,.T.);
#3675=EDGE_CURVE('',#2884,#2864,#1572,.T.);
#3676=EDGE_CURVE('',#2879,#2878,#2393,.T.);
#3677=EDGE_CURVE('',#2877,#2884,#2394,.T.);
#3678=EDGE_CURVE('',#2883,#2882,#2395,.T.);
#3679=EDGE_CURVE('',#2881,#2880,#2396,.T.);
#3680=EDGE_CURVE('',#2885,#2865,#1573,.T.);
#3681=EDGE_CURVE('',#2885,#2886,#2397,.T.);
#3682=EDGE_CURVE('',#2886,#2867,#1574,.T.);
#3683=EDGE_CURVE('',#2887,#2866,#1575,.T.);
#3684=EDGE_CURVE('',#2887,#2885,#1576,.T.);
#3685=EDGE_CURVE('',#2888,#2872,#1577,.T.);
#3686=EDGE_CURVE('',#2888,#2887,#2398,.T.);
#3687=EDGE_CURVE('',#2889,#2871,#1578,.T.);
#3688=EDGE_CURVE('',#2889,#2888,#1579,.T.);
#3689=EDGE_CURVE('',#2890,#2870,#1580,.T.);
#3690=EDGE_CURVE('',#2890,#2889,#2399,.T.);
#3691=EDGE_CURVE('',#2891,#2869,#1581,.T.);
#3692=EDGE_CURVE('',#2891,#2890,#1582,.T.);
#3693=EDGE_CURVE('',#2892,#2868,#1583,.T.);
#3694=EDGE_CURVE('',#2892,#2891,#2400,.T.);
#3695=EDGE_CURVE('',#2886,#2892,#1584,.T.);
#3696=EDGE_CURVE('',#2893,#2894,#1585,.T.);
#3697=EDGE_CURVE('',#2894,#2895,#1586,.T.);
#3698=EDGE_CURVE('',#2895,#2896,#1587,.T.);
#3699=EDGE_CURVE('',#2896,#2893,#1588,.T.);
#3700=EDGE_CURVE('',#2885,#2896,#2401,.T.);
#3701=EDGE_CURVE('',#2893,#2887,#2402,.T.);
#3702=EDGE_CURVE('',#2893,#2888,#2403,.T.);
#3703=EDGE_CURVE('',#2886,#2896,#2404,.T.);
#3704=EDGE_CURVE('',#2894,#2889,#2405,.T.);
#3705=EDGE_CURVE('',#2892,#2895,#2406,.T.);
#3706=EDGE_CURVE('',#2894,#2890,#2407,.T.);
#3707=EDGE_CURVE('',#2891,#2895,#2408,.T.);
#3708=EDGE_CURVE('',#2856,#2873,#1589,.T.);
#3709=EDGE_CURVE('',#2897,#2855,#1590,.T.);
#3710=EDGE_CURVE('',#2897,#2898,#1591,.T.);
#3711=EDGE_CURVE('',#2899,#2898,#1592,.T.);
#3712=EDGE_CURVE('',#2900,#2899,#1593,.T.);
#3713=EDGE_CURVE('',#2900,#2875,#1594,.T.);
#3714=EDGE_CURVE('',#2901,#2902,#1595,.T.);
#3715=EDGE_CURVE('',#2852,#2901,#1596,.T.);
#3716=EDGE_CURVE('',#2874,#2851,#1597,.T.);
#3717=EDGE_CURVE('',#2876,#2903,#1598,.T.);
#3718=EDGE_CURVE('',#2904,#2903,#1599,.T.);
#3719=EDGE_CURVE('',#2902,#2904,#1600,.T.);
#3720=EDGE_CURVE('',#2905,#2906,#1601,.T.);
#3721=EDGE_CURVE('',#2905,#2904,#1602,.T.);
#3722=EDGE_CURVE('',#2903,#2900,#1603,.T.);
#3723=EDGE_CURVE('',#2899,#2906,#1604,.T.);
#3724=EDGE_CURVE('',#2907,#2908,#1605,.T.);
#3725=EDGE_CURVE('',#2854,#2907,#1606,.T.);
#3726=EDGE_CURVE('',#2853,#2909,#1607,.T.);
#3727=EDGE_CURVE('',#2909,#2910,#1608,.T.);
#3728=EDGE_CURVE('',#2910,#2905,#1609,.T.);
#3729=EDGE_CURVE('',#2908,#2906,#1610,.T.);
#3730=EDGE_CURVE('',#2897,#2907,#1611,.T.);
#3731=EDGE_CURVE('',#2898,#2908,#1612,.T.);
#3732=EDGE_CURVE('',#2911,#2901,#1613,.T.);
#3733=EDGE_CURVE('',#2911,#2912,#1614,.T.);
#3734=EDGE_CURVE('',#2912,#2909,#1615,.T.);
#3735=EDGE_CURVE('',#2912,#2913,#1616,.T.);
#3736=EDGE_CURVE('',#2913,#2910,#1617,.T.);
#3737=EDGE_CURVE('',#2913,#2914,#1618,.T.);
#3738=EDGE_CURVE('',#2914,#2902,#1619,.T.);
#3739=EDGE_CURVE('',#2914,#2911,#1620,.T.);
#3740=EDGE_CURVE('',#2915,#2915,#2409,.T.);
#3741=EDGE_CURVE('',#2915,#2916,#1621,.T.);
#3742=EDGE_CURVE('',#2917,#2916,#2410,.T.);
#3743=EDGE_CURVE('',#2917,#2918,#2411,.T.);
#3744=EDGE_CURVE('',#2916,#2918,#2412,.T.);
#3745=EDGE_CURVE('',#2918,#2917,#128,.T.);
#3746=EDGE_CURVE('',#2919,#2920,#129,.T.);
#3747=EDGE_CURVE('',#2920,#2919,#2413,.T.);
#3748=EDGE_CURVE('',#2921,#2921,#2414,.T.);
#3749=EDGE_CURVE('',#2921,#2922,#1622,.T.);
#3750=EDGE_CURVE('',#2920,#2922,#2415,.T.);
#3751=EDGE_CURVE('',#2922,#2919,#2416,.T.);
#3752=EDGE_CURVE('',#2923,#2924,#130,.T.);
#3753=EDGE_CURVE('',#2924,#2923,#2417,.T.);
#3754=EDGE_CURVE('',#2925,#2925,#2418,.T.);
#3755=EDGE_CURVE('',#2925,#2926,#1623,.T.);
#3756=EDGE_CURVE('',#2924,#2926,#2419,.T.);
#3757=EDGE_CURVE('',#2926,#2923,#2420,.T.);
#3758=EDGE_CURVE('',#2927,#2927,#2421,.T.);
#3759=EDGE_CURVE('',#2927,#2928,#1624,.T.);
#3760=EDGE_CURVE('',#2929,#2928,#2422,.T.);
#3761=EDGE_CURVE('',#2929,#2930,#2423,.T.);
#3762=EDGE_CURVE('',#2928,#2930,#2424,.T.);
#3763=EDGE_CURVE('',#2930,#2929,#131,.T.);
#3764=EDGE_CURVE('',#2931,#2931,#2425,.T.);
#3765=EDGE_CURVE('',#2932,#2932,#2426,.T.);
#3766=EDGE_CURVE('',#2933,#2933,#2427,.T.);
#3767=EDGE_CURVE('',#2934,#2918,#132,.T.);
#3768=EDGE_CURVE('',#2935,#2934,#133,.T.);
#3769=EDGE_CURVE('',#2935,#2936,#2428,.T.);
#3770=EDGE_CURVE('',#2936,#2937,#2429,.T.);
#3771=EDGE_CURVE('',#2938,#2937,#134,.T.);
#3772=EDGE_CURVE('',#2929,#2938,#135,.T.);
#3773=EDGE_CURVE('',#2920,#2930,#136,.T.);
#3774=EDGE_CURVE('',#2939,#2919,#137,.T.);
#3775=EDGE_CURVE('',#2940,#2939,#138,.T.);
#3776=EDGE_CURVE('',#2940,#2941,#2430,.T.);
#3777=EDGE_CURVE('',#2941,#2942,#2431,.T.);
#3778=EDGE_CURVE('',#2943,#2942,#139,.T.);
#3779=EDGE_CURVE('',#2924,#2943,#140,.T.);
#3780=EDGE_CURVE('',#2917,#2923,#141,.T.);
#3781=EDGE_CURVE('',#2944,#2944,#2432,.T.);
#3782=EDGE_CURVE('',#2944,#2933,#1625,.T.);
#3783=EDGE_CURVE('',#2945,#2945,#2433,.T.);
#3784=EDGE_CURVE('',#2945,#2932,#1626,.T.);
#3785=EDGE_CURVE('',#2946,#2946,#2434,.T.);
#3786=EDGE_CURVE('',#2946,#2936,#1627,.T.);
#3787=EDGE_CURVE('',#2935,#2937,#2435,.T.);
#3788=EDGE_CURVE('',#2937,#2935,#142,.T.);
#3789=EDGE_CURVE('',#2942,#2940,#143,.T.);
#3790=EDGE_CURVE('',#2940,#2942,#2436,.T.);
#3791=EDGE_CURVE('',#2947,#2947,#2437,.T.);
#3792=EDGE_CURVE('',#2947,#2941,#1628,.T.);
#3793=EDGE_CURVE('',#2948,#2949,#2438,.T.);
#3794=EDGE_CURVE('',#2949,#2950,#1629,.T.);
#3795=EDGE_CURVE('',#2950,#2951,#2439,.T.);
#3796=EDGE_CURVE('',#2951,#2948,#1630,.T.);
#3797=EDGE_CURVE('',#2952,#2951,#1631,.T.);
#3798=EDGE_CURVE('',#2953,#2952,#1632,.T.);
#3799=EDGE_CURVE('',#2948,#2953,#1633,.T.);
#3800=EDGE_CURVE('',#2950,#2954,#1634,.T.);
#3801=EDGE_CURVE('',#2955,#2954,#2440,.T.);
#3802=EDGE_CURVE('',#2955,#2956,#1635,.T.);
#3803=EDGE_CURVE('',#2957,#2956,#2441,.T.);
#3804=EDGE_CURVE('',#2957,#2958,#1636,.T.);
#3805=EDGE_CURVE('',#2952,#2958,#2442,.T.);
#3806=EDGE_CURVE('',#2959,#2960,#2443,.T.);
#3807=EDGE_CURVE('',#2961,#2959,#1637,.T.);
#3808=EDGE_CURVE('',#2962,#2961,#2444,.T.);
#3809=EDGE_CURVE('',#2960,#2962,#1638,.T.);
#3810=EDGE_CURVE('',#2963,#2964,#2445,.T.);
#3811=EDGE_CURVE('',#2965,#2963,#1639,.T.);
#3812=EDGE_CURVE('',#2966,#2965,#2446,.T.);
#3813=EDGE_CURVE('',#2964,#2966,#1640,.T.);
#3814=EDGE_CURVE('',#2967,#2968,#2447,.T.);
#3815=EDGE_CURVE('',#2969,#2967,#1641,.T.);
#3816=EDGE_CURVE('',#2970,#2969,#2448,.T.);
#3817=EDGE_CURVE('',#2968,#2970,#1642,.T.);
#3818=EDGE_CURVE('',#2971,#2971,#2449,.T.);
#3819=EDGE_CURVE('',#2972,#2972,#2450,.T.);
#3820=EDGE_CURVE('',#2973,#2973,#2451,.T.);
#3821=EDGE_CURVE('',#2974,#2974,#2452,.T.);
#3822=EDGE_CURVE('',#2975,#2975,#2453,.T.);
#3823=EDGE_CURVE('',#2976,#2977,#2454,.T.);
#3824=EDGE_CURVE('',#2977,#2955,#1643,.T.);
#3825=EDGE_CURVE('',#2954,#2976,#1644,.T.);
#3826=EDGE_CURVE('',#2978,#2977,#1645,.T.);
#3827=EDGE_CURVE('',#2956,#2978,#1646,.T.);
#3828=EDGE_CURVE('',#2978,#2979,#2455,.T.);
#3829=EDGE_CURVE('',#2979,#2957,#1647,.T.);
#3830=EDGE_CURVE('',#2980,#2953,#2456,.T.);
#3831=EDGE_CURVE('',#2958,#2980,#1648,.T.);
#3832=EDGE_CURVE('',#2981,#2981,#2457,.T.);
#3833=EDGE_CURVE('',#2981,#2982,#1649,.T.);
#3834=EDGE_CURVE('',#2982,#2982,#2458,.T.);
#3835=EDGE_CURVE('',#2983,#2983,#2459,.T.);
#3836=EDGE_CURVE('',#2983,#2984,#1650,.T.);
#3837=EDGE_CURVE('',#2984,#2984,#2460,.T.);
#3838=EDGE_CURVE('',#2985,#2985,#2461,.T.);
#3839=EDGE_CURVE('',#2931,#2975,#1651,.T.);
#3840=EDGE_CURVE('',#2939,#2986,#144,.T.);
#3841=EDGE_CURVE('',#2987,#2986,#145,.F.);
#3842=EDGE_CURVE('',#2943,#2987,#146,.T.);
#3843=EDGE_CURVE('',#2938,#2988,#147,.F.);
#3844=EDGE_CURVE('',#2986,#2988,#148,.F.);
#3845=EDGE_CURVE('',#2989,#2990,#2462,.T.);
#3846=EDGE_CURVE('',#2989,#2991,#149,.T.);
#3847=EDGE_CURVE('',#2992,#2991,#1652,.T.);
#3848=EDGE_CURVE('',#2990,#2992,#150,.T.);
#3849=EDGE_CURVE('',#2990,#2993,#2463,.T.);
#3850=EDGE_CURVE('',#2994,#2992,#1653,.T.);
#3851=EDGE_CURVE('',#2995,#2994,#151,.T.);
#3852=EDGE_CURVE('',#2993,#2995,#2464,.T.);
#3853=EDGE_CURVE('',#2995,#2996,#2465,.T.);
#3854=EDGE_CURVE('',#2997,#2994,#1654,.T.);
#3855=EDGE_CURVE('',#2996,#2997,#152,.T.);
#3856=EDGE_CURVE('',#2996,#2989,#2466,.T.);
#3857=EDGE_CURVE('',#2991,#2997,#1655,.T.);
#3858=EDGE_CURVE('',#2988,#2998,#153,.F.);
#3859=EDGE_CURVE('',#2998,#2987,#154,.F.);
#3860=EDGE_CURVE('',#2934,#2998,#155,.T.);
#3861=EDGE_CURVE('',#2974,#2999,#1656,.T.);
#3862=EDGE_CURVE('',#2999,#2999,#2467,.T.);
#3863=EDGE_CURVE('',#2973,#3000,#1657,.T.);
#3864=EDGE_CURVE('',#3000,#3000,#2468,.T.);
#3865=EDGE_CURVE('',#2972,#3001,#1658,.T.);
#3866=EDGE_CURVE('',#3001,#3001,#2469,.T.);
#3867=EDGE_CURVE('',#2971,#3002,#1659,.T.);
#3868=EDGE_CURVE('',#3002,#3002,#2470,.T.);
#3869=EDGE_CURVE('',#2985,#3003,#1660,.T.);
#3870=EDGE_CURVE('',#3003,#3003,#2471,.T.);
#3871=EDGE_CURVE('',#3004,#3004,#2472,.T.);
#3872=EDGE_CURVE('',#2959,#3005,#1661,.T.);
#3873=EDGE_CURVE('',#3006,#3005,#1662,.T.);
#3874=EDGE_CURVE('',#2961,#3006,#1663,.T.);
#3875=EDGE_CURVE('',#3007,#3006,#2473,.T.);
#3876=EDGE_CURVE('',#2962,#3007,#1664,.T.);
#3877=EDGE_CURVE('',#3008,#3007,#1665,.T.);
#3878=EDGE_CURVE('',#2960,#3008,#1666,.T.);
#3879=EDGE_CURVE('',#3005,#3008,#2474,.T.);
#3880=EDGE_CURVE('',#2963,#3009,#1667,.T.);
#3881=EDGE_CURVE('',#3010,#3009,#1668,.T.);
#3882=EDGE_CURVE('',#2965,#3010,#1669,.T.);
#3883=EDGE_CURVE('',#3011,#3010,#2475,.T.);
#3884=EDGE_CURVE('',#2966,#3011,#1670,.T.);
#3885=EDGE_CURVE('',#3012,#3011,#1671,.T.);
#3886=EDGE_CURVE('',#2964,#3012,#1672,.T.);
#3887=EDGE_CURVE('',#3009,#3012,#2476,.T.);
#3888=EDGE_CURVE('',#2967,#3013,#1673,.T.);
#3889=EDGE_CURVE('',#3014,#3013,#1674,.T.);
#3890=EDGE_CURVE('',#2969,#3014,#1675,.T.);
#3891=EDGE_CURVE('',#3015,#3014,#2477,.T.);
#3892=EDGE_CURVE('',#2970,#3015,#1676,.T.);
#3893=EDGE_CURVE('',#3016,#3015,#1677,.T.);
#3894=EDGE_CURVE('',#2968,#3016,#1678,.T.);
#3895=EDGE_CURVE('',#3013,#3016,#2478,.T.);
#3896=EDGE_CURVE('',#3004,#2993,#1679,.T.);
#3897=EDGE_CURVE('',#2980,#2979,#1680,.T.);
#3898=EDGE_CURVE('',#2976,#2949,#1681,.T.);
#3899=EDGE_CURVE('',#3017,#3017,#2479,.T.);
#3900=EDGE_CURVE('',#3017,#3017,#2480,.T.);
#3901=ORIENTED_EDGE('',*,*,#3018,.T.);
#3902=ORIENTED_EDGE('',*,*,#3019,.T.);
#3903=ORIENTED_EDGE('',*,*,#3020,.T.);
#3904=ORIENTED_EDGE('',*,*,#3021,.T.);
#3905=ORIENTED_EDGE('',*,*,#3019,.F.);
#3906=ORIENTED_EDGE('',*,*,#3022,.T.);
#3907=ORIENTED_EDGE('',*,*,#3023,.T.);
#3908=ORIENTED_EDGE('',*,*,#3024,.F.);
#3909=ORIENTED_EDGE('',*,*,#3025,.F.);
#3910=ORIENTED_EDGE('',*,*,#3026,.T.);
#3911=ORIENTED_EDGE('',*,*,#3027,.F.);
#3912=ORIENTED_EDGE('',*,*,#3028,.T.);
#3913=ORIENTED_EDGE('',*,*,#3029,.F.);
#3914=ORIENTED_EDGE('',*,*,#3030,.T.);
#3915=ORIENTED_EDGE('',*,*,#3031,.F.);
#3916=ORIENTED_EDGE('',*,*,#3032,.T.);
#3917=ORIENTED_EDGE('',*,*,#3018,.F.);
#3918=ORIENTED_EDGE('',*,*,#3033,.T.);
#3919=ORIENTED_EDGE('',*,*,#3034,.T.);
#3920=ORIENTED_EDGE('',*,*,#3035,.T.);
#3921=ORIENTED_EDGE('',*,*,#3036,.T.);
#3922=ORIENTED_EDGE('',*,*,#3037,.T.);
#3923=ORIENTED_EDGE('',*,*,#3038,.T.);
#3924=ORIENTED_EDGE('',*,*,#3039,.T.);
#3925=ORIENTED_EDGE('',*,*,#3040,.T.);
#3926=ORIENTED_EDGE('',*,*,#3041,.T.);
#3927=ORIENTED_EDGE('',*,*,#3042,.F.);
#3928=ORIENTED_EDGE('',*,*,#3043,.F.);
#3929=ORIENTED_EDGE('',*,*,#3044,.T.);
#3930=ORIENTED_EDGE('',*,*,#3022,.F.);
#3931=ORIENTED_EDGE('',*,*,#3042,.T.);
#3932=ORIENTED_EDGE('',*,*,#3045,.T.);
#3933=ORIENTED_EDGE('',*,*,#3046,.T.);
#3934=ORIENTED_EDGE('',*,*,#3047,.T.);
#3935=ORIENTED_EDGE('',*,*,#3047,.F.);
#3936=ORIENTED_EDGE('',*,*,#3048,.F.);
#3937=ORIENTED_EDGE('',*,*,#3049,.T.);
#3938=ORIENTED_EDGE('',*,*,#3043,.T.);
#3939=ORIENTED_EDGE('',*,*,#3024,.T.);
#3940=ORIENTED_EDGE('',*,*,#3050,.F.);
#3941=ORIENTED_EDGE('',*,*,#3048,.T.);
#3942=ORIENTED_EDGE('',*,*,#3046,.F.);
#3943=ORIENTED_EDGE('',*,*,#3051,.F.);
#3944=ORIENTED_EDGE('',*,*,#3020,.F.);
#3945=ORIENTED_EDGE('',*,*,#3023,.F.);
#3946=ORIENTED_EDGE('',*,*,#3044,.F.);
#3947=ORIENTED_EDGE('',*,*,#3049,.F.);
#3948=ORIENTED_EDGE('',*,*,#3050,.T.);
#3949=ORIENTED_EDGE('',*,*,#3051,.T.);
#3950=ORIENTED_EDGE('',*,*,#3045,.F.);
#3951=ORIENTED_EDGE('',*,*,#3041,.F.);
#3952=ORIENTED_EDGE('',*,*,#3052,.T.);
#3953=ORIENTED_EDGE('',*,*,#3053,.F.);
#3954=ORIENTED_EDGE('',*,*,#3054,.F.);
#3955=ORIENTED_EDGE('',*,*,#3033,.F.);
#3956=ORIENTED_EDGE('',*,*,#3021,.F.);
#3957=ORIENTED_EDGE('',*,*,#3039,.F.);
#3958=ORIENTED_EDGE('',*,*,#3055,.T.);
#3959=ORIENTED_EDGE('',*,*,#3056,.F.);
#3960=ORIENTED_EDGE('',*,*,#3057,.F.);
#3961=ORIENTED_EDGE('',*,*,#3038,.F.);
#3962=ORIENTED_EDGE('',*,*,#3058,.T.);
#3963=ORIENTED_EDGE('',*,*,#3059,.F.);
#3964=ORIENTED_EDGE('',*,*,#3055,.F.);
#3965=ORIENTED_EDGE('',*,*,#3037,.F.);
#3966=ORIENTED_EDGE('',*,*,#3060,.T.);
#3967=ORIENTED_EDGE('',*,*,#3061,.F.);
#3968=ORIENTED_EDGE('',*,*,#3058,.F.);
#3969=ORIENTED_EDGE('',*,*,#3036,.F.);
#3970=ORIENTED_EDGE('',*,*,#3062,.T.);
#3971=ORIENTED_EDGE('',*,*,#3063,.F.);
#3972=ORIENTED_EDGE('',*,*,#3060,.F.);
#3973=ORIENTED_EDGE('',*,*,#3035,.F.);
#3974=ORIENTED_EDGE('',*,*,#3064,.T.);
#3975=ORIENTED_EDGE('',*,*,#3065,.F.);
#3976=ORIENTED_EDGE('',*,*,#3062,.F.);
#3977=ORIENTED_EDGE('',*,*,#3034,.F.);
#3978=ORIENTED_EDGE('',*,*,#3054,.T.);
#3979=ORIENTED_EDGE('',*,*,#3066,.F.);
#3980=ORIENTED_EDGE('',*,*,#3064,.F.);
#3981=ORIENTED_EDGE('',*,*,#3040,.F.);
#3982=ORIENTED_EDGE('',*,*,#3057,.T.);
#3983=ORIENTED_EDGE('',*,*,#3067,.F.);
#3984=ORIENTED_EDGE('',*,*,#3052,.F.);
#3985=ORIENTED_EDGE('',*,*,#3026,.F.);
#3986=ORIENTED_EDGE('',*,*,#3068,.T.);
#3987=ORIENTED_EDGE('',*,*,#3069,.F.);
#3988=ORIENTED_EDGE('',*,*,#3070,.F.);
#3989=ORIENTED_EDGE('',*,*,#3027,.T.);
#3990=ORIENTED_EDGE('',*,*,#3070,.T.);
#3991=ORIENTED_EDGE('',*,*,#3071,.F.);
#3992=ORIENTED_EDGE('',*,*,#3072,.F.);
#3993=ORIENTED_EDGE('',*,*,#3028,.F.);
#3994=ORIENTED_EDGE('',*,*,#3072,.T.);
#3995=ORIENTED_EDGE('',*,*,#3073,.F.);
#3996=ORIENTED_EDGE('',*,*,#3074,.F.);
#3997=ORIENTED_EDGE('',*,*,#3029,.T.);
#3998=ORIENTED_EDGE('',*,*,#3074,.T.);
#3999=ORIENTED_EDGE('',*,*,#3075,.F.);
#4000=ORIENTED_EDGE('',*,*,#3076,.F.);
#4001=ORIENTED_EDGE('',*,*,#3030,.F.);
#4002=ORIENTED_EDGE('',*,*,#3076,.T.);
#4003=ORIENTED_EDGE('',*,*,#3077,.F.);
#4004=ORIENTED_EDGE('',*,*,#3078,.F.);
#4005=ORIENTED_EDGE('',*,*,#3031,.T.);
#4006=ORIENTED_EDGE('',*,*,#3078,.T.);
#4007=ORIENTED_EDGE('',*,*,#3079,.F.);
#4008=ORIENTED_EDGE('',*,*,#3080,.F.);
#4009=ORIENTED_EDGE('',*,*,#3032,.F.);
#4010=ORIENTED_EDGE('',*,*,#3080,.T.);
#4011=ORIENTED_EDGE('',*,*,#3081,.F.);
#4012=ORIENTED_EDGE('',*,*,#3082,.F.);
#4013=ORIENTED_EDGE('',*,*,#3025,.T.);
#4014=ORIENTED_EDGE('',*,*,#3082,.T.);
#4015=ORIENTED_EDGE('',*,*,#3083,.F.);
#4016=ORIENTED_EDGE('',*,*,#3068,.F.);
#4017=ORIENTED_EDGE('',*,*,#3083,.T.);
#4018=ORIENTED_EDGE('',*,*,#3081,.T.);
#4019=ORIENTED_EDGE('',*,*,#3079,.T.);
#4020=ORIENTED_EDGE('',*,*,#3077,.T.);
#4021=ORIENTED_EDGE('',*,*,#3075,.T.);
#4022=ORIENTED_EDGE('',*,*,#3073,.T.);
#4023=ORIENTED_EDGE('',*,*,#3071,.T.);
#4024=ORIENTED_EDGE('',*,*,#3069,.T.);
#4025=ORIENTED_EDGE('',*,*,#3056,.T.);
#4026=ORIENTED_EDGE('',*,*,#3059,.T.);
#4027=ORIENTED_EDGE('',*,*,#3061,.T.);
#4028=ORIENTED_EDGE('',*,*,#3063,.T.);
#4029=ORIENTED_EDGE('',*,*,#3065,.T.);
#4030=ORIENTED_EDGE('',*,*,#3066,.T.);
#4031=ORIENTED_EDGE('',*,*,#3053,.T.);
#4032=ORIENTED_EDGE('',*,*,#3067,.T.);
#4033=ORIENTED_EDGE('',*,*,#3084,.F.);
#4034=ORIENTED_EDGE('',*,*,#3085,.T.);
#4035=ORIENTED_EDGE('',*,*,#3086,.F.);
#4036=ORIENTED_EDGE('',*,*,#3085,.F.);
#4037=ORIENTED_EDGE('',*,*,#3087,.F.);
#4038=ORIENTED_EDGE('',*,*,#3088,.T.);
#4039=ORIENTED_EDGE('',*,*,#3089,.F.);
#4040=ORIENTED_EDGE('',*,*,#3088,.F.);
#4041=ORIENTED_EDGE('',*,*,#3090,.F.);
#4042=ORIENTED_EDGE('',*,*,#3091,.T.);
#4043=ORIENTED_EDGE('',*,*,#3092,.F.);
#4044=ORIENTED_EDGE('',*,*,#3093,.F.);
#4045=ORIENTED_EDGE('',*,*,#3094,.F.);
#4046=ORIENTED_EDGE('',*,*,#3093,.T.);
#4047=ORIENTED_EDGE('',*,*,#3095,.F.);
#4048=ORIENTED_EDGE('',*,*,#3096,.F.);
#4049=ORIENTED_EDGE('',*,*,#3097,.F.);
#4050=ORIENTED_EDGE('',*,*,#3096,.T.);
#4051=ORIENTED_EDGE('',*,*,#3098,.F.);
#4052=ORIENTED_EDGE('',*,*,#3099,.F.);
#4053=ORIENTED_EDGE('',*,*,#3100,.F.);
#4054=ORIENTED_EDGE('',*,*,#3099,.T.);
#4055=ORIENTED_EDGE('',*,*,#3101,.F.);
#4056=ORIENTED_EDGE('',*,*,#3091,.F.);
#4057=ORIENTED_EDGE('',*,*,#3102,.F.);
#4058=ORIENTED_EDGE('',*,*,#3103,.T.);
#4059=ORIENTED_EDGE('',*,*,#3104,.F.);
#4060=ORIENTED_EDGE('',*,*,#3103,.F.);
#4061=ORIENTED_EDGE('',*,*,#3105,.F.);
#4062=ORIENTED_EDGE('',*,*,#3106,.T.);
#4063=ORIENTED_EDGE('',*,*,#3107,.F.);
#4064=ORIENTED_EDGE('',*,*,#3106,.F.);
#4065=ORIENTED_EDGE('',*,*,#3108,.F.);
#4066=ORIENTED_EDGE('',*,*,#3109,.T.);
#4067=ORIENTED_EDGE('',*,*,#3110,.F.);
#4068=ORIENTED_EDGE('',*,*,#3111,.F.);
#4069=ORIENTED_EDGE('',*,*,#3112,.F.);
#4070=ORIENTED_EDGE('',*,*,#3111,.T.);
#4071=ORIENTED_EDGE('',*,*,#3113,.F.);
#4072=ORIENTED_EDGE('',*,*,#3114,.F.);
#4073=ORIENTED_EDGE('',*,*,#3115,.F.);
#4074=ORIENTED_EDGE('',*,*,#3114,.T.);
#4075=ORIENTED_EDGE('',*,*,#3116,.F.);
#4076=ORIENTED_EDGE('',*,*,#3117,.F.);
#4077=ORIENTED_EDGE('',*,*,#3118,.F.);
#4078=ORIENTED_EDGE('',*,*,#3117,.T.);
#4079=ORIENTED_EDGE('',*,*,#3119,.F.);
#4080=ORIENTED_EDGE('',*,*,#3120,.F.);
#4081=ORIENTED_EDGE('',*,*,#3121,.F.);
#4082=ORIENTED_EDGE('',*,*,#3120,.T.);
#4083=ORIENTED_EDGE('',*,*,#3122,.F.);
#4084=ORIENTED_EDGE('',*,*,#3123,.F.);
#4085=ORIENTED_EDGE('',*,*,#3124,.F.);
#4086=ORIENTED_EDGE('',*,*,#3123,.T.);
#4087=ORIENTED_EDGE('',*,*,#3125,.F.);
#4088=ORIENTED_EDGE('',*,*,#3126,.F.);
#4089=ORIENTED_EDGE('',*,*,#3127,.F.);
#4090=ORIENTED_EDGE('',*,*,#3126,.T.);
#4091=ORIENTED_EDGE('',*,*,#3128,.F.);
#4092=ORIENTED_EDGE('',*,*,#3129,.F.);
#4093=ORIENTED_EDGE('',*,*,#3130,.F.);
#4094=ORIENTED_EDGE('',*,*,#3129,.T.);
#4095=ORIENTED_EDGE('',*,*,#3131,.F.);
#4096=ORIENTED_EDGE('',*,*,#3109,.F.);
#4097=ORIENTED_EDGE('',*,*,#3130,.T.);
#4098=ORIENTED_EDGE('',*,*,#3108,.T.);
#4099=ORIENTED_EDGE('',*,*,#3112,.T.);
#4100=ORIENTED_EDGE('',*,*,#3115,.T.);
#4101=ORIENTED_EDGE('',*,*,#3118,.T.);
#4102=ORIENTED_EDGE('',*,*,#3121,.T.);
#4103=ORIENTED_EDGE('',*,*,#3124,.T.);
#4104=ORIENTED_EDGE('',*,*,#3127,.T.);
#4105=ORIENTED_EDGE('',*,*,#3107,.T.);
#4106=ORIENTED_EDGE('',*,*,#3104,.T.);
#4107=ORIENTED_EDGE('',*,*,#3100,.T.);
#4108=ORIENTED_EDGE('',*,*,#3090,.T.);
#4109=ORIENTED_EDGE('',*,*,#3094,.T.);
#4110=ORIENTED_EDGE('',*,*,#3097,.T.);
#4111=ORIENTED_EDGE('',*,*,#3089,.T.);
#4112=ORIENTED_EDGE('',*,*,#3086,.T.);
#4113=ORIENTED_EDGE('',*,*,#3131,.T.);
#4114=ORIENTED_EDGE('',*,*,#3128,.T.);
#4115=ORIENTED_EDGE('',*,*,#3125,.T.);
#4116=ORIENTED_EDGE('',*,*,#3122,.T.);
#4117=ORIENTED_EDGE('',*,*,#3119,.T.);
#4118=ORIENTED_EDGE('',*,*,#3116,.T.);
#4119=ORIENTED_EDGE('',*,*,#3113,.T.);
#4120=ORIENTED_EDGE('',*,*,#3110,.T.);
#4121=ORIENTED_EDGE('',*,*,#3105,.T.);
#4122=ORIENTED_EDGE('',*,*,#3102,.T.);
#4123=ORIENTED_EDGE('',*,*,#3101,.T.);
#4124=ORIENTED_EDGE('',*,*,#3098,.T.);
#4125=ORIENTED_EDGE('',*,*,#3095,.T.);
#4126=ORIENTED_EDGE('',*,*,#3092,.T.);
#4127=ORIENTED_EDGE('',*,*,#3087,.T.);
#4128=ORIENTED_EDGE('',*,*,#3084,.T.);
#4129=ORIENTED_EDGE('',*,*,#3132,.F.);
#4130=ORIENTED_EDGE('',*,*,#3133,.T.);
#4131=ORIENTED_EDGE('',*,*,#3134,.F.);
#4132=ORIENTED_EDGE('',*,*,#3133,.F.);
#4133=ORIENTED_EDGE('',*,*,#3135,.T.);
#4134=ORIENTED_EDGE('',*,*,#3136,.T.);
#4135=ORIENTED_EDGE('',*,*,#3137,.F.);
#4136=ORIENTED_EDGE('',*,*,#3138,.T.);
#4137=ORIENTED_EDGE('',*,*,#3135,.F.);
#4138=ORIENTED_EDGE('',*,*,#3139,.F.);
#4139=ORIENTED_EDGE('',*,*,#3140,.T.);
#4140=ORIENTED_EDGE('',*,*,#3141,.F.);
#4141=ORIENTED_EDGE('',*,*,#3142,.T.);
#4142=ORIENTED_EDGE('',*,*,#3143,.F.);
#4143=ORIENTED_EDGE('',*,*,#3144,.T.);
#4144=ORIENTED_EDGE('',*,*,#3145,.F.);
#4145=ORIENTED_EDGE('',*,*,#3146,.T.);
#4146=ORIENTED_EDGE('',*,*,#3147,.F.);
#4147=ORIENTED_EDGE('',*,*,#3148,.F.);
#4148=ORIENTED_EDGE('',*,*,#3149,.F.);
#4149=ORIENTED_EDGE('',*,*,#3150,.T.);
#4150=ORIENTED_EDGE('',*,*,#3151,.F.);
#4151=ORIENTED_EDGE('',*,*,#3152,.F.);
#4152=ORIENTED_EDGE('',*,*,#3153,.F.);
#4153=ORIENTED_EDGE('',*,*,#3154,.F.);
#4154=ORIENTED_EDGE('',*,*,#3155,.F.);
#4155=ORIENTED_EDGE('',*,*,#3156,.F.);
#4156=ORIENTED_EDGE('',*,*,#3157,.F.);
#4157=ORIENTED_EDGE('',*,*,#3158,.F.);
#4158=ORIENTED_EDGE('',*,*,#3159,.F.);
#4159=ORIENTED_EDGE('',*,*,#3138,.F.);
#4160=ORIENTED_EDGE('',*,*,#3160,.F.);
#4161=ORIENTED_EDGE('',*,*,#3161,.F.);
#4162=ORIENTED_EDGE('',*,*,#3139,.T.);
#4163=ORIENTED_EDGE('',*,*,#3162,.T.);
#4164=ORIENTED_EDGE('',*,*,#3163,.T.);
#4165=ORIENTED_EDGE('',*,*,#3148,.T.);
#4166=ORIENTED_EDGE('',*,*,#3164,.T.);
#4167=ORIENTED_EDGE('',*,*,#3136,.F.);
#4168=ORIENTED_EDGE('',*,*,#3151,.T.);
#4169=ORIENTED_EDGE('',*,*,#3165,.T.);
#4170=ORIENTED_EDGE('',*,*,#3166,.F.);
#4171=ORIENTED_EDGE('',*,*,#3167,.F.);
#4172=ORIENTED_EDGE('',*,*,#3167,.T.);
#4173=ORIENTED_EDGE('',*,*,#3168,.T.);
#4174=ORIENTED_EDGE('',*,*,#3169,.T.);
#4175=ORIENTED_EDGE('',*,*,#3162,.F.);
#4176=ORIENTED_EDGE('',*,*,#3170,.F.);
#4177=ORIENTED_EDGE('',*,*,#3137,.T.);
#4178=ORIENTED_EDGE('',*,*,#3166,.T.);
#4179=ORIENTED_EDGE('',*,*,#3171,.F.);
#4180=ORIENTED_EDGE('',*,*,#3172,.T.);
#4181=ORIENTED_EDGE('',*,*,#3168,.F.);
#4182=ORIENTED_EDGE('',*,*,#3165,.F.);
#4183=ORIENTED_EDGE('',*,*,#3150,.F.);
#4184=ORIENTED_EDGE('',*,*,#3173,.F.);
#4185=ORIENTED_EDGE('',*,*,#3171,.T.);
#4186=ORIENTED_EDGE('',*,*,#3163,.F.);
#4187=ORIENTED_EDGE('',*,*,#3169,.F.);
#4188=ORIENTED_EDGE('',*,*,#3172,.F.);
#4189=ORIENTED_EDGE('',*,*,#3173,.T.);
#4190=ORIENTED_EDGE('',*,*,#3149,.T.);
#4191=ORIENTED_EDGE('',*,*,#3164,.F.);
#4192=ORIENTED_EDGE('',*,*,#3147,.T.);
#4193=ORIENTED_EDGE('',*,*,#3174,.T.);
#4194=ORIENTED_EDGE('',*,*,#3175,.F.);
#4195=ORIENTED_EDGE('',*,*,#3176,.T.);
#4196=ORIENTED_EDGE('',*,*,#3177,.T.);
#4197=ORIENTED_EDGE('',*,*,#3178,.T.);
#4198=ORIENTED_EDGE('',*,*,#3179,.T.);
#4199=ORIENTED_EDGE('',*,*,#3180,.T.);
#4200=ORIENTED_EDGE('',*,*,#3181,.T.);
#4201=ORIENTED_EDGE('',*,*,#3182,.T.);
#4202=ORIENTED_EDGE('',*,*,#3183,.T.);
#4203=ORIENTED_EDGE('',*,*,#3134,.T.);
#4204=ORIENTED_EDGE('',*,*,#3183,.F.);
#4205=ORIENTED_EDGE('',*,*,#3184,.T.);
#4206=ORIENTED_EDGE('',*,*,#3185,.F.);
#4207=ORIENTED_EDGE('',*,*,#3186,.F.);
#4208=ORIENTED_EDGE('',*,*,#3182,.F.);
#4209=ORIENTED_EDGE('',*,*,#3187,.T.);
#4210=ORIENTED_EDGE('',*,*,#3188,.F.);
#4211=ORIENTED_EDGE('',*,*,#3184,.F.);
#4212=ORIENTED_EDGE('',*,*,#3181,.F.);
#4213=ORIENTED_EDGE('',*,*,#3189,.T.);
#4214=ORIENTED_EDGE('',*,*,#3190,.F.);
#4215=ORIENTED_EDGE('',*,*,#3187,.F.);
#4216=ORIENTED_EDGE('',*,*,#3180,.F.);
#4217=ORIENTED_EDGE('',*,*,#3191,.T.);
#4218=ORIENTED_EDGE('',*,*,#3192,.F.);
#4219=ORIENTED_EDGE('',*,*,#3189,.F.);
#4220=ORIENTED_EDGE('',*,*,#3179,.F.);
#4221=ORIENTED_EDGE('',*,*,#3193,.T.);
#4222=ORIENTED_EDGE('',*,*,#3194,.F.);
#4223=ORIENTED_EDGE('',*,*,#3191,.F.);
#4224=ORIENTED_EDGE('',*,*,#3178,.F.);
#4225=ORIENTED_EDGE('',*,*,#3195,.T.);
#4226=ORIENTED_EDGE('',*,*,#3196,.F.);
#4227=ORIENTED_EDGE('',*,*,#3193,.F.);
#4228=ORIENTED_EDGE('',*,*,#3177,.F.);
#4229=ORIENTED_EDGE('',*,*,#3197,.T.);
#4230=ORIENTED_EDGE('',*,*,#3198,.F.);
#4231=ORIENTED_EDGE('',*,*,#3195,.F.);
#4232=ORIENTED_EDGE('',*,*,#3176,.F.);
#4233=ORIENTED_EDGE('',*,*,#3186,.T.);
#4234=ORIENTED_EDGE('',*,*,#3199,.F.);
#4235=ORIENTED_EDGE('',*,*,#3197,.F.);
#4236=ORIENTED_EDGE('',*,*,#3152,.T.);
#4237=ORIENTED_EDGE('',*,*,#3200,.T.);
#4238=ORIENTED_EDGE('',*,*,#3201,.F.);
#4239=ORIENTED_EDGE('',*,*,#3202,.F.);
#4240=ORIENTED_EDGE('',*,*,#3153,.T.);
#4241=ORIENTED_EDGE('',*,*,#3202,.T.);
#4242=ORIENTED_EDGE('',*,*,#3203,.F.);
#4243=ORIENTED_EDGE('',*,*,#3204,.F.);
#4244=ORIENTED_EDGE('',*,*,#3154,.T.);
#4245=ORIENTED_EDGE('',*,*,#3204,.T.);
#4246=ORIENTED_EDGE('',*,*,#3205,.F.);
#4247=ORIENTED_EDGE('',*,*,#3206,.F.);
#4248=ORIENTED_EDGE('',*,*,#3155,.T.);
#4249=ORIENTED_EDGE('',*,*,#3206,.T.);
#4250=ORIENTED_EDGE('',*,*,#3207,.F.);
#4251=ORIENTED_EDGE('',*,*,#3208,.F.);
#4252=ORIENTED_EDGE('',*,*,#3156,.T.);
#4253=ORIENTED_EDGE('',*,*,#3208,.T.);
#4254=ORIENTED_EDGE('',*,*,#3209,.F.);
#4255=ORIENTED_EDGE('',*,*,#3210,.F.);
#4256=ORIENTED_EDGE('',*,*,#3157,.T.);
#4257=ORIENTED_EDGE('',*,*,#3210,.T.);
#4258=ORIENTED_EDGE('',*,*,#3211,.F.);
#4259=ORIENTED_EDGE('',*,*,#3212,.F.);
#4260=ORIENTED_EDGE('',*,*,#3158,.T.);
#4261=ORIENTED_EDGE('',*,*,#3212,.T.);
#4262=ORIENTED_EDGE('',*,*,#3213,.F.);
#4263=ORIENTED_EDGE('',*,*,#3214,.F.);
#4264=ORIENTED_EDGE('',*,*,#3159,.T.);
#4265=ORIENTED_EDGE('',*,*,#3214,.T.);
#4266=ORIENTED_EDGE('',*,*,#3215,.F.);
#4267=ORIENTED_EDGE('',*,*,#3200,.F.);
#4268=ORIENTED_EDGE('',*,*,#3215,.T.);
#4269=ORIENTED_EDGE('',*,*,#3213,.T.);
#4270=ORIENTED_EDGE('',*,*,#3211,.T.);
#4271=ORIENTED_EDGE('',*,*,#3209,.T.);
#4272=ORIENTED_EDGE('',*,*,#3207,.T.);
#4273=ORIENTED_EDGE('',*,*,#3205,.T.);
#4274=ORIENTED_EDGE('',*,*,#3203,.T.);
#4275=ORIENTED_EDGE('',*,*,#3201,.T.);
#4276=ORIENTED_EDGE('',*,*,#3185,.T.);
#4277=ORIENTED_EDGE('',*,*,#3188,.T.);
#4278=ORIENTED_EDGE('',*,*,#3190,.T.);
#4279=ORIENTED_EDGE('',*,*,#3192,.T.);
#4280=ORIENTED_EDGE('',*,*,#3194,.T.);
#4281=ORIENTED_EDGE('',*,*,#3196,.T.);
#4282=ORIENTED_EDGE('',*,*,#3198,.T.);
#4283=ORIENTED_EDGE('',*,*,#3199,.T.);
#4284=ORIENTED_EDGE('',*,*,#3140,.F.);
#4285=ORIENTED_EDGE('',*,*,#3161,.T.);
#4286=ORIENTED_EDGE('',*,*,#3216,.F.);
#4287=ORIENTED_EDGE('',*,*,#3217,.F.);
#4288=ORIENTED_EDGE('',*,*,#3141,.T.);
#4289=ORIENTED_EDGE('',*,*,#3217,.T.);
#4290=ORIENTED_EDGE('',*,*,#3218,.F.);
#4291=ORIENTED_EDGE('',*,*,#3219,.F.);
#4292=ORIENTED_EDGE('',*,*,#3142,.F.);
#4293=ORIENTED_EDGE('',*,*,#3219,.T.);
#4294=ORIENTED_EDGE('',*,*,#3220,.F.);
#4295=ORIENTED_EDGE('',*,*,#3221,.F.);
#4296=ORIENTED_EDGE('',*,*,#3143,.T.);
#4297=ORIENTED_EDGE('',*,*,#3221,.T.);
#4298=ORIENTED_EDGE('',*,*,#3222,.F.);
#4299=ORIENTED_EDGE('',*,*,#3223,.F.);
#4300=ORIENTED_EDGE('',*,*,#3144,.F.);
#4301=ORIENTED_EDGE('',*,*,#3223,.T.);
#4302=ORIENTED_EDGE('',*,*,#3224,.F.);
#4303=ORIENTED_EDGE('',*,*,#3225,.F.);
#4304=ORIENTED_EDGE('',*,*,#3145,.T.);
#4305=ORIENTED_EDGE('',*,*,#3225,.T.);
#4306=ORIENTED_EDGE('',*,*,#3226,.F.);
#4307=ORIENTED_EDGE('',*,*,#3227,.F.);
#4308=ORIENTED_EDGE('',*,*,#3146,.F.);
#4309=ORIENTED_EDGE('',*,*,#3227,.T.);
#4310=ORIENTED_EDGE('',*,*,#3228,.F.);
#4311=ORIENTED_EDGE('',*,*,#3174,.F.);
#4312=ORIENTED_EDGE('',*,*,#3228,.T.);
#4313=ORIENTED_EDGE('',*,*,#3226,.T.);
#4314=ORIENTED_EDGE('',*,*,#3224,.T.);
#4315=ORIENTED_EDGE('',*,*,#3222,.T.);
#4316=ORIENTED_EDGE('',*,*,#3220,.T.);
#4317=ORIENTED_EDGE('',*,*,#3218,.T.);
#4318=ORIENTED_EDGE('',*,*,#3216,.T.);
#4319=ORIENTED_EDGE('',*,*,#3160,.T.);
#4320=ORIENTED_EDGE('',*,*,#3170,.T.);
#4321=ORIENTED_EDGE('',*,*,#3175,.T.);
#4322=ORIENTED_EDGE('',*,*,#3132,.T.);
#4323=ORIENTED_EDGE('',*,*,#3229,.T.);
#4324=ORIENTED_EDGE('',*,*,#3230,.F.);
#4325=ORIENTED_EDGE('',*,*,#3231,.F.);
#4326=ORIENTED_EDGE('',*,*,#3232,.F.);
#4327=ORIENTED_EDGE('',*,*,#3233,.F.);
#4328=ORIENTED_EDGE('',*,*,#3234,.F.);
#4329=ORIENTED_EDGE('',*,*,#3235,.F.);
#4330=ORIENTED_EDGE('',*,*,#3236,.T.);
#4331=ORIENTED_EDGE('',*,*,#3237,.T.);
#4332=ORIENTED_EDGE('',*,*,#3238,.T.);
#4333=ORIENTED_EDGE('',*,*,#3239,.T.);
#4334=ORIENTED_EDGE('',*,*,#3240,.T.);
#4335=ORIENTED_EDGE('',*,*,#3241,.T.);
#4336=ORIENTED_EDGE('',*,*,#3242,.T.);
#4337=ORIENTED_EDGE('',*,*,#3234,.T.);
#4338=ORIENTED_EDGE('',*,*,#3243,.T.);
#4339=ORIENTED_EDGE('',*,*,#3244,.T.);
#4340=ORIENTED_EDGE('',*,*,#3245,.T.);
#4341=ORIENTED_EDGE('',*,*,#3246,.T.);
#4342=ORIENTED_EDGE('',*,*,#3247,.T.);
#4343=ORIENTED_EDGE('',*,*,#3248,.T.);
#4344=ORIENTED_EDGE('',*,*,#3249,.T.);
#4345=ORIENTED_EDGE('',*,*,#3250,.T.);
#4346=ORIENTED_EDGE('',*,*,#3251,.T.);
#4347=ORIENTED_EDGE('',*,*,#3252,.T.);
#4348=ORIENTED_EDGE('',*,*,#3253,.T.);
#4349=ORIENTED_EDGE('',*,*,#3254,.T.);
#4350=ORIENTED_EDGE('',*,*,#3255,.T.);
#4351=ORIENTED_EDGE('',*,*,#3256,.T.);
#4352=ORIENTED_EDGE('',*,*,#3257,.T.);
#4353=ORIENTED_EDGE('',*,*,#3258,.T.);
#4354=ORIENTED_EDGE('',*,*,#3259,.T.);
#4355=ORIENTED_EDGE('',*,*,#3260,.T.);
#4356=ORIENTED_EDGE('',*,*,#3261,.T.);
#4357=ORIENTED_EDGE('',*,*,#3262,.T.);
#4358=ORIENTED_EDGE('',*,*,#3263,.T.);
#4359=ORIENTED_EDGE('',*,*,#3264,.T.);
#4360=ORIENTED_EDGE('',*,*,#3265,.T.);
#4361=ORIENTED_EDGE('',*,*,#3266,.T.);
#4362=ORIENTED_EDGE('',*,*,#3267,.T.);
#4363=ORIENTED_EDGE('',*,*,#3268,.T.);
#4364=ORIENTED_EDGE('',*,*,#3269,.T.);
#4365=ORIENTED_EDGE('',*,*,#3270,.T.);
#4366=ORIENTED_EDGE('',*,*,#3271,.T.);
#4367=ORIENTED_EDGE('',*,*,#3272,.T.);
#4368=ORIENTED_EDGE('',*,*,#3273,.T.);
#4369=ORIENTED_EDGE('',*,*,#3274,.T.);
#4370=ORIENTED_EDGE('',*,*,#3275,.T.);
#4371=ORIENTED_EDGE('',*,*,#3276,.T.);
#4372=ORIENTED_EDGE('',*,*,#3277,.T.);
#4373=ORIENTED_EDGE('',*,*,#3278,.T.);
#4374=ORIENTED_EDGE('',*,*,#3279,.T.);
#4375=ORIENTED_EDGE('',*,*,#3280,.T.);
#4376=ORIENTED_EDGE('',*,*,#3281,.T.);
#4377=ORIENTED_EDGE('',*,*,#3282,.T.);
#4378=ORIENTED_EDGE('',*,*,#3283,.T.);
#4379=ORIENTED_EDGE('',*,*,#3284,.T.);
#4380=ORIENTED_EDGE('',*,*,#3285,.T.);
#4381=ORIENTED_EDGE('',*,*,#3286,.T.);
#4382=ORIENTED_EDGE('',*,*,#3287,.T.);
#4383=ORIENTED_EDGE('',*,*,#3288,.T.);
#4384=ORIENTED_EDGE('',*,*,#3289,.T.);
#4385=ORIENTED_EDGE('',*,*,#3290,.T.);
#4386=ORIENTED_EDGE('',*,*,#3291,.T.);
#4387=ORIENTED_EDGE('',*,*,#3292,.T.);
#4388=ORIENTED_EDGE('',*,*,#3293,.T.);
#4389=ORIENTED_EDGE('',*,*,#3294,.T.);
#4390=ORIENTED_EDGE('',*,*,#3295,.T.);
#4391=ORIENTED_EDGE('',*,*,#3296,.T.);
#4392=ORIENTED_EDGE('',*,*,#3297,.T.);
#4393=ORIENTED_EDGE('',*,*,#3298,.T.);
#4394=ORIENTED_EDGE('',*,*,#3299,.T.);
#4395=ORIENTED_EDGE('',*,*,#3300,.T.);
#4396=ORIENTED_EDGE('',*,*,#3301,.T.);
#4397=ORIENTED_EDGE('',*,*,#3302,.T.);
#4398=ORIENTED_EDGE('',*,*,#3303,.T.);
#4399=ORIENTED_EDGE('',*,*,#3304,.T.);
#4400=ORIENTED_EDGE('',*,*,#3305,.T.);
#4401=ORIENTED_EDGE('',*,*,#3306,.T.);
#4402=ORIENTED_EDGE('',*,*,#3307,.T.);
#4403=ORIENTED_EDGE('',*,*,#3308,.T.);
#4404=ORIENTED_EDGE('',*,*,#3309,.T.);
#4405=ORIENTED_EDGE('',*,*,#3310,.T.);
#4406=ORIENTED_EDGE('',*,*,#3311,.T.);
#4407=ORIENTED_EDGE('',*,*,#3312,.T.);
#4408=ORIENTED_EDGE('',*,*,#3313,.T.);
#4409=ORIENTED_EDGE('',*,*,#3314,.T.);
#4410=ORIENTED_EDGE('',*,*,#3315,.T.);
#4411=ORIENTED_EDGE('',*,*,#3316,.T.);
#4412=ORIENTED_EDGE('',*,*,#3317,.T.);
#4413=ORIENTED_EDGE('',*,*,#3318,.T.);
#4414=ORIENTED_EDGE('',*,*,#3319,.T.);
#4415=ORIENTED_EDGE('',*,*,#3320,.T.);
#4416=ORIENTED_EDGE('',*,*,#3321,.T.);
#4417=ORIENTED_EDGE('',*,*,#3322,.T.);
#4418=ORIENTED_EDGE('',*,*,#3323,.T.);
#4419=ORIENTED_EDGE('',*,*,#3324,.T.);
#4420=ORIENTED_EDGE('',*,*,#3325,.T.);
#4421=ORIENTED_EDGE('',*,*,#3326,.T.);
#4422=ORIENTED_EDGE('',*,*,#3327,.T.);
#4423=ORIENTED_EDGE('',*,*,#3328,.T.);
#4424=ORIENTED_EDGE('',*,*,#3329,.T.);
#4425=ORIENTED_EDGE('',*,*,#3330,.F.);
#4426=ORIENTED_EDGE('',*,*,#3331,.F.);
#4427=ORIENTED_EDGE('',*,*,#3332,.F.);
#4428=ORIENTED_EDGE('',*,*,#3333,.F.);
#4429=ORIENTED_EDGE('',*,*,#3334,.F.);
#4430=ORIENTED_EDGE('',*,*,#3335,.F.);
#4431=ORIENTED_EDGE('',*,*,#3336,.F.);
#4432=ORIENTED_EDGE('',*,*,#3337,.F.);
#4433=ORIENTED_EDGE('',*,*,#3338,.T.);
#4434=ORIENTED_EDGE('',*,*,#3339,.T.);
#4435=ORIENTED_EDGE('',*,*,#3340,.T.);
#4436=ORIENTED_EDGE('',*,*,#3341,.T.);
#4437=ORIENTED_EDGE('',*,*,#3342,.T.);
#4438=ORIENTED_EDGE('',*,*,#3343,.T.);
#4439=ORIENTED_EDGE('',*,*,#3344,.T.);
#4440=ORIENTED_EDGE('',*,*,#3345,.T.);
#4441=ORIENTED_EDGE('',*,*,#3346,.T.);
#4442=ORIENTED_EDGE('',*,*,#3347,.T.);
#4443=ORIENTED_EDGE('',*,*,#3348,.T.);
#4444=ORIENTED_EDGE('',*,*,#3349,.T.);
#4445=ORIENTED_EDGE('',*,*,#3350,.T.);
#4446=ORIENTED_EDGE('',*,*,#3351,.T.);
#4447=ORIENTED_EDGE('',*,*,#3352,.T.);
#4448=ORIENTED_EDGE('',*,*,#3353,.T.);
#4449=ORIENTED_EDGE('',*,*,#3354,.T.);
#4450=ORIENTED_EDGE('',*,*,#3355,.T.);
#4451=ORIENTED_EDGE('',*,*,#3356,.T.);
#4452=ORIENTED_EDGE('',*,*,#3357,.F.);
#4453=ORIENTED_EDGE('',*,*,#3358,.T.);
#4454=ORIENTED_EDGE('',*,*,#3359,.F.);
#4455=ORIENTED_EDGE('',*,*,#3360,.T.);
#4456=ORIENTED_EDGE('',*,*,#3361,.T.);
#4457=ORIENTED_EDGE('',*,*,#3362,.T.);
#4458=ORIENTED_EDGE('',*,*,#3357,.T.);
#4459=ORIENTED_EDGE('',*,*,#3363,.T.);
#4460=ORIENTED_EDGE('',*,*,#3359,.T.);
#4461=ORIENTED_EDGE('',*,*,#3364,.T.);
#4462=ORIENTED_EDGE('',*,*,#3365,.T.);
#4463=ORIENTED_EDGE('',*,*,#3366,.T.);
#4464=ORIENTED_EDGE('',*,*,#3367,.F.);
#4465=ORIENTED_EDGE('',*,*,#3368,.T.);
#4466=ORIENTED_EDGE('',*,*,#3369,.F.);
#4467=ORIENTED_EDGE('',*,*,#3370,.T.);
#4468=ORIENTED_EDGE('',*,*,#3371,.T.);
#4469=ORIENTED_EDGE('',*,*,#3372,.T.);
#4470=ORIENTED_EDGE('',*,*,#3367,.T.);
#4471=ORIENTED_EDGE('',*,*,#3373,.T.);
#4472=ORIENTED_EDGE('',*,*,#3369,.T.);
#4473=ORIENTED_EDGE('',*,*,#3374,.T.);
#4474=ORIENTED_EDGE('',*,*,#3375,.T.);
#4475=ORIENTED_EDGE('',*,*,#3376,.T.);
#4476=ORIENTED_EDGE('',*,*,#3377,.T.);
#4477=ORIENTED_EDGE('',*,*,#3279,.F.);
#4478=ORIENTED_EDGE('',*,*,#3378,.T.);
#4479=ORIENTED_EDGE('',*,*,#3311,.F.);
#4480=ORIENTED_EDGE('',*,*,#3379,.T.);
#4481=ORIENTED_EDGE('',*,*,#3380,.F.);
#4482=ORIENTED_EDGE('',*,*,#3381,.T.);
#4483=ORIENTED_EDGE('',*,*,#3290,.F.);
#4484=ORIENTED_EDGE('',*,*,#3382,.T.);
#4485=ORIENTED_EDGE('',*,*,#3375,.F.);
#4486=ORIENTED_EDGE('',*,*,#3383,.T.);
#4487=ORIENTED_EDGE('',*,*,#3282,.F.);
#4488=ORIENTED_EDGE('',*,*,#3384,.T.);
#4489=ORIENTED_EDGE('',*,*,#3385,.F.);
#4490=ORIENTED_EDGE('',*,*,#3386,.T.);
#4491=ORIENTED_EDGE('',*,*,#3325,.F.);
#4492=ORIENTED_EDGE('',*,*,#3387,.T.);
#4493=ORIENTED_EDGE('',*,*,#3388,.T.);
#4494=ORIENTED_EDGE('',*,*,#3389,.T.);
#4495=ORIENTED_EDGE('',*,*,#3380,.T.);
#4496=ORIENTED_EDGE('',*,*,#3390,.T.);
#4497=ORIENTED_EDGE('',*,*,#3391,.T.);
#4498=ORIENTED_EDGE('',*,*,#3385,.T.);
#4499=ORIENTED_EDGE('',*,*,#3392,.T.);
#4500=ORIENTED_EDGE('',*,*,#3393,.T.);
#4501=ORIENTED_EDGE('',*,*,#3394,.T.);
#4502=ORIENTED_EDGE('',*,*,#3395,.T.);
#4503=ORIENTED_EDGE('',*,*,#3396,.T.);
#4504=ORIENTED_EDGE('',*,*,#3397,.T.);
#4505=ORIENTED_EDGE('',*,*,#3398,.T.);
#4506=ORIENTED_EDGE('',*,*,#3399,.T.);
#4507=ORIENTED_EDGE('',*,*,#3400,.F.);
#4508=ORIENTED_EDGE('',*,*,#3401,.F.);
#4509=ORIENTED_EDGE('',*,*,#3250,.F.);
#4510=ORIENTED_EDGE('',*,*,#3402,.F.);
#4511=ORIENTED_EDGE('',*,*,#3403,.T.);
#4512=ORIENTED_EDGE('',*,*,#3404,.T.);
#4513=ORIENTED_EDGE('',*,*,#3405,.F.);
#4514=ORIENTED_EDGE('',*,*,#3406,.F.);
#4515=ORIENTED_EDGE('',*,*,#3252,.F.);
#4516=ORIENTED_EDGE('',*,*,#3407,.F.);
#4517=ORIENTED_EDGE('',*,*,#3408,.T.);
#4518=ORIENTED_EDGE('',*,*,#3409,.T.);
#4519=ORIENTED_EDGE('',*,*,#3410,.T.);
#4520=ORIENTED_EDGE('',*,*,#3411,.T.);
#4521=ORIENTED_EDGE('',*,*,#3412,.F.);
#4522=ORIENTED_EDGE('',*,*,#3413,.F.);
#4523=ORIENTED_EDGE('',*,*,#3256,.F.);
#4524=ORIENTED_EDGE('',*,*,#3414,.F.);
#4525=ORIENTED_EDGE('',*,*,#3415,.T.);
#4526=ORIENTED_EDGE('',*,*,#3416,.T.);
#4527=ORIENTED_EDGE('',*,*,#3417,.T.);
#4528=ORIENTED_EDGE('',*,*,#3418,.T.);
#4529=ORIENTED_EDGE('',*,*,#3419,.T.);
#4530=ORIENTED_EDGE('',*,*,#3420,.T.);
#4531=ORIENTED_EDGE('',*,*,#3421,.F.);
#4532=ORIENTED_EDGE('',*,*,#3422,.F.);
#4533=ORIENTED_EDGE('',*,*,#3254,.F.);
#4534=ORIENTED_EDGE('',*,*,#3423,.F.);
#4535=ORIENTED_EDGE('',*,*,#3412,.T.);
#4536=ORIENTED_EDGE('',*,*,#3424,.T.);
#4537=ORIENTED_EDGE('',*,*,#3396,.F.);
#4538=ORIENTED_EDGE('',*,*,#3425,.F.);
#4539=ORIENTED_EDGE('',*,*,#3405,.T.);
#4540=ORIENTED_EDGE('',*,*,#3426,.T.);
#4541=ORIENTED_EDGE('',*,*,#3417,.F.);
#4542=ORIENTED_EDGE('',*,*,#3427,.F.);
#4543=ORIENTED_EDGE('',*,*,#3406,.T.);
#4544=ORIENTED_EDGE('',*,*,#3427,.T.);
#4545=ORIENTED_EDGE('',*,*,#3423,.T.);
#4546=ORIENTED_EDGE('',*,*,#3257,.F.);
#4547=ORIENTED_EDGE('',*,*,#3413,.T.);
#4548=ORIENTED_EDGE('',*,*,#3425,.T.);
#4549=ORIENTED_EDGE('',*,*,#3402,.T.);
#4550=ORIENTED_EDGE('',*,*,#3253,.F.);
#4551=ORIENTED_EDGE('',*,*,#3421,.T.);
#4552=ORIENTED_EDGE('',*,*,#3428,.T.);
#4553=ORIENTED_EDGE('',*,*,#3408,.F.);
#4554=ORIENTED_EDGE('',*,*,#3429,.F.);
#4555=ORIENTED_EDGE('',*,*,#3400,.T.);
#4556=ORIENTED_EDGE('',*,*,#3430,.T.);
#4557=ORIENTED_EDGE('',*,*,#3415,.F.);
#4558=ORIENTED_EDGE('',*,*,#3431,.F.);
#4559=ORIENTED_EDGE('',*,*,#3401,.T.);
#4560=ORIENTED_EDGE('',*,*,#3431,.T.);
#4561=ORIENTED_EDGE('',*,*,#3414,.T.);
#4562=ORIENTED_EDGE('',*,*,#3255,.F.);
#4563=ORIENTED_EDGE('',*,*,#3422,.T.);
#4564=ORIENTED_EDGE('',*,*,#3429,.T.);
#4565=ORIENTED_EDGE('',*,*,#3407,.T.);
#4566=ORIENTED_EDGE('',*,*,#3251,.F.);
#4567=ORIENTED_EDGE('',*,*,#3432,.F.);
#4568=ORIENTED_EDGE('',*,*,#3433,.T.);
#4569=ORIENTED_EDGE('',*,*,#3434,.T.);
#4570=ORIENTED_EDGE('',*,*,#3435,.T.);
#4571=ORIENTED_EDGE('',*,*,#3436,.T.);
#4572=ORIENTED_EDGE('',*,*,#3437,.T.);
#4573=ORIENTED_EDGE('',*,*,#3437,.F.);
#4574=ORIENTED_EDGE('',*,*,#3438,.T.);
#4575=ORIENTED_EDGE('',*,*,#3432,.T.);
#4576=ORIENTED_EDGE('',*,*,#3439,.T.);
#4577=ORIENTED_EDGE('',*,*,#3440,.T.);
#4578=ORIENTED_EDGE('',*,*,#3441,.T.);
#4579=ORIENTED_EDGE('',*,*,#3442,.T.);
#4580=ORIENTED_EDGE('',*,*,#3443,.T.);
#4581=ORIENTED_EDGE('',*,*,#3444,.T.);
#4582=ORIENTED_EDGE('',*,*,#3445,.T.);
#4583=ORIENTED_EDGE('',*,*,#3446,.T.);
#4584=ORIENTED_EDGE('',*,*,#3447,.T.);
#4585=ORIENTED_EDGE('',*,*,#3448,.T.);
#4586=ORIENTED_EDGE('',*,*,#3449,.T.);
#4587=ORIENTED_EDGE('',*,*,#3450,.T.);
#4588=ORIENTED_EDGE('',*,*,#3451,.T.);
#4589=ORIENTED_EDGE('',*,*,#3452,.T.);
#4590=ORIENTED_EDGE('',*,*,#3453,.T.);
#4591=ORIENTED_EDGE('',*,*,#3454,.T.);
#4592=ORIENTED_EDGE('',*,*,#3455,.T.);
#4593=ORIENTED_EDGE('',*,*,#3230,.T.);
#4594=ORIENTED_EDGE('',*,*,#3456,.T.);
#4595=ORIENTED_EDGE('',*,*,#3457,.T.);
#4596=ORIENTED_EDGE('',*,*,#3458,.T.);
#4597=ORIENTED_EDGE('',*,*,#3459,.T.);
#4598=ORIENTED_EDGE('',*,*,#3460,.T.);
#4599=ORIENTED_EDGE('',*,*,#3461,.F.);
#4600=ORIENTED_EDGE('',*,*,#3462,.F.);
#4601=ORIENTED_EDGE('',*,*,#3463,.T.);
#4602=ORIENTED_EDGE('',*,*,#3232,.T.);
#4603=ORIENTED_EDGE('',*,*,#3459,.F.);
#4604=ORIENTED_EDGE('',*,*,#3464,.F.);
#4605=ORIENTED_EDGE('',*,*,#3465,.T.);
#4606=ORIENTED_EDGE('',*,*,#3466,.T.);
#4607=ORIENTED_EDGE('',*,*,#3463,.F.);
#4608=ORIENTED_EDGE('',*,*,#3467,.F.);
#4609=ORIENTED_EDGE('',*,*,#3468,.T.);
#4610=ORIENTED_EDGE('',*,*,#3469,.T.);
#4611=ORIENTED_EDGE('',*,*,#3465,.F.);
#4612=ORIENTED_EDGE('',*,*,#3470,.F.);
#4613=ORIENTED_EDGE('',*,*,#3471,.T.);
#4614=ORIENTED_EDGE('',*,*,#3472,.T.);
#4615=ORIENTED_EDGE('',*,*,#3468,.F.);
#4616=ORIENTED_EDGE('',*,*,#3473,.F.);
#4617=ORIENTED_EDGE('',*,*,#3474,.T.);
#4618=ORIENTED_EDGE('',*,*,#3475,.T.);
#4619=ORIENTED_EDGE('',*,*,#3471,.F.);
#4620=ORIENTED_EDGE('',*,*,#3476,.F.);
#4621=ORIENTED_EDGE('',*,*,#3477,.T.);
#4622=ORIENTED_EDGE('',*,*,#3478,.T.);
#4623=ORIENTED_EDGE('',*,*,#3474,.F.);
#4624=ORIENTED_EDGE('',*,*,#3479,.F.);
#4625=ORIENTED_EDGE('',*,*,#3461,.T.);
#4626=ORIENTED_EDGE('',*,*,#3480,.T.);
#4627=ORIENTED_EDGE('',*,*,#3477,.F.);
#4628=ORIENTED_EDGE('',*,*,#3481,.F.);
#4629=ORIENTED_EDGE('',*,*,#3462,.T.);
#4630=ORIENTED_EDGE('',*,*,#3481,.T.);
#4631=ORIENTED_EDGE('',*,*,#3479,.T.);
#4632=ORIENTED_EDGE('',*,*,#3476,.T.);
#4633=ORIENTED_EDGE('',*,*,#3473,.T.);
#4634=ORIENTED_EDGE('',*,*,#3470,.T.);
#4635=ORIENTED_EDGE('',*,*,#3467,.T.);
#4636=ORIENTED_EDGE('',*,*,#3464,.T.);
#4637=ORIENTED_EDGE('',*,*,#3331,.T.);
#4638=ORIENTED_EDGE('',*,*,#3482,.F.);
#4639=ORIENTED_EDGE('',*,*,#3483,.F.);
#4640=ORIENTED_EDGE('',*,*,#3484,.T.);
#4641=ORIENTED_EDGE('',*,*,#3332,.T.);
#4642=ORIENTED_EDGE('',*,*,#3484,.F.);
#4643=ORIENTED_EDGE('',*,*,#3485,.F.);
#4644=ORIENTED_EDGE('',*,*,#3486,.T.);
#4645=ORIENTED_EDGE('',*,*,#3333,.T.);
#4646=ORIENTED_EDGE('',*,*,#3486,.F.);
#4647=ORIENTED_EDGE('',*,*,#3487,.F.);
#4648=ORIENTED_EDGE('',*,*,#3488,.T.);
#4649=ORIENTED_EDGE('',*,*,#3334,.T.);
#4650=ORIENTED_EDGE('',*,*,#3488,.F.);
#4651=ORIENTED_EDGE('',*,*,#3489,.F.);
#4652=ORIENTED_EDGE('',*,*,#3490,.T.);
#4653=ORIENTED_EDGE('',*,*,#3335,.T.);
#4654=ORIENTED_EDGE('',*,*,#3490,.F.);
#4655=ORIENTED_EDGE('',*,*,#3491,.F.);
#4656=ORIENTED_EDGE('',*,*,#3492,.T.);
#4657=ORIENTED_EDGE('',*,*,#3336,.T.);
#4658=ORIENTED_EDGE('',*,*,#3492,.F.);
#4659=ORIENTED_EDGE('',*,*,#3493,.F.);
#4660=ORIENTED_EDGE('',*,*,#3494,.T.);
#4661=ORIENTED_EDGE('',*,*,#3337,.T.);
#4662=ORIENTED_EDGE('',*,*,#3494,.F.);
#4663=ORIENTED_EDGE('',*,*,#3495,.F.);
#4664=ORIENTED_EDGE('',*,*,#3496,.T.);
#4665=ORIENTED_EDGE('',*,*,#3330,.T.);
#4666=ORIENTED_EDGE('',*,*,#3496,.F.);
#4667=ORIENTED_EDGE('',*,*,#3497,.F.);
#4668=ORIENTED_EDGE('',*,*,#3482,.T.);
#4669=ORIENTED_EDGE('',*,*,#3483,.T.);
#4670=ORIENTED_EDGE('',*,*,#3497,.T.);
#4671=ORIENTED_EDGE('',*,*,#3495,.T.);
#4672=ORIENTED_EDGE('',*,*,#3493,.T.);
#4673=ORIENTED_EDGE('',*,*,#3491,.T.);
#4674=ORIENTED_EDGE('',*,*,#3489,.T.);
#4675=ORIENTED_EDGE('',*,*,#3487,.T.);
#4676=ORIENTED_EDGE('',*,*,#3485,.T.);
#4677=ORIENTED_EDGE('',*,*,#3498,.F.);
#4678=ORIENTED_EDGE('',*,*,#3416,.F.);
#4679=ORIENTED_EDGE('',*,*,#3499,.F.);
#4680=ORIENTED_EDGE('',*,*,#3348,.F.);
#4681=ORIENTED_EDGE('',*,*,#3499,.T.);
#4682=ORIENTED_EDGE('',*,*,#3430,.F.);
#4683=ORIENTED_EDGE('',*,*,#3500,.F.);
#4684=ORIENTED_EDGE('',*,*,#3349,.F.);
#4685=ORIENTED_EDGE('',*,*,#3501,.F.);
#4686=ORIENTED_EDGE('',*,*,#3498,.T.);
#4687=ORIENTED_EDGE('',*,*,#3502,.F.);
#4688=ORIENTED_EDGE('',*,*,#3500,.T.);
#4689=ORIENTED_EDGE('',*,*,#3399,.F.);
#4690=ORIENTED_EDGE('',*,*,#3503,.F.);
#4691=ORIENTED_EDGE('',*,*,#3350,.F.);
#4692=ORIENTED_EDGE('',*,*,#3502,.T.);
#4693=ORIENTED_EDGE('',*,*,#3347,.F.);
#4694=ORIENTED_EDGE('',*,*,#3504,.F.);
#4695=ORIENTED_EDGE('',*,*,#3271,.F.);
#4696=ORIENTED_EDGE('',*,*,#3501,.T.);
#4697=ORIENTED_EDGE('',*,*,#3274,.F.);
#4698=ORIENTED_EDGE('',*,*,#3505,.F.);
#4699=ORIENTED_EDGE('',*,*,#3410,.F.);
#4700=ORIENTED_EDGE('',*,*,#3506,.F.);
#4701=ORIENTED_EDGE('',*,*,#3266,.F.);
#4702=ORIENTED_EDGE('',*,*,#3507,.F.);
#4703=ORIENTED_EDGE('',*,*,#3411,.F.);
#4704=ORIENTED_EDGE('',*,*,#3507,.T.);
#4705=ORIENTED_EDGE('',*,*,#3265,.F.);
#4706=ORIENTED_EDGE('',*,*,#3508,.F.);
#4707=ORIENTED_EDGE('',*,*,#3424,.F.);
#4708=ORIENTED_EDGE('',*,*,#3509,.F.);
#4709=ORIENTED_EDGE('',*,*,#3503,.T.);
#4710=ORIENTED_EDGE('',*,*,#3510,.F.);
#4711=ORIENTED_EDGE('',*,*,#3511,.F.);
#4712=ORIENTED_EDGE('',*,*,#3504,.T.);
#4713=ORIENTED_EDGE('',*,*,#3512,.F.);
#4714=ORIENTED_EDGE('',*,*,#3506,.T.);
#4715=ORIENTED_EDGE('',*,*,#3505,.T.);
#4716=ORIENTED_EDGE('',*,*,#3513,.F.);
#4717=ORIENTED_EDGE('',*,*,#3508,.T.);
#4718=ORIENTED_EDGE('',*,*,#3264,.F.);
#4719=ORIENTED_EDGE('',*,*,#3514,.F.);
#4720=ORIENTED_EDGE('',*,*,#3397,.F.);
#4721=ORIENTED_EDGE('',*,*,#3510,.T.);
#4722=ORIENTED_EDGE('',*,*,#3398,.F.);
#4723=ORIENTED_EDGE('',*,*,#3515,.F.);
#4724=ORIENTED_EDGE('',*,*,#3275,.F.);
#4725=ORIENTED_EDGE('',*,*,#3509,.T.);
#4726=ORIENTED_EDGE('',*,*,#3278,.F.);
#4727=ORIENTED_EDGE('',*,*,#3516,.F.);
#4728=ORIENTED_EDGE('',*,*,#3344,.F.);
#4729=ORIENTED_EDGE('',*,*,#3517,.F.);
#4730=ORIENTED_EDGE('',*,*,#3345,.F.);
#4731=ORIENTED_EDGE('',*,*,#3518,.F.);
#4732=ORIENTED_EDGE('',*,*,#3240,.F.);
#4733=ORIENTED_EDGE('',*,*,#3512,.T.);
#4734=ORIENTED_EDGE('',*,*,#3346,.F.);
#4735=ORIENTED_EDGE('',*,*,#3519,.F.);
#4736=ORIENTED_EDGE('',*,*,#3351,.F.);
#4737=ORIENTED_EDGE('',*,*,#3511,.T.);
#4738=ORIENTED_EDGE('',*,*,#3354,.F.);
#4739=ORIENTED_EDGE('',*,*,#3520,.F.);
#4740=ORIENTED_EDGE('',*,*,#3272,.F.);
#4741=ORIENTED_EDGE('',*,*,#3513,.T.);
#4742=ORIENTED_EDGE('',*,*,#3273,.F.);
#4743=ORIENTED_EDGE('',*,*,#3521,.F.);
#4744=ORIENTED_EDGE('',*,*,#3267,.F.);
#4745=ORIENTED_EDGE('',*,*,#3515,.T.);
#4746=ORIENTED_EDGE('',*,*,#3514,.T.);
#4747=ORIENTED_EDGE('',*,*,#3522,.F.);
#4748=ORIENTED_EDGE('',*,*,#3518,.T.);
#4749=ORIENTED_EDGE('',*,*,#3516,.T.);
#4750=ORIENTED_EDGE('',*,*,#3523,.F.);
#4751=ORIENTED_EDGE('',*,*,#3519,.T.);
#4752=ORIENTED_EDGE('',*,*,#3517,.T.);
#4753=ORIENTED_EDGE('',*,*,#3524,.F.);
#4754=ORIENTED_EDGE('',*,*,#3521,.T.);
#4755=ORIENTED_EDGE('',*,*,#3520,.T.);
#4756=ORIENTED_EDGE('',*,*,#3525,.F.);
#4757=ORIENTED_EDGE('',*,*,#3522,.T.);
#4758=ORIENTED_EDGE('',*,*,#3270,.F.);
#4759=ORIENTED_EDGE('',*,*,#3526,.F.);
#4760=ORIENTED_EDGE('',*,*,#3276,.F.);
#4761=ORIENTED_EDGE('',*,*,#3523,.T.);
#4762=ORIENTED_EDGE('',*,*,#3277,.F.);
#4763=ORIENTED_EDGE('',*,*,#3527,.F.);
#4764=ORIENTED_EDGE('',*,*,#3237,.F.);
#4765=ORIENTED_EDGE('',*,*,#3524,.T.);
#4766=ORIENTED_EDGE('',*,*,#3239,.F.);
#4767=ORIENTED_EDGE('',*,*,#3528,.F.);
#4768=ORIENTED_EDGE('',*,*,#3352,.F.);
#4769=ORIENTED_EDGE('',*,*,#3525,.T.);
#4770=ORIENTED_EDGE('',*,*,#3353,.F.);
#4771=ORIENTED_EDGE('',*,*,#3529,.F.);
#4772=ORIENTED_EDGE('',*,*,#3268,.F.);
#4773=ORIENTED_EDGE('',*,*,#3527,.T.);
#4774=ORIENTED_EDGE('',*,*,#3526,.T.);
#4775=ORIENTED_EDGE('',*,*,#3530,.F.);
#4776=ORIENTED_EDGE('',*,*,#3529,.T.);
#4777=ORIENTED_EDGE('',*,*,#3528,.T.);
#4778=ORIENTED_EDGE('',*,*,#3531,.F.);
#4779=ORIENTED_EDGE('',*,*,#3530,.T.);
#4780=ORIENTED_EDGE('',*,*,#3269,.F.);
#4781=ORIENTED_EDGE('',*,*,#3531,.T.);
#4782=ORIENTED_EDGE('',*,*,#3238,.F.);
#4783=ORIENTED_EDGE('',*,*,#3384,.F.);
#4784=ORIENTED_EDGE('',*,*,#3289,.F.);
#4785=ORIENTED_EDGE('',*,*,#3532,.F.);
#4786=ORIENTED_EDGE('',*,*,#3390,.F.);
#4787=ORIENTED_EDGE('',*,*,#3386,.F.);
#4788=ORIENTED_EDGE('',*,*,#3391,.F.);
#4789=ORIENTED_EDGE('',*,*,#3533,.F.);
#4790=ORIENTED_EDGE('',*,*,#3326,.F.);
#4791=ORIENTED_EDGE('',*,*,#3387,.F.);
#4792=ORIENTED_EDGE('',*,*,#3324,.F.);
#4793=ORIENTED_EDGE('',*,*,#3534,.F.);
#4794=ORIENTED_EDGE('',*,*,#3376,.F.);
#4795=ORIENTED_EDGE('',*,*,#3383,.F.);
#4796=ORIENTED_EDGE('',*,*,#3377,.F.);
#4797=ORIENTED_EDGE('',*,*,#3535,.F.);
#4798=ORIENTED_EDGE('',*,*,#3283,.F.);
#4799=ORIENTED_EDGE('',*,*,#3533,.T.);
#4800=ORIENTED_EDGE('',*,*,#3532,.T.);
#4801=ORIENTED_EDGE('',*,*,#3536,.F.);
#4802=ORIENTED_EDGE('',*,*,#3535,.T.);
#4803=ORIENTED_EDGE('',*,*,#3534,.T.);
#4804=ORIENTED_EDGE('',*,*,#3537,.F.);
#4805=ORIENTED_EDGE('',*,*,#3536,.T.);
#4806=ORIENTED_EDGE('',*,*,#3288,.F.);
#4807=ORIENTED_EDGE('',*,*,#3538,.F.);
#4808=ORIENTED_EDGE('',*,*,#3327,.F.);
#4809=ORIENTED_EDGE('',*,*,#3379,.F.);
#4810=ORIENTED_EDGE('',*,*,#3310,.F.);
#4811=ORIENTED_EDGE('',*,*,#3539,.F.);
#4812=ORIENTED_EDGE('',*,*,#3388,.F.);
#4813=ORIENTED_EDGE('',*,*,#3381,.F.);
#4814=ORIENTED_EDGE('',*,*,#3389,.F.);
#4815=ORIENTED_EDGE('',*,*,#3540,.F.);
#4816=ORIENTED_EDGE('',*,*,#3291,.F.);
#4817=ORIENTED_EDGE('',*,*,#3537,.T.);
#4818=ORIENTED_EDGE('',*,*,#3323,.F.);
#4819=ORIENTED_EDGE('',*,*,#3541,.F.);
#4820=ORIENTED_EDGE('',*,*,#3284,.F.);
#4821=ORIENTED_EDGE('',*,*,#3542,.F.);
#4822=ORIENTED_EDGE('',*,*,#3285,.F.);
#4823=ORIENTED_EDGE('',*,*,#3543,.F.);
#4824=ORIENTED_EDGE('',*,*,#3365,.F.);
#4825=ORIENTED_EDGE('',*,*,#3544,.F.);
#4826=ORIENTED_EDGE('',*,*,#3542,.T.);
#4827=ORIENTED_EDGE('',*,*,#3545,.F.);
#4828=ORIENTED_EDGE('',*,*,#3546,.F.);
#4829=ORIENTED_EDGE('',*,*,#3538,.T.);
#4830=ORIENTED_EDGE('',*,*,#3547,.F.);
#4831=ORIENTED_EDGE('',*,*,#3540,.T.);
#4832=ORIENTED_EDGE('',*,*,#3539,.T.);
#4833=ORIENTED_EDGE('',*,*,#3548,.F.);
#4834=ORIENTED_EDGE('',*,*,#3543,.T.);
#4835=ORIENTED_EDGE('',*,*,#3541,.T.);
#4836=ORIENTED_EDGE('',*,*,#3549,.F.);
#4837=ORIENTED_EDGE('',*,*,#3545,.T.);
#4838=ORIENTED_EDGE('',*,*,#3368,.F.);
#4839=ORIENTED_EDGE('',*,*,#3550,.F.);
#4840=ORIENTED_EDGE('',*,*,#3309,.F.);
#4841=ORIENTED_EDGE('',*,*,#3544,.T.);
#4842=ORIENTED_EDGE('',*,*,#3308,.F.);
#4843=ORIENTED_EDGE('',*,*,#3551,.F.);
#4844=ORIENTED_EDGE('',*,*,#3286,.F.);
#4845=ORIENTED_EDGE('',*,*,#3547,.T.);
#4846=ORIENTED_EDGE('',*,*,#3287,.F.);
#4847=ORIENTED_EDGE('',*,*,#3552,.F.);
#4848=ORIENTED_EDGE('',*,*,#3395,.F.);
#4849=ORIENTED_EDGE('',*,*,#3546,.T.);
#4850=ORIENTED_EDGE('',*,*,#3394,.F.);
#4851=ORIENTED_EDGE('',*,*,#3553,.F.);
#4852=ORIENTED_EDGE('',*,*,#3328,.F.);
#4853=ORIENTED_EDGE('',*,*,#3548,.T.);
#4854=ORIENTED_EDGE('',*,*,#3329,.F.);
#4855=ORIENTED_EDGE('',*,*,#3554,.F.);
#4856=ORIENTED_EDGE('',*,*,#3292,.F.);
#4857=ORIENTED_EDGE('',*,*,#3549,.T.);
#4858=ORIENTED_EDGE('',*,*,#3322,.F.);
#4859=ORIENTED_EDGE('',*,*,#3555,.F.);
#4860=ORIENTED_EDGE('',*,*,#3366,.F.);
#4861=ORIENTED_EDGE('',*,*,#3550,.T.);
#4862=ORIENTED_EDGE('',*,*,#3374,.F.);
#4863=ORIENTED_EDGE('',*,*,#3556,.F.);
#4864=ORIENTED_EDGE('',*,*,#3298,.F.);
#4865=ORIENTED_EDGE('',*,*,#3552,.T.);
#4866=ORIENTED_EDGE('',*,*,#3551,.T.);
#4867=ORIENTED_EDGE('',*,*,#3557,.F.);
#4868=ORIENTED_EDGE('',*,*,#3554,.T.);
#4869=ORIENTED_EDGE('',*,*,#3553,.T.);
#4870=ORIENTED_EDGE('',*,*,#3558,.F.);
#4871=ORIENTED_EDGE('',*,*,#3555,.T.);
#4872=ORIENTED_EDGE('',*,*,#3321,.F.);
#4873=ORIENTED_EDGE('',*,*,#3559,.F.);
#4874=ORIENTED_EDGE('',*,*,#3373,.F.);
#4875=ORIENTED_EDGE('',*,*,#3556,.T.);
#4876=ORIENTED_EDGE('',*,*,#3372,.F.);
#4877=ORIENTED_EDGE('',*,*,#3560,.F.);
#4878=ORIENTED_EDGE('',*,*,#3299,.F.);
#4879=ORIENTED_EDGE('',*,*,#3557,.T.);
#4880=ORIENTED_EDGE('',*,*,#3307,.F.);
#4881=ORIENTED_EDGE('',*,*,#3561,.F.);
#4882=ORIENTED_EDGE('',*,*,#3392,.F.);
#4883=ORIENTED_EDGE('',*,*,#3558,.T.);
#4884=ORIENTED_EDGE('',*,*,#3393,.F.);
#4885=ORIENTED_EDGE('',*,*,#3562,.F.);
#4886=ORIENTED_EDGE('',*,*,#3293,.F.);
#4887=ORIENTED_EDGE('',*,*,#3382,.F.);
#4888=ORIENTED_EDGE('',*,*,#3297,.F.);
#4889=ORIENTED_EDGE('',*,*,#3563,.F.);
#4890=ORIENTED_EDGE('',*,*,#3280,.F.);
#4891=ORIENTED_EDGE('',*,*,#3378,.F.);
#4892=ORIENTED_EDGE('',*,*,#3281,.F.);
#4893=ORIENTED_EDGE('',*,*,#3564,.F.);
#4894=ORIENTED_EDGE('',*,*,#3312,.F.);
#4895=ORIENTED_EDGE('',*,*,#3559,.T.);
#4896=ORIENTED_EDGE('',*,*,#3320,.F.);
#4897=ORIENTED_EDGE('',*,*,#3565,.F.);
#4898=ORIENTED_EDGE('',*,*,#3370,.F.);
#4899=ORIENTED_EDGE('',*,*,#3566,.F.);
#4900=ORIENTED_EDGE('',*,*,#3371,.F.);
#4901=ORIENTED_EDGE('',*,*,#3567,.F.);
#4902=ORIENTED_EDGE('',*,*,#3262,.F.);
#4903=ORIENTED_EDGE('',*,*,#3560,.T.);
#4904=ORIENTED_EDGE('',*,*,#3566,.T.);
#4905=ORIENTED_EDGE('',*,*,#3568,.F.);
#4906=ORIENTED_EDGE('',*,*,#3562,.T.);
#4907=ORIENTED_EDGE('',*,*,#3561,.T.);
#4908=ORIENTED_EDGE('',*,*,#3569,.F.);
#4909=ORIENTED_EDGE('',*,*,#3564,.T.);
#4910=ORIENTED_EDGE('',*,*,#3563,.T.);
#4911=ORIENTED_EDGE('',*,*,#3570,.F.);
#4912=ORIENTED_EDGE('',*,*,#3567,.T.);
#4913=ORIENTED_EDGE('',*,*,#3565,.T.);
#4914=ORIENTED_EDGE('',*,*,#3571,.F.);
#4915=ORIENTED_EDGE('',*,*,#3572,.F.);
#4916=ORIENTED_EDGE('',*,*,#3428,.F.);
#4917=ORIENTED_EDGE('',*,*,#3573,.F.);
#4918=ORIENTED_EDGE('',*,*,#3259,.F.);
#4919=ORIENTED_EDGE('',*,*,#3573,.T.);
#4920=ORIENTED_EDGE('',*,*,#3420,.F.);
#4921=ORIENTED_EDGE('',*,*,#3574,.F.);
#4922=ORIENTED_EDGE('',*,*,#3260,.F.);
#4923=ORIENTED_EDGE('',*,*,#3568,.T.);
#4924=ORIENTED_EDGE('',*,*,#3261,.F.);
#4925=ORIENTED_EDGE('',*,*,#3575,.F.);
#4926=ORIENTED_EDGE('',*,*,#3300,.F.);
#4927=ORIENTED_EDGE('',*,*,#3569,.T.);
#4928=ORIENTED_EDGE('',*,*,#3306,.F.);
#4929=ORIENTED_EDGE('',*,*,#3576,.F.);
#4930=ORIENTED_EDGE('',*,*,#3294,.F.);
#4931=ORIENTED_EDGE('',*,*,#3577,.F.);
#4932=ORIENTED_EDGE('',*,*,#3295,.F.);
#4933=ORIENTED_EDGE('',*,*,#3578,.F.);
#4934=ORIENTED_EDGE('',*,*,#3361,.F.);
#4935=ORIENTED_EDGE('',*,*,#3570,.T.);
#4936=ORIENTED_EDGE('',*,*,#3296,.F.);
#4937=ORIENTED_EDGE('',*,*,#3579,.F.);
#4938=ORIENTED_EDGE('',*,*,#3313,.F.);
#4939=ORIENTED_EDGE('',*,*,#3571,.T.);
#4940=ORIENTED_EDGE('',*,*,#3319,.F.);
#4941=ORIENTED_EDGE('',*,*,#3580,.F.);
#4942=ORIENTED_EDGE('',*,*,#3263,.F.);
#4943=ORIENTED_EDGE('',*,*,#3572,.T.);
#4944=ORIENTED_EDGE('',*,*,#3258,.F.);
#4945=ORIENTED_EDGE('',*,*,#3581,.F.);
#4946=ORIENTED_EDGE('',*,*,#3409,.F.);
#4947=ORIENTED_EDGE('',*,*,#3575,.T.);
#4948=ORIENTED_EDGE('',*,*,#3574,.T.);
#4949=ORIENTED_EDGE('',*,*,#3582,.F.);
#4950=ORIENTED_EDGE('',*,*,#3578,.T.);
#4951=ORIENTED_EDGE('',*,*,#3576,.T.);
#4952=ORIENTED_EDGE('',*,*,#3583,.F.);
#4953=ORIENTED_EDGE('',*,*,#3579,.T.);
#4954=ORIENTED_EDGE('',*,*,#3577,.T.);
#4955=ORIENTED_EDGE('',*,*,#3584,.F.);
#4956=ORIENTED_EDGE('',*,*,#3581,.T.);
#4957=ORIENTED_EDGE('',*,*,#3580,.T.);
#4958=ORIENTED_EDGE('',*,*,#3585,.F.);
#4959=ORIENTED_EDGE('',*,*,#3586,.F.);
#4960=ORIENTED_EDGE('',*,*,#3343,.F.);
#4961=ORIENTED_EDGE('',*,*,#3587,.F.);
#4962=ORIENTED_EDGE('',*,*,#3426,.F.);
#4963=ORIENTED_EDGE('',*,*,#3587,.T.);
#4964=ORIENTED_EDGE('',*,*,#3342,.F.);
#4965=ORIENTED_EDGE('',*,*,#3588,.F.);
#4966=ORIENTED_EDGE('',*,*,#3418,.F.);
#4967=ORIENTED_EDGE('',*,*,#3582,.T.);
#4968=ORIENTED_EDGE('',*,*,#3419,.F.);
#4969=ORIENTED_EDGE('',*,*,#3589,.F.);
#4970=ORIENTED_EDGE('',*,*,#3301,.F.);
#4971=ORIENTED_EDGE('',*,*,#3583,.T.);
#4972=ORIENTED_EDGE('',*,*,#3305,.F.);
#4973=ORIENTED_EDGE('',*,*,#3590,.F.);
#4974=ORIENTED_EDGE('',*,*,#3362,.F.);
#4975=ORIENTED_EDGE('',*,*,#3584,.T.);
#4976=ORIENTED_EDGE('',*,*,#3360,.F.);
#4977=ORIENTED_EDGE('',*,*,#3591,.F.);
#4978=ORIENTED_EDGE('',*,*,#3314,.F.);
#4979=ORIENTED_EDGE('',*,*,#3585,.T.);
#4980=ORIENTED_EDGE('',*,*,#3318,.F.);
#4981=ORIENTED_EDGE('',*,*,#3592,.F.);
#4982=ORIENTED_EDGE('',*,*,#3403,.F.);
#4983=ORIENTED_EDGE('',*,*,#3586,.T.);
#4984=ORIENTED_EDGE('',*,*,#3404,.F.);
#4985=ORIENTED_EDGE('',*,*,#3593,.F.);
#4986=ORIENTED_EDGE('',*,*,#3338,.F.);
#4987=ORIENTED_EDGE('',*,*,#3589,.T.);
#4988=ORIENTED_EDGE('',*,*,#3588,.T.);
#4989=ORIENTED_EDGE('',*,*,#3594,.F.);
#4990=ORIENTED_EDGE('',*,*,#3590,.T.);
#4991=ORIENTED_EDGE('',*,*,#3304,.F.);
#4992=ORIENTED_EDGE('',*,*,#3595,.F.);
#4993=ORIENTED_EDGE('',*,*,#3364,.F.);
#4994=ORIENTED_EDGE('',*,*,#3591,.T.);
#4995=ORIENTED_EDGE('',*,*,#3363,.F.);
#4996=ORIENTED_EDGE('',*,*,#3596,.F.);
#4997=ORIENTED_EDGE('',*,*,#3315,.F.);
#4998=ORIENTED_EDGE('',*,*,#3593,.T.);
#4999=ORIENTED_EDGE('',*,*,#3592,.T.);
#5000=ORIENTED_EDGE('',*,*,#3597,.F.);
#5001=ORIENTED_EDGE('',*,*,#3594,.T.);
#5002=ORIENTED_EDGE('',*,*,#3341,.F.);
#5003=ORIENTED_EDGE('',*,*,#3598,.F.);
#5004=ORIENTED_EDGE('',*,*,#3302,.F.);
#5005=ORIENTED_EDGE('',*,*,#3595,.T.);
#5006=ORIENTED_EDGE('',*,*,#3303,.F.);
#5007=ORIENTED_EDGE('',*,*,#3599,.F.);
#5008=ORIENTED_EDGE('',*,*,#3358,.F.);
#5009=ORIENTED_EDGE('',*,*,#3596,.T.);
#5010=ORIENTED_EDGE('',*,*,#3356,.F.);
#5011=ORIENTED_EDGE('',*,*,#3600,.F.);
#5012=ORIENTED_EDGE('',*,*,#3316,.F.);
#5013=ORIENTED_EDGE('',*,*,#3597,.T.);
#5014=ORIENTED_EDGE('',*,*,#3317,.F.);
#5015=ORIENTED_EDGE('',*,*,#3601,.F.);
#5016=ORIENTED_EDGE('',*,*,#3339,.F.);
#5017=ORIENTED_EDGE('',*,*,#3599,.T.);
#5018=ORIENTED_EDGE('',*,*,#3598,.T.);
#5019=ORIENTED_EDGE('',*,*,#3602,.F.);
#5020=ORIENTED_EDGE('',*,*,#3601,.T.);
#5021=ORIENTED_EDGE('',*,*,#3600,.T.);
#5022=ORIENTED_EDGE('',*,*,#3603,.F.);
#5023=ORIENTED_EDGE('',*,*,#3602,.T.);
#5024=ORIENTED_EDGE('',*,*,#3340,.F.);
#5025=ORIENTED_EDGE('',*,*,#3603,.T.);
#5026=ORIENTED_EDGE('',*,*,#3355,.F.);
#5027=ORIENTED_EDGE('',*,*,#3233,.T.);
#5028=ORIENTED_EDGE('',*,*,#3604,.T.);
#5029=ORIENTED_EDGE('',*,*,#3605,.F.);
#5030=ORIENTED_EDGE('',*,*,#3243,.F.);
#5031=ORIENTED_EDGE('',*,*,#3606,.F.);
#5032=ORIENTED_EDGE('',*,*,#3607,.T.);
#5033=ORIENTED_EDGE('',*,*,#3235,.T.);
#5034=ORIENTED_EDGE('',*,*,#3242,.F.);
#5035=ORIENTED_EDGE('',*,*,#3605,.T.);
#5036=ORIENTED_EDGE('',*,*,#3608,.T.);
#5037=ORIENTED_EDGE('',*,*,#3609,.F.);
#5038=ORIENTED_EDGE('',*,*,#3244,.F.);
#5039=ORIENTED_EDGE('',*,*,#3610,.F.);
#5040=ORIENTED_EDGE('',*,*,#3611,.T.);
#5041=ORIENTED_EDGE('',*,*,#3606,.T.);
#5042=ORIENTED_EDGE('',*,*,#3241,.F.);
#5043=ORIENTED_EDGE('',*,*,#3609,.T.);
#5044=ORIENTED_EDGE('',*,*,#3612,.T.);
#5045=ORIENTED_EDGE('',*,*,#3613,.F.);
#5046=ORIENTED_EDGE('',*,*,#3245,.F.);
#5047=ORIENTED_EDGE('',*,*,#3614,.F.);
#5048=ORIENTED_EDGE('',*,*,#3615,.T.);
#5049=ORIENTED_EDGE('',*,*,#3610,.T.);
#5050=ORIENTED_EDGE('',*,*,#3249,.F.);
#5051=ORIENTED_EDGE('',*,*,#3613,.T.);
#5052=ORIENTED_EDGE('',*,*,#3616,.T.);
#5053=ORIENTED_EDGE('',*,*,#3435,.F.);
#5054=ORIENTED_EDGE('',*,*,#3617,.F.);
#5055=ORIENTED_EDGE('',*,*,#3246,.F.);
#5056=ORIENTED_EDGE('',*,*,#3434,.F.);
#5057=ORIENTED_EDGE('',*,*,#3618,.T.);
#5058=ORIENTED_EDGE('',*,*,#3614,.T.);
#5059=ORIENTED_EDGE('',*,*,#3248,.F.);
#5060=ORIENTED_EDGE('',*,*,#3619,.F.);
#5061=ORIENTED_EDGE('',*,*,#3617,.T.);
#5062=ORIENTED_EDGE('',*,*,#3439,.F.);
#5063=ORIENTED_EDGE('',*,*,#3619,.T.);
#5064=ORIENTED_EDGE('',*,*,#3247,.F.);
#5065=ORIENTED_EDGE('',*,*,#3620,.F.);
#5066=ORIENTED_EDGE('',*,*,#3448,.F.);
#5067=ORIENTED_EDGE('',*,*,#3621,.F.);
#5068=ORIENTED_EDGE('',*,*,#3612,.F.);
#5069=ORIENTED_EDGE('',*,*,#3621,.T.);
#5070=ORIENTED_EDGE('',*,*,#3447,.F.);
#5071=ORIENTED_EDGE('',*,*,#3622,.F.);
#5072=ORIENTED_EDGE('',*,*,#3616,.F.);
#5073=ORIENTED_EDGE('',*,*,#3620,.T.);
#5074=ORIENTED_EDGE('',*,*,#3608,.F.);
#5075=ORIENTED_EDGE('',*,*,#3623,.F.);
#5076=ORIENTED_EDGE('',*,*,#3449,.F.);
#5077=ORIENTED_EDGE('',*,*,#3622,.T.);
#5078=ORIENTED_EDGE('',*,*,#3446,.F.);
#5079=ORIENTED_EDGE('',*,*,#3624,.F.);
#5080=ORIENTED_EDGE('',*,*,#3436,.F.);
#5081=ORIENTED_EDGE('',*,*,#3623,.T.);
#5082=ORIENTED_EDGE('',*,*,#3604,.F.);
#5083=ORIENTED_EDGE('',*,*,#3625,.F.);
#5084=ORIENTED_EDGE('',*,*,#3450,.F.);
#5085=ORIENTED_EDGE('',*,*,#3624,.T.);
#5086=ORIENTED_EDGE('',*,*,#3445,.F.);
#5087=ORIENTED_EDGE('',*,*,#3626,.F.);
#5088=ORIENTED_EDGE('',*,*,#3438,.F.);
#5089=ORIENTED_EDGE('',*,*,#3625,.T.);
#5090=ORIENTED_EDGE('',*,*,#3236,.F.);
#5091=ORIENTED_EDGE('',*,*,#3627,.F.);
#5092=ORIENTED_EDGE('',*,*,#3451,.F.);
#5093=ORIENTED_EDGE('',*,*,#3626,.T.);
#5094=ORIENTED_EDGE('',*,*,#3444,.F.);
#5095=ORIENTED_EDGE('',*,*,#3628,.F.);
#5096=ORIENTED_EDGE('',*,*,#3433,.F.);
#5097=ORIENTED_EDGE('',*,*,#3627,.T.);
#5098=ORIENTED_EDGE('',*,*,#3607,.F.);
#5099=ORIENTED_EDGE('',*,*,#3629,.F.);
#5100=ORIENTED_EDGE('',*,*,#3440,.F.);
#5101=ORIENTED_EDGE('',*,*,#3628,.T.);
#5102=ORIENTED_EDGE('',*,*,#3443,.F.);
#5103=ORIENTED_EDGE('',*,*,#3630,.F.);
#5104=ORIENTED_EDGE('',*,*,#3618,.F.);
#5105=ORIENTED_EDGE('',*,*,#3629,.T.);
#5106=ORIENTED_EDGE('',*,*,#3611,.F.);
#5107=ORIENTED_EDGE('',*,*,#3631,.F.);
#5108=ORIENTED_EDGE('',*,*,#3441,.F.);
#5109=ORIENTED_EDGE('',*,*,#3630,.T.);
#5110=ORIENTED_EDGE('',*,*,#3442,.F.);
#5111=ORIENTED_EDGE('',*,*,#3631,.T.);
#5112=ORIENTED_EDGE('',*,*,#3615,.F.);
#5113=ORIENTED_EDGE('',*,*,#3632,.F.);
#5114=ORIENTED_EDGE('',*,*,#3456,.F.);
#5115=ORIENTED_EDGE('',*,*,#3229,.F.);
#5116=ORIENTED_EDGE('',*,*,#3466,.F.);
#5117=ORIENTED_EDGE('',*,*,#3632,.T.);
#5118=ORIENTED_EDGE('',*,*,#3469,.F.);
#5119=ORIENTED_EDGE('',*,*,#3633,.F.);
#5120=ORIENTED_EDGE('',*,*,#3457,.F.);
#5121=ORIENTED_EDGE('',*,*,#3231,.T.);
#5122=ORIENTED_EDGE('',*,*,#3455,.F.);
#5123=ORIENTED_EDGE('',*,*,#3634,.F.);
#5124=ORIENTED_EDGE('',*,*,#3460,.F.);
#5125=ORIENTED_EDGE('',*,*,#3633,.T.);
#5126=ORIENTED_EDGE('',*,*,#3472,.F.);
#5127=ORIENTED_EDGE('',*,*,#3635,.F.);
#5128=ORIENTED_EDGE('',*,*,#3458,.F.);
#5129=ORIENTED_EDGE('',*,*,#3634,.T.);
#5130=ORIENTED_EDGE('',*,*,#3454,.F.);
#5131=ORIENTED_EDGE('',*,*,#3636,.F.);
#5132=ORIENTED_EDGE('',*,*,#3480,.F.);
#5133=ORIENTED_EDGE('',*,*,#3635,.T.);
#5134=ORIENTED_EDGE('',*,*,#3475,.F.);
#5135=ORIENTED_EDGE('',*,*,#3637,.F.);
#5136=ORIENTED_EDGE('',*,*,#3452,.F.);
#5137=ORIENTED_EDGE('',*,*,#3636,.T.);
#5138=ORIENTED_EDGE('',*,*,#3453,.F.);
#5139=ORIENTED_EDGE('',*,*,#3637,.T.);
#5140=ORIENTED_EDGE('',*,*,#3478,.F.);
#5141=ORIENTED_EDGE('',*,*,#3638,.T.);
#5142=ORIENTED_EDGE('',*,*,#3639,.T.);
#5143=ORIENTED_EDGE('',*,*,#3640,.F.);
#5144=ORIENTED_EDGE('',*,*,#3641,.F.);
#5145=ORIENTED_EDGE('',*,*,#3642,.T.);
#5146=ORIENTED_EDGE('',*,*,#3643,.F.);
#5147=ORIENTED_EDGE('',*,*,#3644,.T.);
#5148=ORIENTED_EDGE('',*,*,#3645,.T.);
#5149=ORIENTED_EDGE('',*,*,#3646,.T.);
#5150=ORIENTED_EDGE('',*,*,#3647,.T.);
#5151=ORIENTED_EDGE('',*,*,#3648,.T.);
#5152=ORIENTED_EDGE('',*,*,#3649,.T.);
#5153=ORIENTED_EDGE('',*,*,#3650,.T.);
#5154=ORIENTED_EDGE('',*,*,#3651,.T.);
#5155=ORIENTED_EDGE('',*,*,#3652,.F.);
#5156=ORIENTED_EDGE('',*,*,#3653,.F.);
#5157=ORIENTED_EDGE('',*,*,#3654,.F.);
#5158=ORIENTED_EDGE('',*,*,#3655,.F.);
#5159=ORIENTED_EDGE('',*,*,#3656,.F.);
#5160=ORIENTED_EDGE('',*,*,#3657,.F.);
#5161=ORIENTED_EDGE('',*,*,#3658,.F.);
#5162=ORIENTED_EDGE('',*,*,#3659,.F.);
#5163=ORIENTED_EDGE('',*,*,#3660,.F.);
#5164=ORIENTED_EDGE('',*,*,#3661,.T.);
#5165=ORIENTED_EDGE('',*,*,#3662,.T.);
#5166=ORIENTED_EDGE('',*,*,#3663,.F.);
#5167=ORIENTED_EDGE('',*,*,#3664,.T.);
#5168=ORIENTED_EDGE('',*,*,#3665,.T.);
#5169=ORIENTED_EDGE('',*,*,#3644,.F.);
#5170=ORIENTED_EDGE('',*,*,#3666,.T.);
#5171=ORIENTED_EDGE('',*,*,#3646,.F.);
#5172=ORIENTED_EDGE('',*,*,#3667,.T.);
#5173=ORIENTED_EDGE('',*,*,#3668,.T.);
#5174=ORIENTED_EDGE('',*,*,#3669,.T.);
#5175=ORIENTED_EDGE('',*,*,#3648,.F.);
#5176=ORIENTED_EDGE('',*,*,#3670,.T.);
#5177=ORIENTED_EDGE('',*,*,#3671,.T.);
#5178=ORIENTED_EDGE('',*,*,#3672,.T.);
#5179=ORIENTED_EDGE('',*,*,#3650,.F.);
#5180=ORIENTED_EDGE('',*,*,#3673,.T.);
#5181=ORIENTED_EDGE('',*,*,#3674,.T.);
#5182=ORIENTED_EDGE('',*,*,#3675,.T.);
#5183=ORIENTED_EDGE('',*,*,#3668,.F.);
#5184=ORIENTED_EDGE('',*,*,#3676,.T.);
#5185=ORIENTED_EDGE('',*,*,#3664,.F.);
#5186=ORIENTED_EDGE('',*,*,#3677,.T.);
#5187=ORIENTED_EDGE('',*,*,#3674,.F.);
#5188=ORIENTED_EDGE('',*,*,#3678,.T.);
#5189=ORIENTED_EDGE('',*,*,#3671,.F.);
#5190=ORIENTED_EDGE('',*,*,#3679,.T.);
#5191=ORIENTED_EDGE('',*,*,#3680,.F.);
#5192=ORIENTED_EDGE('',*,*,#3681,.T.);
#5193=ORIENTED_EDGE('',*,*,#3682,.T.);
#5194=ORIENTED_EDGE('',*,*,#3653,.T.);
#5195=ORIENTED_EDGE('',*,*,#3683,.F.);
#5196=ORIENTED_EDGE('',*,*,#3684,.T.);
#5197=ORIENTED_EDGE('',*,*,#3680,.T.);
#5198=ORIENTED_EDGE('',*,*,#3652,.T.);
#5199=ORIENTED_EDGE('',*,*,#3685,.F.);
#5200=ORIENTED_EDGE('',*,*,#3686,.T.);
#5201=ORIENTED_EDGE('',*,*,#3683,.T.);
#5202=ORIENTED_EDGE('',*,*,#3659,.T.);
#5203=ORIENTED_EDGE('',*,*,#3687,.F.);
#5204=ORIENTED_EDGE('',*,*,#3688,.T.);
#5205=ORIENTED_EDGE('',*,*,#3685,.T.);
#5206=ORIENTED_EDGE('',*,*,#3658,.T.);
#5207=ORIENTED_EDGE('',*,*,#3689,.F.);
#5208=ORIENTED_EDGE('',*,*,#3690,.T.);
#5209=ORIENTED_EDGE('',*,*,#3687,.T.);
#5210=ORIENTED_EDGE('',*,*,#3657,.T.);
#5211=ORIENTED_EDGE('',*,*,#3691,.F.);
#5212=ORIENTED_EDGE('',*,*,#3692,.T.);
#5213=ORIENTED_EDGE('',*,*,#3689,.T.);
#5214=ORIENTED_EDGE('',*,*,#3656,.T.);
#5215=ORIENTED_EDGE('',*,*,#3693,.F.);
#5216=ORIENTED_EDGE('',*,*,#3694,.T.);
#5217=ORIENTED_EDGE('',*,*,#3691,.T.);
#5218=ORIENTED_EDGE('',*,*,#3655,.T.);
#5219=ORIENTED_EDGE('',*,*,#3682,.F.);
#5220=ORIENTED_EDGE('',*,*,#3695,.T.);
#5221=ORIENTED_EDGE('',*,*,#3693,.T.);
#5222=ORIENTED_EDGE('',*,*,#3654,.T.);
#5223=ORIENTED_EDGE('',*,*,#3696,.T.);
#5224=ORIENTED_EDGE('',*,*,#3697,.T.);
#5225=ORIENTED_EDGE('',*,*,#3698,.T.);
#5226=ORIENTED_EDGE('',*,*,#3699,.T.);
#5227=ORIENTED_EDGE('',*,*,#3700,.F.);
#5228=ORIENTED_EDGE('',*,*,#3684,.F.);
#5229=ORIENTED_EDGE('',*,*,#3701,.F.);
#5230=ORIENTED_EDGE('',*,*,#3699,.F.);
#5231=ORIENTED_EDGE('',*,*,#3701,.T.);
#5232=ORIENTED_EDGE('',*,*,#3686,.F.);
#5233=ORIENTED_EDGE('',*,*,#3702,.F.);
#5234=ORIENTED_EDGE('',*,*,#3681,.F.);
#5235=ORIENTED_EDGE('',*,*,#3700,.T.);
#5236=ORIENTED_EDGE('',*,*,#3703,.F.);
#5237=ORIENTED_EDGE('',*,*,#3702,.T.);
#5238=ORIENTED_EDGE('',*,*,#3688,.F.);
#5239=ORIENTED_EDGE('',*,*,#3704,.F.);
#5240=ORIENTED_EDGE('',*,*,#3696,.F.);
#5241=ORIENTED_EDGE('',*,*,#3703,.T.);
#5242=ORIENTED_EDGE('',*,*,#3698,.F.);
#5243=ORIENTED_EDGE('',*,*,#3705,.F.);
#5244=ORIENTED_EDGE('',*,*,#3695,.F.);
#5245=ORIENTED_EDGE('',*,*,#3704,.T.);
#5246=ORIENTED_EDGE('',*,*,#3690,.F.);
#5247=ORIENTED_EDGE('',*,*,#3706,.F.);
#5248=ORIENTED_EDGE('',*,*,#3694,.F.);
#5249=ORIENTED_EDGE('',*,*,#3705,.T.);
#5250=ORIENTED_EDGE('',*,*,#3707,.F.);
#5251=ORIENTED_EDGE('',*,*,#3706,.T.);
#5252=ORIENTED_EDGE('',*,*,#3692,.F.);
#5253=ORIENTED_EDGE('',*,*,#3707,.T.);
#5254=ORIENTED_EDGE('',*,*,#3697,.F.);
#5255=ORIENTED_EDGE('',*,*,#3645,.F.);
#5256=ORIENTED_EDGE('',*,*,#3665,.F.);
#5257=ORIENTED_EDGE('',*,*,#3676,.F.);
#5258=ORIENTED_EDGE('',*,*,#3667,.F.);
#5259=ORIENTED_EDGE('',*,*,#3647,.F.);
#5260=ORIENTED_EDGE('',*,*,#3669,.F.);
#5261=ORIENTED_EDGE('',*,*,#3679,.F.);
#5262=ORIENTED_EDGE('',*,*,#3670,.F.);
#5263=ORIENTED_EDGE('',*,*,#3649,.F.);
#5264=ORIENTED_EDGE('',*,*,#3672,.F.);
#5265=ORIENTED_EDGE('',*,*,#3678,.F.);
#5266=ORIENTED_EDGE('',*,*,#3673,.F.);
#5267=ORIENTED_EDGE('',*,*,#3651,.F.);
#5268=ORIENTED_EDGE('',*,*,#3675,.F.);
#5269=ORIENTED_EDGE('',*,*,#3677,.F.);
#5270=ORIENTED_EDGE('',*,*,#3666,.F.);
#5271=ORIENTED_EDGE('',*,*,#3708,.F.);
#5272=ORIENTED_EDGE('',*,*,#3642,.F.);
#5273=ORIENTED_EDGE('',*,*,#3709,.F.);
#5274=ORIENTED_EDGE('',*,*,#3710,.T.);
#5275=ORIENTED_EDGE('',*,*,#3711,.F.);
#5276=ORIENTED_EDGE('',*,*,#3712,.F.);
#5277=ORIENTED_EDGE('',*,*,#3713,.T.);
#5278=ORIENTED_EDGE('',*,*,#3661,.F.);
#5279=ORIENTED_EDGE('',*,*,#3714,.F.);
#5280=ORIENTED_EDGE('',*,*,#3715,.F.);
#5281=ORIENTED_EDGE('',*,*,#3638,.F.);
#5282=ORIENTED_EDGE('',*,*,#3716,.F.);
#5283=ORIENTED_EDGE('',*,*,#3663,.T.);
#5284=ORIENTED_EDGE('',*,*,#3717,.T.);
#5285=ORIENTED_EDGE('',*,*,#3718,.F.);
#5286=ORIENTED_EDGE('',*,*,#3719,.F.);
#5287=ORIENTED_EDGE('',*,*,#3720,.F.);
#5288=ORIENTED_EDGE('',*,*,#3721,.T.);
#5289=ORIENTED_EDGE('',*,*,#3718,.T.);
#5290=ORIENTED_EDGE('',*,*,#3722,.T.);
#5291=ORIENTED_EDGE('',*,*,#3712,.T.);
#5292=ORIENTED_EDGE('',*,*,#3723,.T.);
#5293=ORIENTED_EDGE('',*,*,#3724,.F.);
#5294=ORIENTED_EDGE('',*,*,#3725,.F.);
#5295=ORIENTED_EDGE('',*,*,#3640,.T.);
#5296=ORIENTED_EDGE('',*,*,#3726,.T.);
#5297=ORIENTED_EDGE('',*,*,#3727,.T.);
#5298=ORIENTED_EDGE('',*,*,#3728,.T.);
#5299=ORIENTED_EDGE('',*,*,#3720,.T.);
#5300=ORIENTED_EDGE('',*,*,#3729,.F.);
#5301=ORIENTED_EDGE('',*,*,#3710,.F.);
#5302=ORIENTED_EDGE('',*,*,#3730,.T.);
#5303=ORIENTED_EDGE('',*,*,#3724,.T.);
#5304=ORIENTED_EDGE('',*,*,#3731,.F.);
#5305=ORIENTED_EDGE('',*,*,#3643,.T.);
#5306=ORIENTED_EDGE('',*,*,#3708,.T.);
#5307=ORIENTED_EDGE('',*,*,#3660,.T.);
#5308=ORIENTED_EDGE('',*,*,#3716,.T.);
#5309=ORIENTED_EDGE('',*,*,#3713,.F.);
#5310=ORIENTED_EDGE('',*,*,#3722,.F.);
#5311=ORIENTED_EDGE('',*,*,#3717,.F.);
#5312=ORIENTED_EDGE('',*,*,#3662,.F.);
#5313=ORIENTED_EDGE('',*,*,#3715,.T.);
#5314=ORIENTED_EDGE('',*,*,#3732,.F.);
#5315=ORIENTED_EDGE('',*,*,#3733,.T.);
#5316=ORIENTED_EDGE('',*,*,#3734,.T.);
#5317=ORIENTED_EDGE('',*,*,#3726,.F.);
#5318=ORIENTED_EDGE('',*,*,#3639,.F.);
#5319=ORIENTED_EDGE('',*,*,#3734,.F.);
#5320=ORIENTED_EDGE('',*,*,#3735,.T.);
#5321=ORIENTED_EDGE('',*,*,#3736,.T.);
#5322=ORIENTED_EDGE('',*,*,#3727,.F.);
#5323=ORIENTED_EDGE('',*,*,#3728,.F.);
#5324=ORIENTED_EDGE('',*,*,#3736,.F.);
#5325=ORIENTED_EDGE('',*,*,#3737,.T.);
#5326=ORIENTED_EDGE('',*,*,#3738,.T.);
#5327=ORIENTED_EDGE('',*,*,#3719,.T.);
#5328=ORIENTED_EDGE('',*,*,#3721,.F.);
#5329=ORIENTED_EDGE('',*,*,#3739,.T.);
#5330=ORIENTED_EDGE('',*,*,#3732,.T.);
#5331=ORIENTED_EDGE('',*,*,#3714,.T.);
#5332=ORIENTED_EDGE('',*,*,#3738,.F.);
#5333=ORIENTED_EDGE('',*,*,#3733,.F.);
#5334=ORIENTED_EDGE('',*,*,#3739,.F.);
#5335=ORIENTED_EDGE('',*,*,#3737,.F.);
#5336=ORIENTED_EDGE('',*,*,#3735,.F.);
#5337=ORIENTED_EDGE('',*,*,#3711,.T.);
#5338=ORIENTED_EDGE('',*,*,#3731,.T.);
#5339=ORIENTED_EDGE('',*,*,#3729,.T.);
#5340=ORIENTED_EDGE('',*,*,#3723,.F.);
#5341=ORIENTED_EDGE('',*,*,#3709,.T.);
#5342=ORIENTED_EDGE('',*,*,#3641,.T.);
#5343=ORIENTED_EDGE('',*,*,#3725,.T.);
#5344=ORIENTED_EDGE('',*,*,#3730,.F.);
#5345=ORIENTED_EDGE('',*,*,#3740,.F.);
#5346=ORIENTED_EDGE('',*,*,#3741,.T.);
#5347=ORIENTED_EDGE('',*,*,#3742,.F.);
#5348=ORIENTED_EDGE('',*,*,#3743,.T.);
#5349=ORIENTED_EDGE('',*,*,#3744,.F.);
#5350=ORIENTED_EDGE('',*,*,#3741,.F.);
#5351=ORIENTED_EDGE('',*,*,#3745,.F.);
#5352=ORIENTED_EDGE('',*,*,#3743,.F.);
#5353=ORIENTED_EDGE('',*,*,#3746,.F.);
#5354=ORIENTED_EDGE('',*,*,#3747,.F.);
#5355=ORIENTED_EDGE('',*,*,#3748,.F.);
#5356=ORIENTED_EDGE('',*,*,#3749,.T.);
#5357=ORIENTED_EDGE('',*,*,#3750,.F.);
#5358=ORIENTED_EDGE('',*,*,#3747,.T.);
#5359=ORIENTED_EDGE('',*,*,#3751,.F.);
#5360=ORIENTED_EDGE('',*,*,#3749,.F.);
#5361=ORIENTED_EDGE('',*,*,#3752,.F.);
#5362=ORIENTED_EDGE('',*,*,#3753,.F.);
#5363=ORIENTED_EDGE('',*,*,#3754,.F.);
#5364=ORIENTED_EDGE('',*,*,#3755,.T.);
#5365=ORIENTED_EDGE('',*,*,#3756,.F.);
#5366=ORIENTED_EDGE('',*,*,#3753,.T.);
#5367=ORIENTED_EDGE('',*,*,#3757,.F.);
#5368=ORIENTED_EDGE('',*,*,#3755,.F.);
#5369=ORIENTED_EDGE('',*,*,#3758,.F.);
#5370=ORIENTED_EDGE('',*,*,#3759,.T.);
#5371=ORIENTED_EDGE('',*,*,#3760,.F.);
#5372=ORIENTED_EDGE('',*,*,#3761,.T.);
#5373=ORIENTED_EDGE('',*,*,#3762,.F.);
#5374=ORIENTED_EDGE('',*,*,#3759,.F.);
#5375=ORIENTED_EDGE('',*,*,#3763,.F.);
#5376=ORIENTED_EDGE('',*,*,#3761,.F.);
#5377=ORIENTED_EDGE('',*,*,#3764,.T.);
#5378=ORIENTED_EDGE('',*,*,#3765,.T.);
#5379=ORIENTED_EDGE('',*,*,#3766,.T.);
#5380=ORIENTED_EDGE('',*,*,#3742,.T.);
#5381=ORIENTED_EDGE('',*,*,#3744,.T.);
#5382=ORIENTED_EDGE('',*,*,#3767,.F.);
#5383=ORIENTED_EDGE('',*,*,#3768,.F.);
#5384=ORIENTED_EDGE('',*,*,#3769,.T.);
#5385=ORIENTED_EDGE('',*,*,#3770,.T.);
#5386=ORIENTED_EDGE('',*,*,#3771,.F.);
#5387=ORIENTED_EDGE('',*,*,#3772,.F.);
#5388=ORIENTED_EDGE('',*,*,#3760,.T.);
#5389=ORIENTED_EDGE('',*,*,#3762,.T.);
#5390=ORIENTED_EDGE('',*,*,#3773,.F.);
#5391=ORIENTED_EDGE('',*,*,#3750,.T.);
#5392=ORIENTED_EDGE('',*,*,#3751,.T.);
#5393=ORIENTED_EDGE('',*,*,#3774,.F.);
#5394=ORIENTED_EDGE('',*,*,#3775,.F.);
#5395=ORIENTED_EDGE('',*,*,#3776,.T.);
#5396=ORIENTED_EDGE('',*,*,#3777,.T.);
#5397=ORIENTED_EDGE('',*,*,#3778,.F.);
#5398=ORIENTED_EDGE('',*,*,#3779,.F.);
#5399=ORIENTED_EDGE('',*,*,#3756,.T.);
#5400=ORIENTED_EDGE('',*,*,#3757,.T.);
#5401=ORIENTED_EDGE('',*,*,#3780,.F.);
#5402=ORIENTED_EDGE('',*,*,#3781,.F.);
#5403=ORIENTED_EDGE('',*,*,#3782,.T.);
#5404=ORIENTED_EDGE('',*,*,#3766,.F.);
#5405=ORIENTED_EDGE('',*,*,#3782,.F.);
#5406=ORIENTED_EDGE('',*,*,#3783,.F.);
#5407=ORIENTED_EDGE('',*,*,#3784,.T.);
#5408=ORIENTED_EDGE('',*,*,#3765,.F.);
#5409=ORIENTED_EDGE('',*,*,#3784,.F.);
#5410=ORIENTED_EDGE('',*,*,#3785,.F.);
#5411=ORIENTED_EDGE('',*,*,#3786,.T.);
#5412=ORIENTED_EDGE('',*,*,#3769,.F.);
#5413=ORIENTED_EDGE('',*,*,#3787,.T.);
#5414=ORIENTED_EDGE('',*,*,#3770,.F.);
#5415=ORIENTED_EDGE('',*,*,#3786,.F.);
#5416=ORIENTED_EDGE('',*,*,#3788,.F.);
#5417=ORIENTED_EDGE('',*,*,#3787,.F.);
#5418=ORIENTED_EDGE('',*,*,#3789,.F.);
#5419=ORIENTED_EDGE('',*,*,#3790,.F.);
#5420=ORIENTED_EDGE('',*,*,#3791,.F.);
#5421=ORIENTED_EDGE('',*,*,#3792,.T.);
#5422=ORIENTED_EDGE('',*,*,#3776,.F.);
#5423=ORIENTED_EDGE('',*,*,#3790,.T.);
#5424=ORIENTED_EDGE('',*,*,#3777,.F.);
#5425=ORIENTED_EDGE('',*,*,#3792,.F.);
#5426=ORIENTED_EDGE('',*,*,#3793,.T.);
#5427=ORIENTED_EDGE('',*,*,#3794,.T.);
#5428=ORIENTED_EDGE('',*,*,#3795,.T.);
#5429=ORIENTED_EDGE('',*,*,#3796,.T.);
#5430=ORIENTED_EDGE('',*,*,#3796,.F.);
#5431=ORIENTED_EDGE('',*,*,#3797,.F.);
#5432=ORIENTED_EDGE('',*,*,#3798,.F.);
#5433=ORIENTED_EDGE('',*,*,#3799,.F.);
#5434=ORIENTED_EDGE('',*,*,#3795,.F.);
#5435=ORIENTED_EDGE('',*,*,#3800,.T.);
#5436=ORIENTED_EDGE('',*,*,#3801,.F.);
#5437=ORIENTED_EDGE('',*,*,#3802,.T.);
#5438=ORIENTED_EDGE('',*,*,#3803,.F.);
#5439=ORIENTED_EDGE('',*,*,#3804,.T.);
#5440=ORIENTED_EDGE('',*,*,#3805,.F.);
#5441=ORIENTED_EDGE('',*,*,#3797,.T.);
#5442=ORIENTED_EDGE('',*,*,#3806,.F.);
#5443=ORIENTED_EDGE('',*,*,#3807,.F.);
#5444=ORIENTED_EDGE('',*,*,#3808,.F.);
#5445=ORIENTED_EDGE('',*,*,#3809,.F.);
#5446=ORIENTED_EDGE('',*,*,#3810,.F.);
#5447=ORIENTED_EDGE('',*,*,#3811,.F.);
#5448=ORIENTED_EDGE('',*,*,#3812,.F.);
#5449=ORIENTED_EDGE('',*,*,#3813,.F.);
#5450=ORIENTED_EDGE('',*,*,#3814,.F.);
#5451=ORIENTED_EDGE('',*,*,#3815,.F.);
#5452=ORIENTED_EDGE('',*,*,#3816,.F.);
#5453=ORIENTED_EDGE('',*,*,#3817,.F.);
#5454=ORIENTED_EDGE('',*,*,#3818,.T.);
#5455=ORIENTED_EDGE('',*,*,#3819,.T.);
#5456=ORIENTED_EDGE('',*,*,#3820,.T.);
#5457=ORIENTED_EDGE('',*,*,#3821,.T.);
#5458=ORIENTED_EDGE('',*,*,#3822,.T.);
#5459=ORIENTED_EDGE('',*,*,#3823,.T.);
#5460=ORIENTED_EDGE('',*,*,#3824,.T.);
#5461=ORIENTED_EDGE('',*,*,#3801,.T.);
#5462=ORIENTED_EDGE('',*,*,#3825,.T.);
#5463=ORIENTED_EDGE('',*,*,#3824,.F.);
#5464=ORIENTED_EDGE('',*,*,#3826,.F.);
#5465=ORIENTED_EDGE('',*,*,#3827,.F.);
#5466=ORIENTED_EDGE('',*,*,#3802,.F.);
#5467=ORIENTED_EDGE('',*,*,#3828,.T.);
#5468=ORIENTED_EDGE('',*,*,#3829,.T.);
#5469=ORIENTED_EDGE('',*,*,#3803,.T.);
#5470=ORIENTED_EDGE('',*,*,#3827,.T.);
#5471=ORIENTED_EDGE('',*,*,#3830,.T.);
#5472=ORIENTED_EDGE('',*,*,#3798,.T.);
#5473=ORIENTED_EDGE('',*,*,#3805,.T.);
#5474=ORIENTED_EDGE('',*,*,#3831,.T.);
#5475=ORIENTED_EDGE('',*,*,#3832,.F.);
#5476=ORIENTED_EDGE('',*,*,#3833,.T.);
#5477=ORIENTED_EDGE('',*,*,#3834,.T.);
#5478=ORIENTED_EDGE('',*,*,#3833,.F.);
#5479=ORIENTED_EDGE('',*,*,#3835,.F.);
#5480=ORIENTED_EDGE('',*,*,#3836,.T.);
#5481=ORIENTED_EDGE('',*,*,#3837,.T.);
#5482=ORIENTED_EDGE('',*,*,#3836,.F.);
#5483=ORIENTED_EDGE('',*,*,#3837,.F.);
#5484=ORIENTED_EDGE('',*,*,#3834,.F.);
#5485=ORIENTED_EDGE('',*,*,#3791,.T.);
#5486=ORIENTED_EDGE('',*,*,#3785,.T.);
#5487=ORIENTED_EDGE('',*,*,#3783,.T.);
#5488=ORIENTED_EDGE('',*,*,#3781,.T.);
#5489=ORIENTED_EDGE('',*,*,#3758,.T.);
#5490=ORIENTED_EDGE('',*,*,#3754,.T.);
#5491=ORIENTED_EDGE('',*,*,#3748,.T.);
#5492=ORIENTED_EDGE('',*,*,#3740,.T.);
#5493=ORIENTED_EDGE('',*,*,#3838,.T.);
#5494=ORIENTED_EDGE('',*,*,#3835,.T.);
#5495=ORIENTED_EDGE('',*,*,#3764,.F.);
#5496=ORIENTED_EDGE('',*,*,#3839,.T.);
#5497=ORIENTED_EDGE('',*,*,#3822,.F.);
#5498=ORIENTED_EDGE('',*,*,#3839,.F.);
#5499=ORIENTED_EDGE('',*,*,#3778,.T.);
#5500=ORIENTED_EDGE('',*,*,#3789,.T.);
#5501=ORIENTED_EDGE('',*,*,#3775,.T.);
#5502=ORIENTED_EDGE('',*,*,#3840,.T.);
#5503=ORIENTED_EDGE('',*,*,#3841,.F.);
#5504=ORIENTED_EDGE('',*,*,#3842,.F.);
#5505=ORIENTED_EDGE('',*,*,#3774,.T.);
#5506=ORIENTED_EDGE('',*,*,#3746,.T.);
#5507=ORIENTED_EDGE('',*,*,#3773,.T.);
#5508=ORIENTED_EDGE('',*,*,#3763,.T.);
#5509=ORIENTED_EDGE('',*,*,#3772,.T.);
#5510=ORIENTED_EDGE('',*,*,#3843,.T.);
#5511=ORIENTED_EDGE('',*,*,#3844,.F.);
#5512=ORIENTED_EDGE('',*,*,#3840,.F.);
#5513=ORIENTED_EDGE('',*,*,#3845,.F.);
#5514=ORIENTED_EDGE('',*,*,#3846,.T.);
#5515=ORIENTED_EDGE('',*,*,#3847,.F.);
#5516=ORIENTED_EDGE('',*,*,#3848,.F.);
#5517=ORIENTED_EDGE('',*,*,#3849,.F.);
#5518=ORIENTED_EDGE('',*,*,#3848,.T.);
#5519=ORIENTED_EDGE('',*,*,#3850,.F.);
#5520=ORIENTED_EDGE('',*,*,#3851,.F.);
#5521=ORIENTED_EDGE('',*,*,#3852,.F.);
#5522=ORIENTED_EDGE('',*,*,#3853,.F.);
#5523=ORIENTED_EDGE('',*,*,#3851,.T.);
#5524=ORIENTED_EDGE('',*,*,#3854,.F.);
#5525=ORIENTED_EDGE('',*,*,#3855,.F.);
#5526=ORIENTED_EDGE('',*,*,#3856,.F.);
#5527=ORIENTED_EDGE('',*,*,#3855,.T.);
#5528=ORIENTED_EDGE('',*,*,#3857,.F.);
#5529=ORIENTED_EDGE('',*,*,#3846,.F.);
#5530=ORIENTED_EDGE('',*,*,#3858,.T.);
#5531=ORIENTED_EDGE('',*,*,#3859,.T.);
#5532=ORIENTED_EDGE('',*,*,#3841,.T.);
#5533=ORIENTED_EDGE('',*,*,#3844,.T.);
#5534=ORIENTED_EDGE('',*,*,#3847,.T.);
#5535=ORIENTED_EDGE('',*,*,#3857,.T.);
#5536=ORIENTED_EDGE('',*,*,#3854,.T.);
#5537=ORIENTED_EDGE('',*,*,#3850,.T.);
#5538=ORIENTED_EDGE('',*,*,#3771,.T.);
#5539=ORIENTED_EDGE('',*,*,#3788,.T.);
#5540=ORIENTED_EDGE('',*,*,#3768,.T.);
#5541=ORIENTED_EDGE('',*,*,#3860,.T.);
#5542=ORIENTED_EDGE('',*,*,#3858,.F.);
#5543=ORIENTED_EDGE('',*,*,#3843,.F.);
#5544=ORIENTED_EDGE('',*,*,#3767,.T.);
#5545=ORIENTED_EDGE('',*,*,#3745,.T.);
#5546=ORIENTED_EDGE('',*,*,#3780,.T.);
#5547=ORIENTED_EDGE('',*,*,#3752,.T.);
#5548=ORIENTED_EDGE('',*,*,#3779,.T.);
#5549=ORIENTED_EDGE('',*,*,#3842,.T.);
#5550=ORIENTED_EDGE('',*,*,#3859,.F.);
#5551=ORIENTED_EDGE('',*,*,#3860,.F.);
#5552=ORIENTED_EDGE('',*,*,#3821,.F.);
#5553=ORIENTED_EDGE('',*,*,#3861,.T.);
#5554=ORIENTED_EDGE('',*,*,#3862,.T.);
#5555=ORIENTED_EDGE('',*,*,#3861,.F.);
#5556=ORIENTED_EDGE('',*,*,#3862,.F.);
#5557=ORIENTED_EDGE('',*,*,#3820,.F.);
#5558=ORIENTED_EDGE('',*,*,#3863,.T.);
#5559=ORIENTED_EDGE('',*,*,#3864,.T.);
#5560=ORIENTED_EDGE('',*,*,#3863,.F.);
#5561=ORIENTED_EDGE('',*,*,#3864,.F.);
#5562=ORIENTED_EDGE('',*,*,#3819,.F.);
#5563=ORIENTED_EDGE('',*,*,#3865,.T.);
#5564=ORIENTED_EDGE('',*,*,#3866,.T.);
#5565=ORIENTED_EDGE('',*,*,#3865,.F.);
#5566=ORIENTED_EDGE('',*,*,#3866,.F.);
#5567=ORIENTED_EDGE('',*,*,#3818,.F.);
#5568=ORIENTED_EDGE('',*,*,#3867,.T.);
#5569=ORIENTED_EDGE('',*,*,#3868,.T.);
#5570=ORIENTED_EDGE('',*,*,#3867,.F.);
#5571=ORIENTED_EDGE('',*,*,#3868,.F.);
#5572=ORIENTED_EDGE('',*,*,#3838,.F.);
#5573=ORIENTED_EDGE('',*,*,#3869,.T.);
#5574=ORIENTED_EDGE('',*,*,#3870,.F.);
#5575=ORIENTED_EDGE('',*,*,#3869,.F.);
#5576=ORIENTED_EDGE('',*,*,#3832,.T.);
#5577=ORIENTED_EDGE('',*,*,#3871,.F.);
#5578=ORIENTED_EDGE('',*,*,#3807,.T.);
#5579=ORIENTED_EDGE('',*,*,#3872,.T.);
#5580=ORIENTED_EDGE('',*,*,#3873,.F.);
#5581=ORIENTED_EDGE('',*,*,#3874,.F.);
#5582=ORIENTED_EDGE('',*,*,#3808,.T.);
#5583=ORIENTED_EDGE('',*,*,#3874,.T.);
#5584=ORIENTED_EDGE('',*,*,#3875,.F.);
#5585=ORIENTED_EDGE('',*,*,#3876,.F.);
#5586=ORIENTED_EDGE('',*,*,#3809,.T.);
#5587=ORIENTED_EDGE('',*,*,#3876,.T.);
#5588=ORIENTED_EDGE('',*,*,#3877,.F.);
#5589=ORIENTED_EDGE('',*,*,#3878,.F.);
#5590=ORIENTED_EDGE('',*,*,#3806,.T.);
#5591=ORIENTED_EDGE('',*,*,#3878,.T.);
#5592=ORIENTED_EDGE('',*,*,#3879,.F.);
#5593=ORIENTED_EDGE('',*,*,#3872,.F.);
#5594=ORIENTED_EDGE('',*,*,#3811,.T.);
#5595=ORIENTED_EDGE('',*,*,#3880,.T.);
#5596=ORIENTED_EDGE('',*,*,#3881,.F.);
#5597=ORIENTED_EDGE('',*,*,#3882,.F.);
#5598=ORIENTED_EDGE('',*,*,#3812,.T.);
#5599=ORIENTED_EDGE('',*,*,#3882,.T.);
#5600=ORIENTED_EDGE('',*,*,#3883,.F.);
#5601=ORIENTED_EDGE('',*,*,#3884,.F.);
#5602=ORIENTED_EDGE('',*,*,#3813,.T.);
#5603=ORIENTED_EDGE('',*,*,#3884,.T.);
#5604=ORIENTED_EDGE('',*,*,#3885,.F.);
#5605=ORIENTED_EDGE('',*,*,#3886,.F.);
#5606=ORIENTED_EDGE('',*,*,#3810,.T.);
#5607=ORIENTED_EDGE('',*,*,#3886,.T.);
#5608=ORIENTED_EDGE('',*,*,#3887,.F.);
#5609=ORIENTED_EDGE('',*,*,#3880,.F.);
#5610=ORIENTED_EDGE('',*,*,#3815,.T.);
#5611=ORIENTED_EDGE('',*,*,#3888,.T.);
#5612=ORIENTED_EDGE('',*,*,#3889,.F.);
#5613=ORIENTED_EDGE('',*,*,#3890,.F.);
#5614=ORIENTED_EDGE('',*,*,#3816,.T.);
#5615=ORIENTED_EDGE('',*,*,#3890,.T.);
#5616=ORIENTED_EDGE('',*,*,#3891,.F.);
#5617=ORIENTED_EDGE('',*,*,#3892,.F.);
#5618=ORIENTED_EDGE('',*,*,#3817,.T.);
#5619=ORIENTED_EDGE('',*,*,#3892,.T.);
#5620=ORIENTED_EDGE('',*,*,#3893,.F.);
#5621=ORIENTED_EDGE('',*,*,#3894,.F.);
#5622=ORIENTED_EDGE('',*,*,#3814,.T.);
#5623=ORIENTED_EDGE('',*,*,#3894,.T.);
#5624=ORIENTED_EDGE('',*,*,#3895,.F.);
#5625=ORIENTED_EDGE('',*,*,#3888,.F.);
#5626=ORIENTED_EDGE('',*,*,#3871,.T.);
#5627=ORIENTED_EDGE('',*,*,#3896,.T.);
#5628=ORIENTED_EDGE('',*,*,#3852,.T.);
#5629=ORIENTED_EDGE('',*,*,#3853,.T.);
#5630=ORIENTED_EDGE('',*,*,#3856,.T.);
#5631=ORIENTED_EDGE('',*,*,#3845,.T.);
#5632=ORIENTED_EDGE('',*,*,#3849,.T.);
#5633=ORIENTED_EDGE('',*,*,#3896,.F.);
#5634=ORIENTED_EDGE('',*,*,#3829,.F.);
#5635=ORIENTED_EDGE('',*,*,#3897,.F.);
#5636=ORIENTED_EDGE('',*,*,#3831,.F.);
#5637=ORIENTED_EDGE('',*,*,#3804,.F.);
#5638=ORIENTED_EDGE('',*,*,#3794,.F.);
#5639=ORIENTED_EDGE('',*,*,#3898,.F.);
#5640=ORIENTED_EDGE('',*,*,#3825,.F.);
#5641=ORIENTED_EDGE('',*,*,#3800,.F.);
#5642=ORIENTED_EDGE('',*,*,#3793,.F.);
#5643=ORIENTED_EDGE('',*,*,#3799,.T.);
#5644=ORIENTED_EDGE('',*,*,#3830,.F.);
#5645=ORIENTED_EDGE('',*,*,#3897,.T.);
#5646=ORIENTED_EDGE('',*,*,#3828,.F.);
#5647=ORIENTED_EDGE('',*,*,#3826,.T.);
#5648=ORIENTED_EDGE('',*,*,#3823,.F.);
#5649=ORIENTED_EDGE('',*,*,#3898,.T.);
#5650=ORIENTED_EDGE('',*,*,#3870,.T.);
#5651=ORIENTED_EDGE('',*,*,#3895,.T.);
#5652=ORIENTED_EDGE('',*,*,#3893,.T.);
#5653=ORIENTED_EDGE('',*,*,#3891,.T.);
#5654=ORIENTED_EDGE('',*,*,#3889,.T.);
#5655=ORIENTED_EDGE('',*,*,#3887,.T.);
#5656=ORIENTED_EDGE('',*,*,#3885,.T.);
#5657=ORIENTED_EDGE('',*,*,#3883,.T.);
#5658=ORIENTED_EDGE('',*,*,#3881,.T.);
#5659=ORIENTED_EDGE('',*,*,#3879,.T.);
#5660=ORIENTED_EDGE('',*,*,#3877,.T.);
#5661=ORIENTED_EDGE('',*,*,#3875,.T.);
#5662=ORIENTED_EDGE('',*,*,#3873,.T.);
#5663=ORIENTED_EDGE('',*,*,#3899,.F.);
#5664=ORIENTED_EDGE('',*,*,#3900,.T.);
#5665=ORIENTED_EDGE('',*,*,#3899,.T.);
#5666=ORIENTED_EDGE('',*,*,#3900,.F.);
#5667=CYLINDRICAL_SURFACE('',#6238,2.);
#5668=CYLINDRICAL_SURFACE('',#6241,2.);
#5669=CYLINDRICAL_SURFACE('',#6255,2.);
#5670=CYLINDRICAL_SURFACE('',#6257,2.);
#5671=CYLINDRICAL_SURFACE('',#6263,5.);
#5672=CYLINDRICAL_SURFACE('',#6266,5.);
#5673=CYLINDRICAL_SURFACE('',#6269,4.99999999999999);
#5674=CYLINDRICAL_SURFACE('',#6271,4.99999999999999);
#5675=CYLINDRICAL_SURFACE('',#6274,9.);
#5676=CYLINDRICAL_SURFACE('',#6277,9.);
#5677=CYLINDRICAL_SURFACE('',#6280,8.99999999999999);
#5678=CYLINDRICAL_SURFACE('',#6283,8.99999999999999);
#5679=CYLINDRICAL_SURFACE('',#6286,1.5);
#5680=CYLINDRICAL_SURFACE('',#6289,1.5);
#5681=CYLINDRICAL_SURFACE('',#6296,1.5);
#5682=CYLINDRICAL_SURFACE('',#6299,1.5);
#5683=CYLINDRICAL_SURFACE('',#6303,5.);
#5684=CYLINDRICAL_SURFACE('',#6307,5.00000000000001);
#5685=CYLINDRICAL_SURFACE('',#6311,4.99999999999999);
#5686=CYLINDRICAL_SURFACE('',#6315,4.99999999999999);
#5687=CYLINDRICAL_SURFACE('',#6320,5.);
#5688=CYLINDRICAL_SURFACE('',#6323,1.5);
#5689=CYLINDRICAL_SURFACE('',#6339,1.5);
#5690=CYLINDRICAL_SURFACE('',#6341,1.5);
#5691=CYLINDRICAL_SURFACE('',#6343,1.5);
#5692=CYLINDRICAL_SURFACE('',#6347,1.5);
#5693=CYLINDRICAL_SURFACE('',#6355,3.);
#5694=CYLINDRICAL_SURFACE('',#6358,3.);
#5695=CYLINDRICAL_SURFACE('',#6361,3.);
#5696=CYLINDRICAL_SURFACE('',#6364,3.);
#5697=CYLINDRICAL_SURFACE('',#6367,5.);
#5698=CYLINDRICAL_SURFACE('',#6370,5.);
#5699=CYLINDRICAL_SURFACE('',#6373,5.);
#5700=CYLINDRICAL_SURFACE('',#6376,5.);
#5701=CYLINDRICAL_SURFACE('',#6379,8.99999999999999);
#5702=CYLINDRICAL_SURFACE('',#6382,9.);
#5703=CYLINDRICAL_SURFACE('',#6385,9.);
#5704=CYLINDRICAL_SURFACE('',#6388,8.99999999999999);
#5705=CYLINDRICAL_SURFACE('',#6392,0.100000000000003);
#5706=CYLINDRICAL_SURFACE('',#6395,0.25);
#5707=CYLINDRICAL_SURFACE('',#6428,2.);
#5708=CYLINDRICAL_SURFACE('',#6430,2.);
#5709=CYLINDRICAL_SURFACE('',#6462,1.);
#5710=CYLINDRICAL_SURFACE('',#6465,1.);
#5711=CYLINDRICAL_SURFACE('',#6468,1.);
#5712=CYLINDRICAL_SURFACE('',#6471,1.);
#5713=CYLINDRICAL_SURFACE('',#6475,0.25);
#5714=CYLINDRICAL_SURFACE('',#6478,0.25);
#5715=CYLINDRICAL_SURFACE('',#6483,0.25);
#5716=CYLINDRICAL_SURFACE('',#6485,0.25);
#5717=CYLINDRICAL_SURFACE('',#6487,0.25);
#5718=CYLINDRICAL_SURFACE('',#6489,0.25);
#5719=CYLINDRICAL_SURFACE('',#6492,0.25);
#5720=CYLINDRICAL_SURFACE('',#6502,0.25);
#5721=CYLINDRICAL_SURFACE('',#6504,0.25);
#5722=CYLINDRICAL_SURFACE('',#6506,0.25);
#5723=CYLINDRICAL_SURFACE('',#6508,0.249999999999999);
#5724=CYLINDRICAL_SURFACE('',#6511,0.25);
#5725=CYLINDRICAL_SURFACE('',#6513,0.25);
#5726=CYLINDRICAL_SURFACE('',#6515,0.25);
#5727=CYLINDRICAL_SURFACE('',#6525,0.25);
#5728=CYLINDRICAL_SURFACE('',#6527,0.25);
#5729=CYLINDRICAL_SURFACE('',#6529,0.25);
#5730=CYLINDRICAL_SURFACE('',#6531,0.25);
#5731=CYLINDRICAL_SURFACE('',#6537,0.250000000000002);
#5732=CYLINDRICAL_SURFACE('',#6538,0.25);
#5733=CYLINDRICAL_SURFACE('',#6540,0.25);
#5734=CYLINDRICAL_SURFACE('',#6542,0.25);
#5735=CYLINDRICAL_SURFACE('',#6544,0.25);
#5736=CYLINDRICAL_SURFACE('',#6550,0.25);
#5737=CYLINDRICAL_SURFACE('',#6552,0.25);
#5738=CYLINDRICAL_SURFACE('',#6554,0.25);
#5739=CYLINDRICAL_SURFACE('',#6556,0.25);
#5740=CYLINDRICAL_SURFACE('',#6558,0.25);
#5741=CYLINDRICAL_SURFACE('',#6571,0.25);
#5742=CYLINDRICAL_SURFACE('',#6573,0.25);
#5743=CYLINDRICAL_SURFACE('',#6575,0.25);
#5744=CYLINDRICAL_SURFACE('',#6577,0.25);
#5745=CYLINDRICAL_SURFACE('',#6579,0.25);
#5746=CYLINDRICAL_SURFACE('',#6581,0.25);
#5747=CYLINDRICAL_SURFACE('',#6583,0.25);
#5748=CYLINDRICAL_SURFACE('',#6589,0.25);
#5749=CYLINDRICAL_SURFACE('',#6591,0.25);
#5750=CYLINDRICAL_SURFACE('',#6593,0.25);
#5751=CYLINDRICAL_SURFACE('',#6595,0.25);
#5752=CYLINDRICAL_SURFACE('',#6597,0.25);
#5753=CYLINDRICAL_SURFACE('',#6599,0.25);
#5754=CYLINDRICAL_SURFACE('',#6601,0.25);
#5755=CYLINDRICAL_SURFACE('',#6603,0.25);
#5756=CYLINDRICAL_SURFACE('',#6614,0.25);
#5757=CYLINDRICAL_SURFACE('',#6617,0.25);
#5758=CYLINDRICAL_SURFACE('',#6619,0.25);
#5759=CYLINDRICAL_SURFACE('',#6621,0.25);
#5760=CYLINDRICAL_SURFACE('',#6623,0.25);
#5761=CYLINDRICAL_SURFACE('',#6626,0.25);
#5762=CYLINDRICAL_SURFACE('',#6628,0.25);
#5763=CYLINDRICAL_SURFACE('',#6630,0.25);
#5764=CYLINDRICAL_SURFACE('',#6640,0.25);
#5765=CYLINDRICAL_SURFACE('',#6643,0.25);
#5766=CYLINDRICAL_SURFACE('',#6645,0.25);
#5767=CYLINDRICAL_SURFACE('',#6647,0.25);
#5768=CYLINDRICAL_SURFACE('',#6649,0.25);
#5769=CYLINDRICAL_SURFACE('',#6651,0.25);
#5770=CYLINDRICAL_SURFACE('',#6653,0.25);
#5771=CYLINDRICAL_SURFACE('',#6657,0.25);
#5772=CYLINDRICAL_SURFACE('',#6659,0.25);
#5773=CYLINDRICAL_SURFACE('',#6663,0.25);
#5774=CYLINDRICAL_SURFACE('',#6665,0.25);
#5775=CYLINDRICAL_SURFACE('',#6667,0.25);
#5776=CYLINDRICAL_SURFACE('',#6669,0.25);
#5777=CYLINDRICAL_SURFACE('',#6675,0.25);
#5778=CYLINDRICAL_SURFACE('',#6678,0.249999999999998);
#5779=CYLINDRICAL_SURFACE('',#6680,0.249999999999998);
#5780=CYLINDRICAL_SURFACE('',#6688,0.25);
#5781=CYLINDRICAL_SURFACE('',#6692,0.0999999999999996);
#5782=CYLINDRICAL_SURFACE('',#6696,0.100000000000003);
#5783=CYLINDRICAL_SURFACE('',#6698,0.100000000000003);
#5784=CYLINDRICAL_SURFACE('',#6703,0.0999999999999996);
#5785=CYLINDRICAL_SURFACE('',#6706,0.0999999999999996);
#5786=CYLINDRICAL_SURFACE('',#6710,0.0999999999999996);
#5787=CYLINDRICAL_SURFACE('',#6712,0.100000000000003);
#5788=CYLINDRICAL_SURFACE('',#6733,0.65);
#5789=CYLINDRICAL_SURFACE('',#6736,0.65);
#5790=CYLINDRICAL_SURFACE('',#6739,0.65);
#5791=CYLINDRICAL_SURFACE('',#6742,0.65);
#5792=CYLINDRICAL_SURFACE('',#6746,0.65);
#5793=CYLINDRICAL_SURFACE('',#6753,0.65);
#5794=CYLINDRICAL_SURFACE('',#6755,0.65);
#5795=CYLINDRICAL_SURFACE('',#6761,0.65);
#5796=CYLINDRICAL_SURFACE('',#6762,0.0999999999999994);
#5797=CYLINDRICAL_SURFACE('',#6763,0.0999999999999994);
#5798=CYLINDRICAL_SURFACE('',#6764,0.0999999999999994);
#5799=CYLINDRICAL_SURFACE('',#6765,0.0999999999999994);
#5800=CYLINDRICAL_SURFACE('',#6781,2.);
#5801=CYLINDRICAL_SURFACE('',#6789,2.);
#5802=CYLINDRICAL_SURFACE('',#6795,2.);
#5803=CYLINDRICAL_SURFACE('',#6799,2.);
#5804=CYLINDRICAL_SURFACE('',#6813,2.);
#5805=CYLINDRICAL_SURFACE('',#6815,2.);
#5806=CYLINDRICAL_SURFACE('',#6817,2.);
#5807=CYLINDRICAL_SURFACE('',#6823,2.);
#5808=CYLINDRICAL_SURFACE('',#6825,5.);
#5809=CYLINDRICAL_SURFACE('',#6844,5.);
#5810=CYLINDRICAL_SURFACE('',#6847,5.);
#5811=CYLINDRICAL_SURFACE('',#6849,5.);
#5812=CYLINDRICAL_SURFACE('',#6851,17.);
#5813=CYLINDRICAL_SURFACE('',#6854,22.);
#5814=CYLINDRICAL_SURFACE('',#6860,23.);
#5815=CYLINDRICAL_SURFACE('',#6867,2.);
#5816=CYLINDRICAL_SURFACE('',#6870,2.);
#5817=CYLINDRICAL_SURFACE('',#6873,2.);
#5818=CYLINDRICAL_SURFACE('',#6876,2.);
#5819=CYLINDRICAL_SURFACE('',#6879,23.);
#5820=CYLINDRICAL_SURFACE('',#6884,1.5);
#5821=CYLINDRICAL_SURFACE('',#6887,1.5);
#5822=CYLINDRICAL_SURFACE('',#6890,1.5);
#5823=CYLINDRICAL_SURFACE('',#6893,1.5);
#5824=CYLINDRICAL_SURFACE('',#6896,1.5);
#5825=CYLINDRICAL_SURFACE('',#6899,1.5);
#5826=CYLINDRICAL_SURFACE('',#6901,16.);
#5827=ADVANCED_FACE('',(#407),#5667,.T.);
#5828=ADVANCED_FACE('',(#408),#5668,.F.);
#5829=ADVANCED_FACE('',(#409,#218),#266,.F.);
#5830=ADVANCED_FACE('',(#410),#5669,.T.);
#5831=ADVANCED_FACE('',(#411),#5670,.F.);
#5832=ADVANCED_FACE('',(#412),#267,.F.);
#5833=ADVANCED_FACE('',(#413),#268,.F.);
#5834=ADVANCED_FACE('',(#414),#269,.F.);
#5835=ADVANCED_FACE('',(#415),#270,.F.);
#5836=ADVANCED_FACE('',(#416),#5671,.F.);
#5837=ADVANCED_FACE('',(#417),#271,.F.);
#5838=ADVANCED_FACE('',(#418),#5672,.F.);
#5839=ADVANCED_FACE('',(#419),#272,.F.);
#5840=ADVANCED_FACE('',(#420),#5673,.F.);
#5841=ADVANCED_FACE('',(#421),#5674,.F.);
#5842=ADVANCED_FACE('',(#422),#273,.T.);
#5843=ADVANCED_FACE('',(#423),#5675,.T.);
#5844=ADVANCED_FACE('',(#424),#274,.T.);
#5845=ADVANCED_FACE('',(#425),#5676,.T.);
#5846=ADVANCED_FACE('',(#426),#275,.T.);
#5847=ADVANCED_FACE('',(#427),#5677,.T.);
#5848=ADVANCED_FACE('',(#428),#276,.T.);
#5849=ADVANCED_FACE('',(#429),#5678,.T.);
#5850=ADVANCED_FACE('',(#430,#219),#277,.T.);
#5851=ADVANCED_FACE('',(#431),#5679,.F.);
#5852=ADVANCED_FACE('',(#432),#5680,.F.);
#5853=ADVANCED_FACE('',(#433),#278,.T.);
#5854=ADVANCED_FACE('',(#434),#279,.T.);
#5855=ADVANCED_FACE('',(#435),#280,.T.);
#5856=ADVANCED_FACE('',(#436),#281,.T.);
#5857=ADVANCED_FACE('',(#437),#5681,.F.);
#5858=ADVANCED_FACE('',(#438),#5682,.F.);
#5859=ADVANCED_FACE('',(#439),#282,.T.);
#5860=ADVANCED_FACE('',(#440),#5683,.T.);
#5861=ADVANCED_FACE('',(#441),#283,.T.);
#5862=ADVANCED_FACE('',(#442),#5684,.T.);
#5863=ADVANCED_FACE('',(#443),#284,.T.);
#5864=ADVANCED_FACE('',(#444),#5685,.T.);
#5865=ADVANCED_FACE('',(#445),#285,.T.);
#5866=ADVANCED_FACE('',(#446),#5686,.T.);
#5867=ADVANCED_FACE('',(#447,#220,#221,#222,#223,#224),#286,.T.);
#5868=ADVANCED_FACE('',(#448,#225,#226,#227,#228,#229),#287,.F.);
#5869=ADVANCED_FACE('',(#449),#5687,.F.);
#5870=ADVANCED_FACE('',(#450),#5688,.T.);
#5871=ADVANCED_FACE('',(#451,#230),#288,.T.);
#5872=ADVANCED_FACE('',(#452),#289,.T.);
#5873=ADVANCED_FACE('',(#453),#5689,.T.);
#5874=ADVANCED_FACE('',(#454),#5690,.F.);
#5875=ADVANCED_FACE('',(#455),#5691,.T.);
#5876=ADVANCED_FACE('',(#456),#290,.F.);
#5877=ADVANCED_FACE('',(#457),#291,.F.);
#5878=ADVANCED_FACE('',(#458),#5692,.F.);
#5879=ADVANCED_FACE('',(#459),#292,.T.);
#5880=ADVANCED_FACE('',(#460,#231),#293,.T.);
#5881=ADVANCED_FACE('',(#461),#294,.F.);
#5882=ADVANCED_FACE('',(#462),#5693,.F.);
#5883=ADVANCED_FACE('',(#463),#295,.F.);
#5884=ADVANCED_FACE('',(#464),#5694,.F.);
#5885=ADVANCED_FACE('',(#465),#296,.F.);
#5886=ADVANCED_FACE('',(#466),#5695,.F.);
#5887=ADVANCED_FACE('',(#467),#297,.F.);
#5888=ADVANCED_FACE('',(#468),#5696,.F.);
#5889=ADVANCED_FACE('',(#469),#298,.T.);
#5890=ADVANCED_FACE('',(#470),#5697,.T.);
#5891=ADVANCED_FACE('',(#471),#299,.T.);
#5892=ADVANCED_FACE('',(#472),#5698,.T.);
#5893=ADVANCED_FACE('',(#473),#300,.T.);
#5894=ADVANCED_FACE('',(#474),#5699,.T.);
#5895=ADVANCED_FACE('',(#475),#301,.T.);
#5896=ADVANCED_FACE('',(#476),#5700,.T.);
#5897=ADVANCED_FACE('',(#477,#232),#302,.T.);
#5898=ADVANCED_FACE('',(#478),#5701,.T.);
#5899=ADVANCED_FACE('',(#479),#303,.T.);
#5900=ADVANCED_FACE('',(#480),#5702,.T.);
#5901=ADVANCED_FACE('',(#481),#304,.T.);
#5902=ADVANCED_FACE('',(#482),#5703,.T.);
#5903=ADVANCED_FACE('',(#483),#305,.T.);
#5904=ADVANCED_FACE('',(#484),#5704,.T.);
#5905=ADVANCED_FACE('',(#485,#233),#306,.F.);
#5906=ADVANCED_FACE('',(#486),#5705,.T.);
#5907=ADVANCED_FACE('',(#487),#5706,.T.);
#5908=ADVANCED_FACE('',(#488,#234),#307,.F.);
#5909=ADVANCED_FACE('',(#489),#308,.T.);
#5910=ADVANCED_FACE('',(#490),#309,.T.);
#5911=ADVANCED_FACE('',(#491),#310,.F.);
#5912=ADVANCED_FACE('',(#492),#311,.F.);
#5913=ADVANCED_FACE('',(#493),#312,.F.);
#5914=ADVANCED_FACE('',(#494),#313,.F.);
#5915=ADVANCED_FACE('',(#495),#314,.T.);
#5916=ADVANCED_FACE('',(#496),#315,.F.);
#5917=ADVANCED_FACE('',(#497),#316,.F.);
#5918=ADVANCED_FACE('',(#498),#317,.F.);
#5919=ADVANCED_FACE('',(#499,#235),#318,.F.);
#5920=ADVANCED_FACE('',(#500),#319,.F.);
#5921=ADVANCED_FACE('',(#501),#320,.F.);
#5922=ADVANCED_FACE('',(#502),#321,.T.);
#5923=ADVANCED_FACE('',(#503),#322,.F.);
#5924=ADVANCED_FACE('',(#504),#323,.F.);
#5925=ADVANCED_FACE('',(#505),#324,.T.);
#5926=ADVANCED_FACE('',(#506),#325,.F.);
#5927=ADVANCED_FACE('',(#507),#326,.F.);
#5928=ADVANCED_FACE('',(#508),#327,.T.);
#5929=ADVANCED_FACE('',(#509),#328,.T.);
#5930=ADVANCED_FACE('',(#510),#5707,.T.);
#5931=ADVANCED_FACE('',(#511),#5708,.T.);
#5932=ADVANCED_FACE('',(#512),#329,.F.);
#5933=ADVANCED_FACE('',(#513),#330,.F.);
#5934=ADVANCED_FACE('',(#514),#331,.F.);
#5935=ADVANCED_FACE('',(#515),#332,.F.);
#5936=ADVANCED_FACE('',(#516),#333,.F.);
#5937=ADVANCED_FACE('',(#517),#334,.F.);
#5938=ADVANCED_FACE('',(#518),#335,.F.);
#5939=ADVANCED_FACE('',(#519),#336,.F.);
#5940=ADVANCED_FACE('',(#520),#337,.F.);
#5941=ADVANCED_FACE('',(#521),#338,.T.);
#5942=ADVANCED_FACE('',(#522),#339,.F.);
#5943=ADVANCED_FACE('',(#523),#340,.F.);
#5944=ADVANCED_FACE('',(#524),#341,.T.);
#5945=ADVANCED_FACE('',(#525),#66,.T.);
#5946=ADVANCED_FACE('',(#526),#67,.F.);
#5947=ADVANCED_FACE('',(#527),#342,.T.);
#5948=ADVANCED_FACE('',(#528,#236),#343,.F.);
#5949=ADVANCED_FACE('',(#529),#68,.F.);
#5950=ADVANCED_FACE('',(#530),#344,.F.);
#5951=ADVANCED_FACE('',(#531),#69,.F.);
#5952=ADVANCED_FACE('',(#532),#345,.F.);
#5953=ADVANCED_FACE('',(#533),#70,.F.);
#5954=ADVANCED_FACE('',(#534),#346,.F.);
#5955=ADVANCED_FACE('',(#535),#71,.F.);
#5956=ADVANCED_FACE('',(#536),#347,.F.);
#5957=ADVANCED_FACE('',(#537),#348,.T.);
#5958=ADVANCED_FACE('',(#538),#5709,.F.);
#5959=ADVANCED_FACE('',(#539),#349,.F.);
#5960=ADVANCED_FACE('',(#540),#5710,.F.);
#5961=ADVANCED_FACE('',(#541),#350,.F.);
#5962=ADVANCED_FACE('',(#542),#5711,.F.);
#5963=ADVANCED_FACE('',(#543),#351,.F.);
#5964=ADVANCED_FACE('',(#544),#5712,.F.);
#5965=ADVANCED_FACE('',(#545),#352,.F.);
#5966=ADVANCED_FACE('',(#546),#353,.T.);
#5967=ADVANCED_FACE('',(#547),#5713,.T.);
#5968=ADVANCED_FACE('',(#548),#5714,.T.);
#5969=ADVANCED_FACE('',(#549),#32,.T.);
#5970=ADVANCED_FACE('',(#550),#5715,.T.);
#5971=ADVANCED_FACE('',(#551),#5716,.T.);
#5972=ADVANCED_FACE('',(#552),#5717,.T.);
#5973=ADVANCED_FACE('',(#553),#5718,.T.);
#5974=ADVANCED_FACE('',(#554),#5719,.T.);
#5975=ADVANCED_FACE('',(#555),#33,.T.);
#5976=ADVANCED_FACE('',(#556),#34,.T.);
#5977=ADVANCED_FACE('',(#557),#35,.T.);
#5978=ADVANCED_FACE('',(#558),#5720,.T.);
#5979=ADVANCED_FACE('',(#559),#5721,.T.);
#5980=ADVANCED_FACE('',(#560),#5722,.T.);
#5981=ADVANCED_FACE('',(#561),#5723,.T.);
#5982=ADVANCED_FACE('',(#562),#5724,.T.);
#5983=ADVANCED_FACE('',(#563),#5725,.T.);
#5984=ADVANCED_FACE('',(#564),#5726,.T.);
#5985=ADVANCED_FACE('',(#565),#36,.T.);
#5986=ADVANCED_FACE('',(#566),#37,.T.);
#5987=ADVANCED_FACE('',(#567),#38,.T.);
#5988=ADVANCED_FACE('',(#568),#39,.T.);
#5989=ADVANCED_FACE('',(#569),#5727,.T.);
#5990=ADVANCED_FACE('',(#570),#5728,.T.);
#5991=ADVANCED_FACE('',(#571),#5729,.T.);
#5992=ADVANCED_FACE('',(#572),#5730,.T.);
#5993=ADVANCED_FACE('',(#573),#40,.T.);
#5994=ADVANCED_FACE('',(#574),#41,.T.);
#5995=ADVANCED_FACE('',(#575),#5731,.T.);
#5996=ADVANCED_FACE('',(#576),#5732,.T.);
#5997=ADVANCED_FACE('',(#577),#5733,.T.);
#5998=ADVANCED_FACE('',(#578),#5734,.T.);
#5999=ADVANCED_FACE('',(#579),#5735,.T.);
#6000=ADVANCED_FACE('',(#580),#42,.T.);
#6001=ADVANCED_FACE('',(#581),#43,.T.);
#6002=ADVANCED_FACE('',(#582),#5736,.T.);
#6003=ADVANCED_FACE('',(#583),#5737,.T.);
#6004=ADVANCED_FACE('',(#584),#5738,.T.);
#6005=ADVANCED_FACE('',(#585),#5739,.T.);
#6006=ADVANCED_FACE('',(#586),#5740,.T.);
#6007=ADVANCED_FACE('',(#587),#44,.T.);
#6008=ADVANCED_FACE('',(#588),#45,.T.);
#6009=ADVANCED_FACE('',(#589),#46,.T.);
#6010=ADVANCED_FACE('',(#590),#47,.T.);
#6011=ADVANCED_FACE('',(#591),#5741,.T.);
#6012=ADVANCED_FACE('',(#592),#5742,.T.);
#6013=ADVANCED_FACE('',(#593),#5743,.T.);
#6014=ADVANCED_FACE('',(#594),#5744,.T.);
#6015=ADVANCED_FACE('',(#595),#5745,.T.);
#6016=ADVANCED_FACE('',(#596),#5746,.T.);
#6017=ADVANCED_FACE('',(#597),#5747,.T.);
#6018=ADVANCED_FACE('',(#598),#48,.T.);
#6019=ADVANCED_FACE('',(#599),#49,.T.);
#6020=ADVANCED_FACE('',(#600),#5748,.T.);
#6021=ADVANCED_FACE('',(#601),#5749,.T.);
#6022=ADVANCED_FACE('',(#602),#5750,.T.);
#6023=ADVANCED_FACE('',(#603),#5751,.T.);
#6024=ADVANCED_FACE('',(#604),#5752,.T.);
#6025=ADVANCED_FACE('',(#605),#5753,.T.);
#6026=ADVANCED_FACE('',(#606),#5754,.T.);
#6027=ADVANCED_FACE('',(#607),#5755,.T.);
#6028=ADVANCED_FACE('',(#608),#50,.T.);
#6029=ADVANCED_FACE('',(#609),#51,.T.);
#6030=ADVANCED_FACE('',(#610),#52,.T.);
#6031=ADVANCED_FACE('',(#611),#53,.T.);
#6032=ADVANCED_FACE('',(#612),#5756,.T.);
#6033=ADVANCED_FACE('',(#613),#5757,.T.);
#6034=ADVANCED_FACE('',(#614),#5758,.T.);
#6035=ADVANCED_FACE('',(#615),#5759,.T.);
#6036=ADVANCED_FACE('',(#616),#5760,.T.);
#6037=ADVANCED_FACE('',(#617),#5761,.T.);
#6038=ADVANCED_FACE('',(#618),#5762,.T.);
#6039=ADVANCED_FACE('',(#619),#5763,.T.);
#6040=ADVANCED_FACE('',(#620),#54,.T.);
#6041=ADVANCED_FACE('',(#621),#55,.T.);
#6042=ADVANCED_FACE('',(#622),#56,.T.);
#6043=ADVANCED_FACE('',(#623),#57,.T.);
#6044=ADVANCED_FACE('',(#624),#5764,.T.);
#6045=ADVANCED_FACE('',(#625),#5765,.T.);
#6046=ADVANCED_FACE('',(#626),#5766,.T.);
#6047=ADVANCED_FACE('',(#627),#5767,.T.);
#6048=ADVANCED_FACE('',(#628),#5768,.T.);
#6049=ADVANCED_FACE('',(#629),#5769,.T.);
#6050=ADVANCED_FACE('',(#630),#5770,.T.);
#6051=ADVANCED_FACE('',(#631),#58,.T.);
#6052=ADVANCED_FACE('',(#632),#5771,.T.);
#6053=ADVANCED_FACE('',(#633),#5772,.T.);
#6054=ADVANCED_FACE('',(#634),#59,.T.);
#6055=ADVANCED_FACE('',(#635),#5773,.T.);
#6056=ADVANCED_FACE('',(#636),#5774,.T.);
#6057=ADVANCED_FACE('',(#637),#5775,.T.);
#6058=ADVANCED_FACE('',(#638),#5776,.T.);
#6059=ADVANCED_FACE('',(#639),#60,.T.);
#6060=ADVANCED_FACE('',(#640),#61,.T.);
#6061=ADVANCED_FACE('',(#641),#5777,.T.);
#6062=ADVANCED_FACE('',(#642),#72,.T.);
#6063=ADVANCED_FACE('',(#643),#73,.T.);
#6064=ADVANCED_FACE('',(#644),#5778,.T.);
#6065=ADVANCED_FACE('',(#645),#5779,.T.);
#6066=ADVANCED_FACE('',(#646),#74,.T.);
#6067=ADVANCED_FACE('',(#647),#75,.T.);
#6068=ADVANCED_FACE('',(#648),#76,.T.);
#6069=ADVANCED_FACE('',(#649),#77,.T.);
#6070=ADVANCED_FACE('',(#650),#5780,.T.);
#6071=ADVANCED_FACE('',(#651),#78,.F.);
#6072=ADVANCED_FACE('',(#652),#79,.F.);
#6073=ADVANCED_FACE('',(#653),#5781,.F.);
#6074=ADVANCED_FACE('',(#654),#80,.F.);
#6075=ADVANCED_FACE('',(#655),#81,.F.);
#6076=ADVANCED_FACE('',(#656),#5782,.F.);
#6077=ADVANCED_FACE('',(#657),#5783,.F.);
#6078=ADVANCED_FACE('',(#658),#82,.F.);
#6079=ADVANCED_FACE('',(#659),#83,.F.);
#6080=ADVANCED_FACE('',(#660),#84,.F.);
#6081=ADVANCED_FACE('',(#661),#5784,.F.);
#6082=ADVANCED_FACE('',(#662),#85,.F.);
#6083=ADVANCED_FACE('',(#663),#86,.T.);
#6084=ADVANCED_FACE('',(#664),#5785,.T.);
#6085=ADVANCED_FACE('',(#665),#87,.T.);
#6086=ADVANCED_FACE('',(#666),#88,.T.);
#6087=ADVANCED_FACE('',(#667),#5786,.T.);
#6088=ADVANCED_FACE('',(#668),#5787,.T.);
#6089=ADVANCED_FACE('',(#669),#89,.T.);
#6090=ADVANCED_FACE('',(#670),#354,.F.);
#6091=ADVANCED_FACE('',(#671,#237,#238),#355,.T.);
#6092=ADVANCED_FACE('',(#672),#356,.F.);
#6093=ADVANCED_FACE('',(#673),#357,.F.);
#6094=ADVANCED_FACE('',(#674),#358,.F.);
#6095=ADVANCED_FACE('',(#675),#359,.F.);
#6096=ADVANCED_FACE('',(#676),#360,.F.);
#6097=ADVANCED_FACE('',(#677),#5788,.T.);
#6098=ADVANCED_FACE('',(#678),#361,.F.);
#6099=ADVANCED_FACE('',(#679),#5789,.T.);
#6100=ADVANCED_FACE('',(#680),#362,.F.);
#6101=ADVANCED_FACE('',(#681),#5790,.T.);
#6102=ADVANCED_FACE('',(#682),#363,.F.);
#6103=ADVANCED_FACE('',(#683),#5791,.T.);
#6104=ADVANCED_FACE('',(#684),#364,.F.);
#6105=ADVANCED_FACE('',(#685),#365,.T.);
#6106=ADVANCED_FACE('',(#686),#5792,.T.);
#6107=ADVANCED_FACE('',(#687),#62,.T.);
#6108=ADVANCED_FACE('',(#688),#63,.T.);
#6109=ADVANCED_FACE('',(#689),#5793,.T.);
#6110=ADVANCED_FACE('',(#690),#5794,.T.);
#6111=ADVANCED_FACE('',(#691),#64,.T.);
#6112=ADVANCED_FACE('',(#692),#65,.T.);
#6113=ADVANCED_FACE('',(#693),#5795,.T.);
#6114=ADVANCED_FACE('',(#694),#5796,.T.);
#6115=ADVANCED_FACE('',(#695),#5797,.T.);
#6116=ADVANCED_FACE('',(#696),#5798,.T.);
#6117=ADVANCED_FACE('',(#697),#5799,.T.);
#6118=ADVANCED_FACE('',(#698),#366,.F.);
#6119=ADVANCED_FACE('',(#699),#367,.F.);
#6120=ADVANCED_FACE('',(#700),#368,.F.);
#6121=ADVANCED_FACE('',(#701),#369,.F.);
#6122=ADVANCED_FACE('',(#702),#370,.F.);
#6123=ADVANCED_FACE('',(#703),#371,.T.);
#6124=ADVANCED_FACE('',(#704),#372,.F.);
#6125=ADVANCED_FACE('',(#705),#373,.F.);
#6126=ADVANCED_FACE('',(#706),#374,.F.);
#6127=ADVANCED_FACE('',(#707),#375,.F.);
#6128=ADVANCED_FACE('',(#708),#376,.F.);
#6129=ADVANCED_FACE('',(#709),#377,.T.);
#6130=ADVANCED_FACE('',(#710),#378,.F.);
#6131=ADVANCED_FACE('',(#711),#379,.F.);
#6132=ADVANCED_FACE('',(#712),#5800,.F.);
#6133=ADVANCED_FACE('',(#713),#380,.F.);
#6134=ADVANCED_FACE('',(#714),#381,.F.);
#6135=ADVANCED_FACE('',(#715),#5801,.F.);
#6136=ADVANCED_FACE('',(#716),#382,.F.);
#6137=ADVANCED_FACE('',(#717),#5802,.F.);
#6138=ADVANCED_FACE('',(#718),#5803,.F.);
#6139=ADVANCED_FACE('',(#719),#383,.F.);
#6140=ADVANCED_FACE('',(#720,#239,#240,#241),#384,.F.);
#6141=ADVANCED_FACE('',(#721),#5804,.F.);
#6142=ADVANCED_FACE('',(#722),#5805,.F.);
#6143=ADVANCED_FACE('',(#723),#5806,.F.);
#6144=ADVANCED_FACE('',(#724),#385,.F.);
#6145=ADVANCED_FACE('',(#725),#386,.F.);
#6146=ADVANCED_FACE('',(#726),#5807,.F.);
#6147=ADVANCED_FACE('',(#727),#5808,.T.);
#6148=ADVANCED_FACE('',(#728),#387,.T.);
#6149=ADVANCED_FACE('',(#729,#242,#243,#244,#245,#246,#247,#248,#249),#388,
 .F.);
#6150=ADVANCED_FACE('',(#730),#5809,.T.);
#6151=ADVANCED_FACE('',(#731),#389,.T.);
#6152=ADVANCED_FACE('',(#732),#5810,.T.);
#6153=ADVANCED_FACE('',(#733),#5811,.T.);
#6154=ADVANCED_FACE('',(#734),#5812,.T.);
#6155=ADVANCED_FACE('',(#735),#5813,.F.);
#6156=ADVANCED_FACE('',(#736,#250,#251,#252,#253,#254,#255,#256,#257,#258),
#390,.T.);
#6157=ADVANCED_FACE('',(#737,#259),#391,.T.);
#6158=ADVANCED_FACE('',(#738),#5814,.T.);
#6159=ADVANCED_FACE('',(#739),#24,.T.);
#6160=ADVANCED_FACE('',(#740),#25,.T.);
#6161=ADVANCED_FACE('',(#741),#26,.F.);
#6162=ADVANCED_FACE('',(#742),#27,.F.);
#6163=ADVANCED_FACE('',(#743),#28,.F.);
#6164=ADVANCED_FACE('',(#744),#29,.F.);
#6165=ADVANCED_FACE('',(#745,#260),#392,.F.);
#6166=ADVANCED_FACE('',(#746),#30,.T.);
#6167=ADVANCED_FACE('',(#747),#31,.T.);
#6168=ADVANCED_FACE('',(#748),#5815,.F.);
#6169=ADVANCED_FACE('',(#749),#393,.F.);
#6170=ADVANCED_FACE('',(#750),#5816,.F.);
#6171=ADVANCED_FACE('',(#751),#394,.F.);
#6172=ADVANCED_FACE('',(#752),#5817,.F.);
#6173=ADVANCED_FACE('',(#753),#395,.F.);
#6174=ADVANCED_FACE('',(#754),#5818,.F.);
#6175=ADVANCED_FACE('',(#755),#396,.F.);
#6176=ADVANCED_FACE('',(#756),#5819,.F.);
#6177=ADVANCED_FACE('',(#757,#261),#397,.T.);
#6178=ADVANCED_FACE('',(#758),#398,.T.);
#6179=ADVANCED_FACE('',(#759),#5820,.F.);
#6180=ADVANCED_FACE('',(#760),#399,.T.);
#6181=ADVANCED_FACE('',(#761),#5821,.F.);
#6182=ADVANCED_FACE('',(#762),#400,.T.);
#6183=ADVANCED_FACE('',(#763),#5822,.F.);
#6184=ADVANCED_FACE('',(#764),#401,.T.);
#6185=ADVANCED_FACE('',(#765),#5823,.F.);
#6186=ADVANCED_FACE('',(#766),#402,.T.);
#6187=ADVANCED_FACE('',(#767),#5824,.F.);
#6188=ADVANCED_FACE('',(#768),#403,.T.);
#6189=ADVANCED_FACE('',(#769),#5825,.F.);
#6190=ADVANCED_FACE('',(#770),#5826,.F.);
#6191=ADVANCED_FACE('',(#771),#404,.T.);
#6192=ADVANCED_FACE('',(#772),#405,.T.);
#6193=ADVANCED_FACE('',(#773,#262,#263,#264,#265),#406,.T.);
#6194=ADVANCED_FACE('',(#774),#23,.T.);
#6195=CLOSED_SHELL('',(#5827,#5828,#5829,#5830,#5831,#5832,#5833,#5834,
#5835,#5836,#5837,#5838,#5839,#5840,#5841,#5842,#5843,#5844,#5845,#5846,
#5847,#5848,#5849,#5850));
#6196=CLOSED_SHELL('',(#5851,#5852,#5853,#5854,#5855,#5856,#5857,#5858,
#5859,#5860,#5861,#5862,#5863,#5864,#5865,#5866,#5867,#5868));
#6197=CLOSED_SHELL('',(#5869,#5870,#5871,#5872,#5873,#5874,#5875,#5876,
#5877,#5878,#5879,#5880,#5881,#5882,#5883,#5884,#5885,#5886,#5887,#5888,
#5889,#5890,#5891,#5892,#5893,#5894,#5895,#5896,#5897,#5898,#5899,#5900,
#5901,#5902,#5903,#5904,#5905));
#6198=CLOSED_SHELL('',(#5906,#5907,#5908,#5909,#5910,#5911,#5912,#5913,
#5914,#5915,#5916,#5917,#5918,#5919,#5920,#5921,#5922,#5923,#5924,#5925,
#5926,#5927,#5928,#5929,#5930,#5931,#5932,#5933,#5934,#5935,#5936,#5937,
#5938,#5939,#5940,#5941,#5942,#5943,#5944,#5945,#5946,#5947,#5948,#5949,
#5950,#5951,#5952,#5953,#5954,#5955,#5956,#5957,#5958,#5959,#5960,#5961,
#5962,#5963,#5964,#5965,#5966,#5967,#5968,#5969,#5970,#5971,#5972,#5973,
#5974,#5975,#5976,#5977,#5978,#5979,#5980,#5981,#5982,#5983,#5984,#5985,
#5986,#5987,#5988,#5989,#5990,#5991,#5992,#5993,#5994,#5995,#5996,#5997,
#5998,#5999,#6000,#6001,#6002,#6003,#6004,#6005,#6006,#6007,#6008,#6009,
#6010,#6011,#6012,#6013,#6014,#6015,#6016,#6017,#6018,#6019,#6020,#6021,
#6022,#6023,#6024,#6025,#6026,#6027,#6028,#6029,#6030,#6031,#6032,#6033,
#6034,#6035,#6036,#6037,#6038,#6039,#6040,#6041,#6042,#6043,#6044,#6045,
#6046,#6047,#6048,#6049,#6050,#6051,#6052,#6053,#6054,#6055,#6056,#6057,
#6058,#6059,#6060,#6061,#6062,#6063,#6064,#6065,#6066,#6067,#6068,#6069,
#6070,#6071,#6072,#6073,#6074,#6075,#6076,#6077,#6078,#6079,#6080,#6081,
#6082,#6083,#6084,#6085,#6086,#6087,#6088,#6089));
#6199=CLOSED_SHELL('',(#6090,#6091,#6092,#6093,#6094,#6095,#6096,#6097,
#6098,#6099,#6100,#6101,#6102,#6103,#6104,#6105,#6106,#6107,#6108,#6109,
#6110,#6111,#6112,#6113,#6114,#6115,#6116,#6117,#6118,#6119,#6120,#6121,
#6122,#6123,#6124,#6125,#6126,#6127,#6128,#6129,#6130,#6131));
#6200=CLOSED_SHELL('',(#6132,#6133,#6134,#6135,#6136,#6137,#6138,#6139,
#6140,#6141,#6142,#6143,#6144,#6145,#6146,#6147,#6148,#6149,#6150,#6151,
#6152,#6153,#6154,#6155,#6156,#6157,#6158,#6159,#6160,#6161,#6162,#6163,
#6164,#6165,#6166,#6167,#6168,#6169,#6170,#6171,#6172,#6173,#6174,#6175,
#6176,#6177,#6178,#6179,#6180,#6181,#6182,#6183,#6184,#6185,#6186,#6187,
#6188,#6189,#6190,#6191,#6192,#6193));
#6201=CLOSED_SHELL('',(#6194));
#6202=DERIVED_UNIT_ELEMENT(#6208,1.);
#6203=DERIVED_UNIT_ELEMENT(#11978,-3.);
#6204=DERIVED_UNIT_ELEMENT(#6208,1.);
#6205=DERIVED_UNIT_ELEMENT(#11978,-3.);
#6206=DERIVED_UNIT_ELEMENT(#6208,1.);
#6207=DERIVED_UNIT_ELEMENT(#11978,-3.);
#6208=(
MASS_UNIT()
NAMED_UNIT(*)
SI_UNIT(.KILO.,.GRAM.)
);
#6209=DERIVED_UNIT((#6202,#6203));
#6210=DERIVED_UNIT((#6204,#6205));
#6211=DERIVED_UNIT((#6206,#6207));
#6212=MEASURE_REPRESENTATION_ITEM('density measure',
POSITIVE_RATIO_MEASURE(7850.),#6209);
#6213=MEASURE_REPRESENTATION_ITEM('density measure',
POSITIVE_RATIO_MEASURE(7850.),#6210);
#6214=MEASURE_REPRESENTATION_ITEM('density measure',
POSITIVE_RATIO_MEASURE(7850.),#6211);
#6215=PROPERTY_DEFINITION_REPRESENTATION(#6230,#6221);
#6216=PROPERTY_DEFINITION_REPRESENTATION(#6231,#6222);
#6217=PROPERTY_DEFINITION_REPRESENTATION(#6232,#6223);
#6218=PROPERTY_DEFINITION_REPRESENTATION(#6233,#6224);
#6219=PROPERTY_DEFINITION_REPRESENTATION(#6234,#6225);
#6220=PROPERTY_DEFINITION_REPRESENTATION(#6235,#6226);
#6221=REPRESENTATION('material name',(#6227),#11973);
#6222=REPRESENTATION('density',(#6212),#11973);
#6223=REPRESENTATION('material name',(#6228),#11974);
#6224=REPRESENTATION('density',(#6213),#11974);
#6225=REPRESENTATION('material name',(#6229),#11975);
#6226=REPRESENTATION('density',(#6214),#11975);
#6227=DESCRIPTIVE_REPRESENTATION_ITEM('Steel','Steel');
#6228=DESCRIPTIVE_REPRESENTATION_ITEM('Steel','Steel');
#6229=DESCRIPTIVE_REPRESENTATION_ITEM('Steel','Steel');
#6230=PROPERTY_DEFINITION('material property','material name',#11998);
#6231=PROPERTY_DEFINITION('material property','density of part',#11998);
#6232=PROPERTY_DEFINITION('material property','material name',#11999);
#6233=PROPERTY_DEFINITION('material property','density of part',#11999);
#6234=PROPERTY_DEFINITION('material property','material name',#12000);
#6235=PROPERTY_DEFINITION('material property','density of part',#12000);
#6236=AXIS2_PLACEMENT_3D('',#8752,#6911,#6912);
#6237=AXIS2_PLACEMENT_3D('',#8753,#6913,#6914);
#6238=AXIS2_PLACEMENT_3D('',#8754,#6915,#6916);
#6239=AXIS2_PLACEMENT_3D('',#8757,#6917,#6918);
#6240=AXIS2_PLACEMENT_3D('',#8761,#6920,#6921);
#6241=AXIS2_PLACEMENT_3D('',#8763,#6923,#6924);
#6242=AXIS2_PLACEMENT_3D('',#8765,#6925,#6926);
#6243=AXIS2_PLACEMENT_3D('',#8768,#6928,#6929);
#6244=AXIS2_PLACEMENT_3D('',#8769,#6930,#6931);
#6245=AXIS2_PLACEMENT_3D('',#8772,#6932,#6933);
#6246=AXIS2_PLACEMENT_3D('',#8776,#6935,#6936);
#6247=AXIS2_PLACEMENT_3D('',#8780,#6938,#6939);
#6248=AXIS2_PLACEMENT_3D('',#8784,#6941,#6942);
#6249=AXIS2_PLACEMENT_3D('',#8789,#6945,#6946);
#6250=AXIS2_PLACEMENT_3D('',#8793,#6948,#6949);
#6251=AXIS2_PLACEMENT_3D('',#8797,#6951,#6952);
#6252=AXIS2_PLACEMENT_3D('',#8801,#6954,#6955);
#6253=AXIS2_PLACEMENT_3D('',#8805,#6957,#6958);
#6254=AXIS2_PLACEMENT_3D('',#8807,#6959,#6960);
#6255=AXIS2_PLACEMENT_3D('',#8809,#6962,#6963);
#6256=AXIS2_PLACEMENT_3D('',#8813,#6965,#6966);
#6257=AXIS2_PLACEMENT_3D('',#8815,#6968,#6969);
#6258=AXIS2_PLACEMENT_3D('',#8817,#6970,#6971);
#6259=AXIS2_PLACEMENT_3D('',#8819,#6973,#6974);
#6260=AXIS2_PLACEMENT_3D('',#8822,#6977,#6978);
#6261=AXIS2_PLACEMENT_3D('',#8823,#6979,#6980);
#6262=AXIS2_PLACEMENT_3D('',#8829,#6984,#6985);
#6263=AXIS2_PLACEMENT_3D('',#8835,#6989,#6990);
#6264=AXIS2_PLACEMENT_3D('',#8838,#6992,#6993);
#6265=AXIS2_PLACEMENT_3D('',#8839,#6994,#6995);
#6266=AXIS2_PLACEMENT_3D('',#8843,#6998,#6999);
#6267=AXIS2_PLACEMENT_3D('',#8846,#7001,#7002);
#6268=AXIS2_PLACEMENT_3D('',#8847,#7003,#7004);
#6269=AXIS2_PLACEMENT_3D('',#8851,#7007,#7008);
#6270=AXIS2_PLACEMENT_3D('',#8852,#7009,#7010);
#6271=AXIS2_PLACEMENT_3D('',#8853,#7011,#7012);
#6272=AXIS2_PLACEMENT_3D('',#8854,#7013,#7014);
#6273=AXIS2_PLACEMENT_3D('',#8855,#7015,#7016);
#6274=AXIS2_PLACEMENT_3D('',#8861,#7020,#7021);
#6275=AXIS2_PLACEMENT_3D('',#8863,#7022,#7023);
#6276=AXIS2_PLACEMENT_3D('',#8865,#7025,#7026);
#6277=AXIS2_PLACEMENT_3D('',#8869,#7029,#7030);
#6278=AXIS2_PLACEMENT_3D('',#8871,#7031,#7032);
#6279=AXIS2_PLACEMENT_3D('',#8873,#7034,#7035);
#6280=AXIS2_PLACEMENT_3D('',#8877,#7038,#7039);
#6281=AXIS2_PLACEMENT_3D('',#8879,#7040,#7041);
#6282=AXIS2_PLACEMENT_3D('',#8881,#7043,#7044);
#6283=AXIS2_PLACEMENT_3D('',#8885,#7047,#7048);
#6284=AXIS2_PLACEMENT_3D('',#8886,#7049,#7050);
#6285=AXIS2_PLACEMENT_3D('',#8887,#7051,#7052);
#6286=AXIS2_PLACEMENT_3D('',#8888,#7053,#7054);
#6287=AXIS2_PLACEMENT_3D('',#8890,#7055,#7056);
#6288=AXIS2_PLACEMENT_3D('',#8893,#7058,#7059);
#6289=AXIS2_PLACEMENT_3D('',#8894,#7060,#7061);
#6290=AXIS2_PLACEMENT_3D('',#8896,#7062,#7063);
#6291=AXIS2_PLACEMENT_3D('',#8899,#7065,#7066);
#6292=AXIS2_PLACEMENT_3D('',#8900,#7067,#7068);
#6293=AXIS2_PLACEMENT_3D('',#8909,#7073,#7074);
#6294=AXIS2_PLACEMENT_3D('',#8915,#7078,#7079);
#6295=AXIS2_PLACEMENT_3D('',#8921,#7083,#7084);
#6296=AXIS2_PLACEMENT_3D('',#8924,#7087,#7088);
#6297=AXIS2_PLACEMENT_3D('',#8926,#7089,#7090);
#6298=AXIS2_PLACEMENT_3D('',#8929,#7092,#7093);
#6299=AXIS2_PLACEMENT_3D('',#8930,#7094,#7095);
#6300=AXIS2_PLACEMENT_3D('',#8932,#7096,#7097);
#6301=AXIS2_PLACEMENT_3D('',#8935,#7099,#7100);
#6302=AXIS2_PLACEMENT_3D('',#8936,#7101,#7102);
#6303=AXIS2_PLACEMENT_3D('',#8945,#7107,#7108);
#6304=AXIS2_PLACEMENT_3D('',#8947,#7109,#7110);
#6305=AXIS2_PLACEMENT_3D('',#8949,#7111,#7112);
#6306=AXIS2_PLACEMENT_3D('',#8951,#7114,#7115);
#6307=AXIS2_PLACEMENT_3D('',#8957,#7119,#7120);
#6308=AXIS2_PLACEMENT_3D('',#8959,#7121,#7122);
#6309=AXIS2_PLACEMENT_3D('',#8961,#7123,#7124);
#6310=AXIS2_PLACEMENT_3D('',#8963,#7126,#7127);
#6311=AXIS2_PLACEMENT_3D('',#8969,#7131,#7132);
#6312=AXIS2_PLACEMENT_3D('',#8971,#7133,#7134);
#6313=AXIS2_PLACEMENT_3D('',#8973,#7135,#7136);
#6314=AXIS2_PLACEMENT_3D('',#8975,#7138,#7139);
#6315=AXIS2_PLACEMENT_3D('',#8981,#7143,#7144);
#6316=AXIS2_PLACEMENT_3D('',#8982,#7145,#7146);
#6317=AXIS2_PLACEMENT_3D('',#8983,#7147,#7148);
#6318=AXIS2_PLACEMENT_3D('',#8984,#7149,#7150);
#6319=AXIS2_PLACEMENT_3D('',#8985,#7151,#7152);
#6320=AXIS2_PLACEMENT_3D('',#8986,#7153,#7154);
#6321=AXIS2_PLACEMENT_3D('',#8988,#7155,#7156);
#6322=AXIS2_PLACEMENT_3D('',#8991,#7158,#7159);
#6323=AXIS2_PLACEMENT_3D('',#8992,#7160,#7161);
#6324=AXIS2_PLACEMENT_3D('',#8995,#7162,#7163);
#6325=AXIS2_PLACEMENT_3D('',#8999,#7165,#7166);
#6326=AXIS2_PLACEMENT_3D('',#9001,#7168,#7169);
#6327=AXIS2_PLACEMENT_3D('',#9005,#7171,#7172);
#6328=AXIS2_PLACEMENT_3D('',#9009,#7174,#7175);
#6329=AXIS2_PLACEMENT_3D('',#9013,#7177,#7178);
#6330=AXIS2_PLACEMENT_3D('',#9017,#7180,#7181);
#6331=AXIS2_PLACEMENT_3D('',#9021,#7183,#7184);
#6332=AXIS2_PLACEMENT_3D('',#9023,#7185,#7186);
#6333=AXIS2_PLACEMENT_3D('',#9026,#7188,#7189);
#6334=AXIS2_PLACEMENT_3D('',#9031,#7191,#7192);
#6335=AXIS2_PLACEMENT_3D('',#9035,#7194,#7195);
#6336=AXIS2_PLACEMENT_3D('',#9039,#7197,#7198);
#6337=AXIS2_PLACEMENT_3D('',#9042,#7200,#7201);
#6338=AXIS2_PLACEMENT_3D('',#9043,#7202,#7203);
#6339=AXIS2_PLACEMENT_3D('',#9047,#7206,#7207);
#6340=AXIS2_PLACEMENT_3D('',#9050,#7208,#7209);
#6341=AXIS2_PLACEMENT_3D('',#9053,#7212,#7213);
#6342=AXIS2_PLACEMENT_3D('',#9057,#7215,#7216);
#6343=AXIS2_PLACEMENT_3D('',#9066,#7217,#7218);
#6344=AXIS2_PLACEMENT_3D('',#9078,#7221,#7222);
#6345=AXIS2_PLACEMENT_3D('',#9081,#7224,#7225);
#6346=AXIS2_PLACEMENT_3D('',#9082,#7226,#7227);
#6347=AXIS2_PLACEMENT_3D('',#9084,#7229,#7230);
#6348=AXIS2_PLACEMENT_3D('',#9085,#7231,#7232);
#6349=AXIS2_PLACEMENT_3D('',#9089,#7235,#7236);
#6350=AXIS2_PLACEMENT_3D('',#9092,#7237,#7238);
#6351=AXIS2_PLACEMENT_3D('',#9096,#7240,#7241);
#6352=AXIS2_PLACEMENT_3D('',#9100,#7243,#7244);
#6353=AXIS2_PLACEMENT_3D('',#9104,#7246,#7247);
#6354=AXIS2_PLACEMENT_3D('',#9106,#7249,#7250);
#6355=AXIS2_PLACEMENT_3D('',#9112,#7254,#7255);
#6356=AXIS2_PLACEMENT_3D('',#9115,#7257,#7258);
#6357=AXIS2_PLACEMENT_3D('',#9116,#7259,#7260);
#6358=AXIS2_PLACEMENT_3D('',#9120,#7263,#7264);
#6359=AXIS2_PLACEMENT_3D('',#9123,#7266,#7267);
#6360=AXIS2_PLACEMENT_3D('',#9124,#7268,#7269);
#6361=AXIS2_PLACEMENT_3D('',#9128,#7272,#7273);
#6362=AXIS2_PLACEMENT_3D('',#9131,#7275,#7276);
#6363=AXIS2_PLACEMENT_3D('',#9132,#7277,#7278);
#6364=AXIS2_PLACEMENT_3D('',#9136,#7281,#7282);
#6365=AXIS2_PLACEMENT_3D('',#9137,#7283,#7284);
#6366=AXIS2_PLACEMENT_3D('',#9138,#7285,#7286);
#6367=AXIS2_PLACEMENT_3D('',#9144,#7290,#7291);
#6368=AXIS2_PLACEMENT_3D('',#9146,#7292,#7293);
#6369=AXIS2_PLACEMENT_3D('',#9148,#7295,#7296);
#6370=AXIS2_PLACEMENT_3D('',#9152,#7299,#7300);
#6371=AXIS2_PLACEMENT_3D('',#9154,#7301,#7302);
#6372=AXIS2_PLACEMENT_3D('',#9156,#7304,#7305);
#6373=AXIS2_PLACEMENT_3D('',#9160,#7308,#7309);
#6374=AXIS2_PLACEMENT_3D('',#9162,#7310,#7311);
#6375=AXIS2_PLACEMENT_3D('',#9164,#7313,#7314);
#6376=AXIS2_PLACEMENT_3D('',#9168,#7317,#7318);
#6377=AXIS2_PLACEMENT_3D('',#9169,#7319,#7320);
#6378=AXIS2_PLACEMENT_3D('',#9170,#7321,#7322);
#6379=AXIS2_PLACEMENT_3D('',#9171,#7323,#7324);
#6380=AXIS2_PLACEMENT_3D('',#9173,#7325,#7326);
#6381=AXIS2_PLACEMENT_3D('',#9175,#7328,#7329);
#6382=AXIS2_PLACEMENT_3D('',#9179,#7332,#7333);
#6383=AXIS2_PLACEMENT_3D('',#9181,#7334,#7335);
#6384=AXIS2_PLACEMENT_3D('',#9183,#7337,#7338);
#6385=AXIS2_PLACEMENT_3D('',#9187,#7341,#7342);
#6386=AXIS2_PLACEMENT_3D('',#9189,#7343,#7344);
#6387=AXIS2_PLACEMENT_3D('',#9191,#7346,#7347);
#6388=AXIS2_PLACEMENT_3D('',#9195,#7350,#7351);
#6389=AXIS2_PLACEMENT_3D('',#9196,#7352,#7353);
#6390=AXIS2_PLACEMENT_3D('',#9197,#7354,#7355);
#6391=AXIS2_PLACEMENT_3D('',#9198,#7356,#7357);
#6392=AXIS2_PLACEMENT_3D('',#9199,#7358,#7359);
#6393=AXIS2_PLACEMENT_3D('',#9202,#7360,#7361);
#6394=AXIS2_PLACEMENT_3D('',#9206,#7363,#7364);
#6395=AXIS2_PLACEMENT_3D('',#9208,#7366,#7367);
#6396=AXIS2_PLACEMENT_3D('',#9211,#7368,#7369);
#6397=AXIS2_PLACEMENT_3D('',#9215,#7371,#7372);
#6398=AXIS2_PLACEMENT_3D('',#9217,#7374,#7375);
#6399=AXIS2_PLACEMENT_3D('',#9313,#7382,#7383);
#6400=AXIS2_PLACEMENT_3D('',#9374,#7385,#7386);
#6401=AXIS2_PLACEMENT_3D('',#9375,#7387,#7388);
#6402=AXIS2_PLACEMENT_3D('',#9384,#7393,#7394);
#6403=AXIS2_PLACEMENT_3D('',#9393,#7399,#7400);
#6404=AXIS2_PLACEMENT_3D('',#9406,#7407,#7408);
#6405=AXIS2_PLACEMENT_3D('',#9421,#7416,#7417);
#6406=AXIS2_PLACEMENT_3D('',#9430,#7422,#7423);
#6407=AXIS2_PLACEMENT_3D('',#9439,#7428,#7429);
#6408=AXIS2_PLACEMENT_3D('',#9442,#7430,#7431);
#6409=AXIS2_PLACEMENT_3D('',#9446,#7434,#7435);
#6410=AXIS2_PLACEMENT_3D('',#9463,#7444,#7445);
#6411=AXIS2_PLACEMENT_3D('',#9480,#7454,#7455);
#6412=AXIS2_PLACEMENT_3D('',#9505,#7468,#7469);
#6413=AXIS2_PLACEMENT_3D('',#9550,#7491,#7492);
#6414=AXIS2_PLACEMENT_3D('',#9554,#7494,#7495);
#6415=AXIS2_PLACEMENT_3D('',#9558,#7497,#7498);
#6416=AXIS2_PLACEMENT_3D('',#9561,#7500,#7501);
#6417=AXIS2_PLACEMENT_3D('',#9562,#7502,#7503);
#6418=AXIS2_PLACEMENT_3D('',#9575,#7510,#7511);
#6419=AXIS2_PLACEMENT_3D('',#9590,#7519,#7520);
#6420=AXIS2_PLACEMENT_3D('',#9599,#7525,#7526);
#6421=AXIS2_PLACEMENT_3D('',#9608,#7531,#7532);
#6422=AXIS2_PLACEMENT_3D('',#9617,#7537,#7538);
#6423=AXIS2_PLACEMENT_3D('',#9620,#7541,#7542);
#6424=AXIS2_PLACEMENT_3D('',#9629,#7547,#7548);
#6425=AXIS2_PLACEMENT_3D('',#9638,#7553,#7554);
#6426=AXIS2_PLACEMENT_3D('',#9641,#7557,#7558);
#6427=AXIS2_PLACEMENT_3D('',#9644,#7559,#7560);
#6428=AXIS2_PLACEMENT_3D('',#9648,#7563,#7564);
#6429=AXIS2_PLACEMENT_3D('',#9663,#7565,#7566);
#6430=AXIS2_PLACEMENT_3D('',#9676,#7567,#7568);
#6431=AXIS2_PLACEMENT_3D('',#9691,#7569,#7570);
#6432=AXIS2_PLACEMENT_3D('',#9704,#7571,#7572);
#6433=AXIS2_PLACEMENT_3D('',#9708,#7575,#7576);
#6434=AXIS2_PLACEMENT_3D('',#9712,#7579,#7580);
#6435=AXIS2_PLACEMENT_3D('',#9721,#7585,#7586);
#6436=AXIS2_PLACEMENT_3D('',#9735,#7594,#7595);
#6437=AXIS2_PLACEMENT_3D('',#9749,#7603,#7604);
#6438=AXIS2_PLACEMENT_3D('',#9763,#7612,#7613);
#6439=AXIS2_PLACEMENT_3D('',#9777,#7621,#7622);
#6440=AXIS2_PLACEMENT_3D('',#9780,#7625,#7626);
#6441=AXIS2_PLACEMENT_3D('',#9783,#7629,#7630);
#6442=AXIS2_PLACEMENT_3D('',#9784,#7631,#7632);
#6443=AXIS2_PLACEMENT_3D('',#9787,#7635,#7636);
#6444=AXIS2_PLACEMENT_3D('',#9790,#7639,#7640);
#6445=AXIS2_PLACEMENT_3D('',#9851,#7643,#7644);
#6446=AXIS2_PLACEMENT_3D('',#9854,#7647,#7648);
#6447=AXIS2_PLACEMENT_3D('',#9888,#7650,#7651);
#6448=AXIS2_PLACEMENT_3D('',#9890,#7652,#7653);
#6449=AXIS2_PLACEMENT_3D('',#9892,#7654,#7655);
#6450=AXIS2_PLACEMENT_3D('',#9896,#7657,#7658);
#6451=AXIS2_PLACEMENT_3D('',#9898,#7659,#7660);
#6452=AXIS2_PLACEMENT_3D('',#9900,#7661,#7662);
#6453=AXIS2_PLACEMENT_3D('',#9985,#7670,#7671);
#6454=AXIS2_PLACEMENT_3D('',#9986,#7672,#7673);
#6455=AXIS2_PLACEMENT_3D('',#10035,#7677,#7678);
#6456=AXIS2_PLACEMENT_3D('',#10036,#7679,#7680);
#6457=AXIS2_PLACEMENT_3D('',#10059,#7685,#7686);
#6458=AXIS2_PLACEMENT_3D('',#10060,#7687,#7688);
#6459=AXIS2_PLACEMENT_3D('',#10108,#7693,#7694);
#6460=AXIS2_PLACEMENT_3D('',#10109,#7695,#7696);
#6461=AXIS2_PLACEMENT_3D('',#10112,#7699,#7700);
#6462=AXIS2_PLACEMENT_3D('',#10113,#7701,#7702);
#6463=AXIS2_PLACEMENT_3D('',#10117,#7704,#7705);
#6464=AXIS2_PLACEMENT_3D('',#10119,#7707,#7708);
#6465=AXIS2_PLACEMENT_3D('',#10123,#7711,#7712);
#6466=AXIS2_PLACEMENT_3D('',#10125,#7713,#7714);
#6467=AXIS2_PLACEMENT_3D('',#10127,#7716,#7717);
#6468=AXIS2_PLACEMENT_3D('',#10131,#7720,#7721);
#6469=AXIS2_PLACEMENT_3D('',#10133,#7722,#7723);
#6470=AXIS2_PLACEMENT_3D('',#10135,#7725,#7726);
#6471=AXIS2_PLACEMENT_3D('',#10139,#7729,#7730);
#6472=AXIS2_PLACEMENT_3D('',#10141,#7731,#7732);
#6473=AXIS2_PLACEMENT_3D('',#10143,#7734,#7735);
#6474=AXIS2_PLACEMENT_3D('',#10145,#7737,#7738);
#6475=AXIS2_PLACEMENT_3D('',#10146,#7739,#7740);
#6476=AXIS2_PLACEMENT_3D('',#10147,#7741,#7742);
#6477=AXIS2_PLACEMENT_3D('',#10148,#7743,#7744);
#6478=AXIS2_PLACEMENT_3D('',#10149,#7745,#7746);
#6479=AXIS2_PLACEMENT_3D('',#10150,#7747,#7748);
#6480=AXIS2_PLACEMENT_3D('',#10151,#7749,#7750);
#6481=AXIS2_PLACEMENT_3D('',#10152,#7751,#7752);
#6482=AXIS2_PLACEMENT_3D('',#10153,#7753,#7754);
#6483=AXIS2_PLACEMENT_3D('',#10154,#7755,#7756);
#6484=AXIS2_PLACEMENT_3D('',#10155,#7757,#7758);
#6485=AXIS2_PLACEMENT_3D('',#10156,#7759,#7760);
#6486=AXIS2_PLACEMENT_3D('',#10157,#7761,#7762);
#6487=AXIS2_PLACEMENT_3D('',#10158,#7763,#7764);
#6488=AXIS2_PLACEMENT_3D('',#10159,#7765,#7766);
#6489=AXIS2_PLACEMENT_3D('',#10160,#7767,#7768);
#6490=AXIS2_PLACEMENT_3D('',#10161,#7769,#7770);
#6491=AXIS2_PLACEMENT_3D('',#10162,#7771,#7772);
#6492=AXIS2_PLACEMENT_3D('',#10163,#7773,#7774);
#6493=AXIS2_PLACEMENT_3D('',#10164,#7775,#7776);
#6494=AXIS2_PLACEMENT_3D('',#10165,#7777,#7778);
#6495=AXIS2_PLACEMENT_3D('',#10166,#7779,#7780);
#6496=AXIS2_PLACEMENT_3D('',#10167,#7781,#7782);
#6497=AXIS2_PLACEMENT_3D('',#10168,#7783,#7784);
#6498=AXIS2_PLACEMENT_3D('',#10169,#7785,#7786);
#6499=AXIS2_PLACEMENT_3D('',#10170,#7787,#7788);
#6500=AXIS2_PLACEMENT_3D('',#10171,#7789,#7790);
#6501=AXIS2_PLACEMENT_3D('',#10172,#7791,#7792);
#6502=AXIS2_PLACEMENT_3D('',#10173,#7793,#7794);
#6503=AXIS2_PLACEMENT_3D('',#10174,#7795,#7796);
#6504=AXIS2_PLACEMENT_3D('',#10175,#7797,#7798);
#6505=AXIS2_PLACEMENT_3D('',#10176,#7799,#7800);
#6506=AXIS2_PLACEMENT_3D('',#10177,#7801,#7802);
#6507=AXIS2_PLACEMENT_3D('',#10178,#7803,#7804);
#6508=AXIS2_PLACEMENT_3D('',#10179,#7805,#7806);
#6509=AXIS2_PLACEMENT_3D('',#10180,#7807,#7808);
#6510=AXIS2_PLACEMENT_3D('',#10181,#7809,#7810);
#6511=AXIS2_PLACEMENT_3D('',#10182,#7811,#7812);
#6512=AXIS2_PLACEMENT_3D('',#10183,#7813,#7814);
#6513=AXIS2_PLACEMENT_3D('',#10184,#7815,#7816);
#6514=AXIS2_PLACEMENT_3D('',#10185,#7817,#7818);
#6515=AXIS2_PLACEMENT_3D('',#10186,#7819,#7820);
#6516=AXIS2_PLACEMENT_3D('',#10187,#7821,#7822);
#6517=AXIS2_PLACEMENT_3D('',#10188,#7823,#7824);
#6518=AXIS2_PLACEMENT_3D('',#10189,#7825,#7826);
#6519=AXIS2_PLACEMENT_3D('',#10190,#7827,#7828);
#6520=AXIS2_PLACEMENT_3D('',#10191,#7829,#7830);
#6521=AXIS2_PLACEMENT_3D('',#10192,#7831,#7832);
#6522=AXIS2_PLACEMENT_3D('',#10193,#7833,#7834);
#6523=AXIS2_PLACEMENT_3D('',#10194,#7835,#7836);
#6524=AXIS2_PLACEMENT_3D('',#10195,#7837,#7838);
#6525=AXIS2_PLACEMENT_3D('',#10196,#7839,#7840);
#6526=AXIS2_PLACEMENT_3D('',#10197,#7841,#7842);
#6527=AXIS2_PLACEMENT_3D('',#10198,#7843,#7844);
#6528=AXIS2_PLACEMENT_3D('',#10199,#7845,#7846);
#6529=AXIS2_PLACEMENT_3D('',#10200,#7847,#7848);
#6530=AXIS2_PLACEMENT_3D('',#10201,#7849,#7850);
#6531=AXIS2_PLACEMENT_3D('',#10202,#7851,#7852);
#6532=AXIS2_PLACEMENT_3D('',#10203,#7853,#7854);
#6533=AXIS2_PLACEMENT_3D('',#10204,#7855,#7856);
#6534=AXIS2_PLACEMENT_3D('',#10205,#7857,#7858);
#6535=AXIS2_PLACEMENT_3D('',#10206,#7859,#7860);
#6536=AXIS2_PLACEMENT_3D('',#10207,#7861,#7862);
#6537=AXIS2_PLACEMENT_3D('',#10208,#7863,#7864);
#6538=AXIS2_PLACEMENT_3D('',#10209,#7865,#7866);
#6539=AXIS2_PLACEMENT_3D('',#10210,#7867,#7868);
#6540=AXIS2_PLACEMENT_3D('',#10211,#7869,#7870);
#6541=AXIS2_PLACEMENT_3D('',#10212,#7871,#7872);
#6542=AXIS2_PLACEMENT_3D('',#10213,#7873,#7874);
#6543=AXIS2_PLACEMENT_3D('',#10214,#7875,#7876);
#6544=AXIS2_PLACEMENT_3D('',#10215,#7877,#7878);
#6545=AXIS2_PLACEMENT_3D('',#10216,#7879,#7880);
#6546=AXIS2_PLACEMENT_3D('',#10217,#7881,#7882);
#6547=AXIS2_PLACEMENT_3D('',#10218,#7883,#7884);
#6548=AXIS2_PLACEMENT_3D('',#10219,#7885,#7886);
#6549=AXIS2_PLACEMENT_3D('',#10220,#7887,#7888);
#6550=AXIS2_PLACEMENT_3D('',#10221,#7889,#7890);
#6551=AXIS2_PLACEMENT_3D('',#10222,#7891,#7892);
#6552=AXIS2_PLACEMENT_3D('',#10223,#7893,#7894);
#6553=AXIS2_PLACEMENT_3D('',#10224,#7895,#7896);
#6554=AXIS2_PLACEMENT_3D('',#10225,#7897,#7898);
#6555=AXIS2_PLACEMENT_3D('',#10226,#7899,#7900);
#6556=AXIS2_PLACEMENT_3D('',#10227,#7901,#7902);
#6557=AXIS2_PLACEMENT_3D('',#10228,#7903,#7904);
#6558=AXIS2_PLACEMENT_3D('',#10229,#7905,#7906);
#6559=AXIS2_PLACEMENT_3D('',#10230,#7907,#7908);
#6560=AXIS2_PLACEMENT_3D('',#10231,#7909,#7910);
#6561=AXIS2_PLACEMENT_3D('',#10232,#7911,#7912);
#6562=AXIS2_PLACEMENT_3D('',#10233,#7913,#7914);
#6563=AXIS2_PLACEMENT_3D('',#10234,#7915,#7916);
#6564=AXIS2_PLACEMENT_3D('',#10235,#7917,#7918);
#6565=AXIS2_PLACEMENT_3D('',#10236,#7919,#7920);
#6566=AXIS2_PLACEMENT_3D('',#10237,#7921,#7922);
#6567=AXIS2_PLACEMENT_3D('',#10238,#7923,#7924);
#6568=AXIS2_PLACEMENT_3D('',#10239,#7925,#7926);
#6569=AXIS2_PLACEMENT_3D('',#10240,#7927,#7928);
#6570=AXIS2_PLACEMENT_3D('',#10241,#7929,#7930);
#6571=AXIS2_PLACEMENT_3D('',#10242,#7931,#7932);
#6572=AXIS2_PLACEMENT_3D('',#10243,#7933,#7934);
#6573=AXIS2_PLACEMENT_3D('',#10244,#7935,#7936);
#6574=AXIS2_PLACEMENT_3D('',#10245,#7937,#7938);
#6575=AXIS2_PLACEMENT_3D('',#10246,#7939,#7940);
#6576=AXIS2_PLACEMENT_3D('',#10247,#7941,#7942);
#6577=AXIS2_PLACEMENT_3D('',#10248,#7943,#7944);
#6578=AXIS2_PLACEMENT_3D('',#10249,#7945,#7946);
#6579=AXIS2_PLACEMENT_3D('',#10250,#7947,#7948);
#6580=AXIS2_PLACEMENT_3D('',#10251,#7949,#7950);
#6581=AXIS2_PLACEMENT_3D('',#10252,#7951,#7952);
#6582=AXIS2_PLACEMENT_3D('',#10253,#7953,#7954);
#6583=AXIS2_PLACEMENT_3D('',#10254,#7955,#7956);
#6584=AXIS2_PLACEMENT_3D('',#10255,#7957,#7958);
#6585=AXIS2_PLACEMENT_3D('',#10256,#7959,#7960);
#6586=AXIS2_PLACEMENT_3D('',#10257,#7961,#7962);
#6587=AXIS2_PLACEMENT_3D('',#10258,#7963,#7964);
#6588=AXIS2_PLACEMENT_3D('',#10259,#7965,#7966);
#6589=AXIS2_PLACEMENT_3D('',#10260,#7967,#7968);
#6590=AXIS2_PLACEMENT_3D('',#10261,#7969,#7970);
#6591=AXIS2_PLACEMENT_3D('',#10262,#7971,#7972);
#6592=AXIS2_PLACEMENT_3D('',#10263,#7973,#7974);
#6593=AXIS2_PLACEMENT_3D('',#10264,#7975,#7976);
#6594=AXIS2_PLACEMENT_3D('',#10265,#7977,#7978);
#6595=AXIS2_PLACEMENT_3D('',#10266,#7979,#7980);
#6596=AXIS2_PLACEMENT_3D('',#10267,#7981,#7982);
#6597=AXIS2_PLACEMENT_3D('',#10268,#7983,#7984);
#6598=AXIS2_PLACEMENT_3D('',#10269,#7985,#7986);
#6599=AXIS2_PLACEMENT_3D('',#10270,#7987,#7988);
#6600=AXIS2_PLACEMENT_3D('',#10271,#7989,#7990);
#6601=AXIS2_PLACEMENT_3D('',#10272,#7991,#7992);
#6602=AXIS2_PLACEMENT_3D('',#10273,#7993,#7994);
#6603=AXIS2_PLACEMENT_3D('',#10274,#7995,#7996);
#6604=AXIS2_PLACEMENT_3D('',#10275,#7997,#7998);
#6605=AXIS2_PLACEMENT_3D('',#10276,#7999,#8000);
#6606=AXIS2_PLACEMENT_3D('',#10277,#8001,#8002);
#6607=AXIS2_PLACEMENT_3D('',#10278,#8003,#8004);
#6608=AXIS2_PLACEMENT_3D('',#10279,#8005,#8006);
#6609=AXIS2_PLACEMENT_3D('',#10280,#8007,#8008);
#6610=AXIS2_PLACEMENT_3D('',#10281,#8009,#8010);
#6611=AXIS2_PLACEMENT_3D('',#10282,#8011,#8012);
#6612=AXIS2_PLACEMENT_3D('',#10283,#8013,#8014);
#6613=AXIS2_PLACEMENT_3D('',#10284,#8015,#8016);
#6614=AXIS2_PLACEMENT_3D('',#10285,#8017,#8018);
#6615=AXIS2_PLACEMENT_3D('',#10286,#8019,#8020);
#6616=AXIS2_PLACEMENT_3D('',#10287,#8021,#8022);
#6617=AXIS2_PLACEMENT_3D('',#10288,#8023,#8024);
#6618=AXIS2_PLACEMENT_3D('',#10289,#8025,#8026);
#6619=AXIS2_PLACEMENT_3D('',#10290,#8027,#8028);
#6620=AXIS2_PLACEMENT_3D('',#10291,#8029,#8030);
#6621=AXIS2_PLACEMENT_3D('',#10292,#8031,#8032);
#6622=AXIS2_PLACEMENT_3D('',#10293,#8033,#8034);
#6623=AXIS2_PLACEMENT_3D('',#10294,#8035,#8036);
#6624=AXIS2_PLACEMENT_3D('',#10295,#8037,#8038);
#6625=AXIS2_PLACEMENT_3D('',#10296,#8039,#8040);
#6626=AXIS2_PLACEMENT_3D('',#10297,#8041,#8042);
#6627=AXIS2_PLACEMENT_3D('',#10298,#8043,#8044);
#6628=AXIS2_PLACEMENT_3D('',#10299,#8045,#8046);
#6629=AXIS2_PLACEMENT_3D('',#10300,#8047,#8048);
#6630=AXIS2_PLACEMENT_3D('',#10301,#8049,#8050);
#6631=AXIS2_PLACEMENT_3D('',#10302,#8051,#8052);
#6632=AXIS2_PLACEMENT_3D('',#10303,#8053,#8054);
#6633=AXIS2_PLACEMENT_3D('',#10304,#8055,#8056);
#6634=AXIS2_PLACEMENT_3D('',#10305,#8057,#8058);
#6635=AXIS2_PLACEMENT_3D('',#10306,#8059,#8060);
#6636=AXIS2_PLACEMENT_3D('',#10307,#8061,#8062);
#6637=AXIS2_PLACEMENT_3D('',#10308,#8063,#8064);
#6638=AXIS2_PLACEMENT_3D('',#10309,#8065,#8066);
#6639=AXIS2_PLACEMENT_3D('',#10310,#8067,#8068);
#6640=AXIS2_PLACEMENT_3D('',#10311,#8069,#8070);
#6641=AXIS2_PLACEMENT_3D('',#10312,#8071,#8072);
#6642=AXIS2_PLACEMENT_3D('',#10313,#8073,#8074);
#6643=AXIS2_PLACEMENT_3D('',#10314,#8075,#8076);
#6644=AXIS2_PLACEMENT_3D('',#10315,#8077,#8078);
#6645=AXIS2_PLACEMENT_3D('',#10316,#8079,#8080);
#6646=AXIS2_PLACEMENT_3D('',#10317,#8081,#8082);
#6647=AXIS2_PLACEMENT_3D('',#10318,#8083,#8084);
#6648=AXIS2_PLACEMENT_3D('',#10319,#8085,#8086);
#6649=AXIS2_PLACEMENT_3D('',#10320,#8087,#8088);
#6650=AXIS2_PLACEMENT_3D('',#10321,#8089,#8090);
#6651=AXIS2_PLACEMENT_3D('',#10322,#8091,#8092);
#6652=AXIS2_PLACEMENT_3D('',#10323,#8093,#8094);
#6653=AXIS2_PLACEMENT_3D('',#10324,#8095,#8096);
#6654=AXIS2_PLACEMENT_3D('',#10325,#8097,#8098);
#6655=AXIS2_PLACEMENT_3D('',#10326,#8099,#8100);
#6656=AXIS2_PLACEMENT_3D('',#10327,#8101,#8102);
#6657=AXIS2_PLACEMENT_3D('',#10328,#8103,#8104);
#6658=AXIS2_PLACEMENT_3D('',#10329,#8105,#8106);
#6659=AXIS2_PLACEMENT_3D('',#10330,#8107,#8108);
#6660=AXIS2_PLACEMENT_3D('',#10331,#8109,#8110);
#6661=AXIS2_PLACEMENT_3D('',#10332,#8111,#8112);
#6662=AXIS2_PLACEMENT_3D('',#10333,#8113,#8114);
#6663=AXIS2_PLACEMENT_3D('',#10334,#8115,#8116);
#6664=AXIS2_PLACEMENT_3D('',#10335,#8117,#8118);
#6665=AXIS2_PLACEMENT_3D('',#10336,#8119,#8120);
#6666=AXIS2_PLACEMENT_3D('',#10337,#8121,#8122);
#6667=AXIS2_PLACEMENT_3D('',#10338,#8123,#8124);
#6668=AXIS2_PLACEMENT_3D('',#10339,#8125,#8126);
#6669=AXIS2_PLACEMENT_3D('',#10340,#8127,#8128);
#6670=AXIS2_PLACEMENT_3D('',#10341,#8129,#8130);
#6671=AXIS2_PLACEMENT_3D('',#10342,#8131,#8132);
#6672=AXIS2_PLACEMENT_3D('',#10343,#8133,#8134);
#6673=AXIS2_PLACEMENT_3D('',#10344,#8135,#8136);
#6674=AXIS2_PLACEMENT_3D('',#10345,#8137,#8138);
#6675=AXIS2_PLACEMENT_3D('',#10346,#8139,#8140);
#6676=AXIS2_PLACEMENT_3D('',#10433,#8141,#8142);
#6677=AXIS2_PLACEMENT_3D('',#10465,#8143,#8144);
#6678=AXIS2_PLACEMENT_3D('',#10521,#8145,#8146);
#6679=AXIS2_PLACEMENT_3D('',#10524,#8148,#8149);
#6680=AXIS2_PLACEMENT_3D('',#10525,#8150,#8151);
#6681=AXIS2_PLACEMENT_3D('',#10527,#8152,#8153);
#6682=AXIS2_PLACEMENT_3D('',#10542,#8155,#8156);
#6683=AXIS2_PLACEMENT_3D('',#10543,#8157,#8158);
#6684=AXIS2_PLACEMENT_3D('',#10557,#8159,#8160);
#6685=AXIS2_PLACEMENT_3D('',#10558,#8161,#8162);
#6686=AXIS2_PLACEMENT_3D('',#10593,#8163,#8164);
#6687=AXIS2_PLACEMENT_3D('',#10628,#8165,#8166);
#6688=AXIS2_PLACEMENT_3D('',#10629,#8167,#8168);
#6689=AXIS2_PLACEMENT_3D('',#10642,#8169,#8170);
#6690=AXIS2_PLACEMENT_3D('',#10643,#8171,#8172);
#6691=AXIS2_PLACEMENT_3D('',#10656,#8173,#8174);
#6692=AXIS2_PLACEMENT_3D('',#10657,#8175,#8176);
#6693=AXIS2_PLACEMENT_3D('',#10658,#8177,#8178);
#6694=AXIS2_PLACEMENT_3D('',#10671,#8179,#8180);
#6695=AXIS2_PLACEMENT_3D('',#10702,#8181,#8182);
#6696=AXIS2_PLACEMENT_3D('',#10703,#8183,#8184);
#6697=AXIS2_PLACEMENT_3D('',#10704,#8185,#8186);
#6698=AXIS2_PLACEMENT_3D('',#10705,#8187,#8188);
#6699=AXIS2_PLACEMENT_3D('',#10706,#8189,#8190);
#6700=AXIS2_PLACEMENT_3D('',#10719,#8191,#8192);
#6701=AXIS2_PLACEMENT_3D('',#10750,#8193,#8194);
#6702=AXIS2_PLACEMENT_3D('',#10763,#8195,#8196);
#6703=AXIS2_PLACEMENT_3D('',#10764,#8197,#8198);
#6704=AXIS2_PLACEMENT_3D('',#10765,#8199,#8200);
#6705=AXIS2_PLACEMENT_3D('',#10796,#8201,#8202);
#6706=AXIS2_PLACEMENT_3D('',#10797,#8203,#8204);
#6707=AXIS2_PLACEMENT_3D('',#10798,#8205,#8206);
#6708=AXIS2_PLACEMENT_3D('',#10817,#8207,#8208);
#6709=AXIS2_PLACEMENT_3D('',#10836,#8209,#8210);
#6710=AXIS2_PLACEMENT_3D('',#10837,#8211,#8212);
#6711=AXIS2_PLACEMENT_3D('',#10838,#8213,#8214);
#6712=AXIS2_PLACEMENT_3D('',#10839,#8215,#8216);
#6713=AXIS2_PLACEMENT_3D('',#10840,#8217,#8218);
#6714=AXIS2_PLACEMENT_3D('',#10859,#8219,#8220);
#6715=AXIS2_PLACEMENT_3D('',#10872,#8227,#8228);
#6716=AXIS2_PLACEMENT_3D('',#10877,#8230,#8231);
#6717=AXIS2_PLACEMENT_3D('',#10881,#8233,#8234);
#6718=AXIS2_PLACEMENT_3D('',#10885,#8236,#8237);
#6719=AXIS2_PLACEMENT_3D('',#10888,#8239,#8240);
#6720=AXIS2_PLACEMENT_3D('',#10893,#8242,#8243);
#6721=AXIS2_PLACEMENT_3D('',#10897,#8245,#8246);
#6722=AXIS2_PLACEMENT_3D('',#10901,#8248,#8249);
#6723=AXIS2_PLACEMENT_3D('',#10904,#8251,#8252);
#6724=AXIS2_PLACEMENT_3D('',#10913,#8257,#8258);
#6725=AXIS2_PLACEMENT_3D('',#10919,#8262,#8263);
#6726=AXIS2_PLACEMENT_3D('',#10925,#8267,#8268);
#6727=AXIS2_PLACEMENT_3D('',#10931,#8272,#8273);
#6728=AXIS2_PLACEMENT_3D('',#10937,#8277,#8278);
#6729=AXIS2_PLACEMENT_3D('',#10938,#8279,#8280);
#6730=AXIS2_PLACEMENT_3D('',#10939,#8281,#8282);
#6731=AXIS2_PLACEMENT_3D('',#10940,#8283,#8284);
#6732=AXIS2_PLACEMENT_3D('',#10941,#8285,#8286);
#6733=AXIS2_PLACEMENT_3D('',#10942,#8287,#8288);
#6734=AXIS2_PLACEMENT_3D('',#10946,#8290,#8291);
#6735=AXIS2_PLACEMENT_3D('',#10948,#8293,#8294);
#6736=AXIS2_PLACEMENT_3D('',#10952,#8297,#8298);
#6737=AXIS2_PLACEMENT_3D('',#10955,#8300,#8301);
#6738=AXIS2_PLACEMENT_3D('',#10956,#8302,#8303);
#6739=AXIS2_PLACEMENT_3D('',#10960,#8306,#8307);
#6740=AXIS2_PLACEMENT_3D('',#10963,#8309,#8310);
#6741=AXIS2_PLACEMENT_3D('',#10964,#8311,#8312);
#6742=AXIS2_PLACEMENT_3D('',#10968,#8315,#8316);
#6743=AXIS2_PLACEMENT_3D('',#10971,#8318,#8319);
#6744=AXIS2_PLACEMENT_3D('',#10972,#8320,#8321);
#6745=AXIS2_PLACEMENT_3D('',#10974,#8323,#8324);
#6746=AXIS2_PLACEMENT_3D('',#10983,#8329,#8330);
#6747=AXIS2_PLACEMENT_3D('',#10984,#8331,#8332);
#6748=AXIS2_PLACEMENT_3D('',#10985,#8333,#8334);
#6749=AXIS2_PLACEMENT_3D('',#10986,#8335,#8336);
#6750=AXIS2_PLACEMENT_3D('',#10987,#8337,#8338);
#6751=AXIS2_PLACEMENT_3D('',#10988,#8339,#8340);
#6752=AXIS2_PLACEMENT_3D('',#10989,#8341,#8342);
#6753=AXIS2_PLACEMENT_3D('',#10990,#8343,#8344);
#6754=AXIS2_PLACEMENT_3D('',#10991,#8345,#8346);
#6755=AXIS2_PLACEMENT_3D('',#10992,#8347,#8348);
#6756=AXIS2_PLACEMENT_3D('',#10993,#8349,#8350);
#6757=AXIS2_PLACEMENT_3D('',#10994,#8351,#8352);
#6758=AXIS2_PLACEMENT_3D('',#10995,#8353,#8354);
#6759=AXIS2_PLACEMENT_3D('',#10996,#8355,#8356);
#6760=AXIS2_PLACEMENT_3D('',#10997,#8357,#8358);
#6761=AXIS2_PLACEMENT_3D('',#10998,#8359,#8360);
#6762=AXIS2_PLACEMENT_3D('',#10999,#8361,#8362);
#6763=AXIS2_PLACEMENT_3D('',#11000,#8363,#8364);
#6764=AXIS2_PLACEMENT_3D('',#11001,#8365,#8366);
#6765=AXIS2_PLACEMENT_3D('',#11002,#8367,#8368);
#6766=AXIS2_PLACEMENT_3D('',#11003,#8369,#8370);
#6767=AXIS2_PLACEMENT_3D('',#11014,#8377,#8378);
#6768=AXIS2_PLACEMENT_3D('',#11025,#8385,#8386);
#6769=AXIS2_PLACEMENT_3D('',#11032,#8391,#8392);
#6770=AXIS2_PLACEMENT_3D('',#11043,#8399,#8400);
#6771=AXIS2_PLACEMENT_3D('',#11046,#8403,#8404);
#6772=AXIS2_PLACEMENT_3D('',#11047,#8405,#8406);
#6773=AXIS2_PLACEMENT_3D('',#11048,#8407,#8408);
#6774=AXIS2_PLACEMENT_3D('',#11054,#8412,#8413);
#6775=AXIS2_PLACEMENT_3D('',#11058,#8416,#8417);
#6776=AXIS2_PLACEMENT_3D('',#11062,#8420,#8421);
#6777=AXIS2_PLACEMENT_3D('',#11064,#8423,#8424);
#6778=AXIS2_PLACEMENT_3D('',#11065,#8425,#8426);
#6779=AXIS2_PLACEMENT_3D('',#11066,#8427,#8428);
#6780=AXIS2_PLACEMENT_3D('',#11067,#8429,#8430);
#6781=AXIS2_PLACEMENT_3D('',#11068,#8431,#8432);
#6782=AXIS2_PLACEMENT_3D('',#11070,#8433,#8434);
#6783=AXIS2_PLACEMENT_3D('',#11074,#8436,#8437);
#6784=AXIS2_PLACEMENT_3D('',#11076,#8438,#8439);
#6785=AXIS2_PLACEMENT_3D('',#11077,#8440,#8441);
#6786=AXIS2_PLACEMENT_3D('',#11078,#8442,#8443);
#6787=AXIS2_PLACEMENT_3D('',#11089,#8444,#8445);
#6788=AXIS2_PLACEMENT_3D('',#11096,#8446,#8447);
#6789=AXIS2_PLACEMENT_3D('',#11097,#8448,#8449);
#6790=AXIS2_PLACEMENT_3D('',#11099,#8450,#8451);
#6791=AXIS2_PLACEMENT_3D('',#11102,#8453,#8454);
#6792=AXIS2_PLACEMENT_3D('',#11103,#8455,#8456);
#6793=AXIS2_PLACEMENT_3D('',#11104,#8457,#8458);
#6794=AXIS2_PLACEMENT_3D('',#11111,#8459,#8460);
#6795=AXIS2_PLACEMENT_3D('',#11112,#8461,#8462);
#6796=AXIS2_PLACEMENT_3D('',#11114,#8463,#8464);
#6797=AXIS2_PLACEMENT_3D('',#11117,#8466,#8467);
#6798=AXIS2_PLACEMENT_3D('',#11118,#8468,#8469);
#6799=AXIS2_PLACEMENT_3D('',#11119,#8470,#8471);
#6800=AXIS2_PLACEMENT_3D('',#11121,#8472,#8473);
#6801=AXIS2_PLACEMENT_3D('',#11125,#8475,#8476);
#6802=AXIS2_PLACEMENT_3D('',#11127,#8477,#8478);
#6803=AXIS2_PLACEMENT_3D('',#11128,#8479,#8480);
#6804=AXIS2_PLACEMENT_3D('',#11129,#8481,#8482);
#6805=AXIS2_PLACEMENT_3D('',#11134,#8483,#8484);
#6806=AXIS2_PLACEMENT_3D('',#11136,#8485,#8486);
#6807=AXIS2_PLACEMENT_3D('',#11138,#8487,#8488);
#6808=AXIS2_PLACEMENT_3D('',#11140,#8489,#8490);
#6809=AXIS2_PLACEMENT_3D('',#11154,#8491,#8492);
#6810=AXIS2_PLACEMENT_3D('',#11156,#8493,#8494);
#6811=AXIS2_PLACEMENT_3D('',#11193,#8495,#8496);
#6812=AXIS2_PLACEMENT_3D('',#11195,#8497,#8498);
#6813=AXIS2_PLACEMENT_3D('',#11219,#8499,#8500);
#6814=AXIS2_PLACEMENT_3D('',#11221,#8501,#8502);
#6815=AXIS2_PLACEMENT_3D('',#11223,#8504,#8505);
#6816=AXIS2_PLACEMENT_3D('',#11225,#8506,#8507);
#6817=AXIS2_PLACEMENT_3D('',#11227,#8509,#8510);
#6818=AXIS2_PLACEMENT_3D('',#11229,#8511,#8512);
#6819=AXIS2_PLACEMENT_3D('',#11231,#8514,#8515);
#6820=AXIS2_PLACEMENT_3D('',#11232,#8516,#8517);
#6821=AXIS2_PLACEMENT_3D('',#11240,#8518,#8519);
#6822=AXIS2_PLACEMENT_3D('',#11248,#8520,#8521);
#6823=AXIS2_PLACEMENT_3D('',#11249,#8522,#8523);
#6824=AXIS2_PLACEMENT_3D('',#11251,#8524,#8525);
#6825=AXIS2_PLACEMENT_3D('',#11253,#8527,#8528);
#6826=AXIS2_PLACEMENT_3D('',#11256,#8529,#8530);
#6827=AXIS2_PLACEMENT_3D('',#11260,#8532,#8533);
#6828=AXIS2_PLACEMENT_3D('',#11262,#8535,#8536);
#6829=AXIS2_PLACEMENT_3D('',#11268,#8540,#8541);
#6830=AXIS2_PLACEMENT_3D('',#11272,#8543,#8544);
#6831=AXIS2_PLACEMENT_3D('',#11276,#8546,#8547);
#6832=AXIS2_PLACEMENT_3D('',#11279,#8549,#8550);
#6833=AXIS2_PLACEMENT_3D('',#11282,#8551,#8552);
#6834=AXIS2_PLACEMENT_3D('',#11286,#8554,#8555);
#6835=AXIS2_PLACEMENT_3D('',#11290,#8557,#8558);
#6836=AXIS2_PLACEMENT_3D('',#11294,#8560,#8561);
#6837=AXIS2_PLACEMENT_3D('',#11298,#8563,#8564);
#6838=AXIS2_PLACEMENT_3D('',#11302,#8566,#8567);
#6839=AXIS2_PLACEMENT_3D('',#11305,#8569,#8570);
#6840=AXIS2_PLACEMENT_3D('',#11307,#8571,#8572);
#6841=AXIS2_PLACEMENT_3D('',#11309,#8573,#8574);
#6842=AXIS2_PLACEMENT_3D('',#11311,#8575,#8576);
#6843=AXIS2_PLACEMENT_3D('',#11313,#8577,#8578);
#6844=AXIS2_PLACEMENT_3D('',#11314,#8579,#8580);
#6845=AXIS2_PLACEMENT_3D('',#11317,#8581,#8582);
#6846=AXIS2_PLACEMENT_3D('',#11320,#8585,#8586);
#6847=AXIS2_PLACEMENT_3D('',#11324,#8589,#8590);
#6848=AXIS2_PLACEMENT_3D('',#11326,#8591,#8592);
#6849=AXIS2_PLACEMENT_3D('',#11328,#8594,#8595);
#6850=AXIS2_PLACEMENT_3D('',#11330,#8596,#8597);
#6851=AXIS2_PLACEMENT_3D('',#11332,#8599,#8600);
#6852=AXIS2_PLACEMENT_3D('',#11334,#8601,#8602);
#6853=AXIS2_PLACEMENT_3D('',#11337,#8604,#8605);
#6854=AXIS2_PLACEMENT_3D('',#11338,#8606,#8607);
#6855=AXIS2_PLACEMENT_3D('',#11340,#8608,#8609);
#6856=AXIS2_PLACEMENT_3D('',#11343,#8611,#8612);
#6857=AXIS2_PLACEMENT_3D('',#11344,#8613,#8614);
#6858=AXIS2_PLACEMENT_3D('',#11345,#8615,#8616);
#6859=AXIS2_PLACEMENT_3D('',#11347,#8617,#8618);
#6860=AXIS2_PLACEMENT_3D('',#11348,#8619,#8620);
#6861=AXIS2_PLACEMENT_3D('',#11564,#8622,#8623);
#6862=AXIS2_PLACEMENT_3D('',#11617,#8625,#8626);
#6863=AXIS2_PLACEMENT_3D('',#11625,#8628,#8629);
#6864=AXIS2_PLACEMENT_3D('',#11651,#8630,#8631);
#6865=AXIS2_PLACEMENT_3D('',#11698,#8633,#8634);
#6866=AXIS2_PLACEMENT_3D('',#11700,#8636,#8637);
#6867=AXIS2_PLACEMENT_3D('',#11878,#8638,#8639);
#6868=AXIS2_PLACEMENT_3D('',#11881,#8641,#8642);
#6869=AXIS2_PLACEMENT_3D('',#11882,#8643,#8644);
#6870=AXIS2_PLACEMENT_3D('',#11883,#8645,#8646);
#6871=AXIS2_PLACEMENT_3D('',#11886,#8648,#8649);
#6872=AXIS2_PLACEMENT_3D('',#11887,#8650,#8651);
#6873=AXIS2_PLACEMENT_3D('',#11888,#8652,#8653);
#6874=AXIS2_PLACEMENT_3D('',#11891,#8655,#8656);
#6875=AXIS2_PLACEMENT_3D('',#11892,#8657,#8658);
#6876=AXIS2_PLACEMENT_3D('',#11893,#8659,#8660);
#6877=AXIS2_PLACEMENT_3D('',#11896,#8662,#8663);
#6878=AXIS2_PLACEMENT_3D('',#11897,#8664,#8665);
#6879=AXIS2_PLACEMENT_3D('',#11898,#8666,#8667);
#6880=AXIS2_PLACEMENT_3D('',#11901,#8669,#8670);
#6881=AXIS2_PLACEMENT_3D('',#11902,#8671,#8672);
#6882=AXIS2_PLACEMENT_3D('',#11904,#8673,#8674);
#6883=AXIS2_PLACEMENT_3D('',#11905,#8675,#8676);
#6884=AXIS2_PLACEMENT_3D('',#11911,#8680,#8681);
#6885=AXIS2_PLACEMENT_3D('',#11913,#8682,#8683);
#6886=AXIS2_PLACEMENT_3D('',#11915,#8685,#8686);
#6887=AXIS2_PLACEMENT_3D('',#11919,#8689,#8690);
#6888=AXIS2_PLACEMENT_3D('',#11920,#8691,#8692);
#6889=AXIS2_PLACEMENT_3D('',#11921,#8693,#8694);
#6890=AXIS2_PLACEMENT_3D('',#11927,#8698,#8699);
#6891=AXIS2_PLACEMENT_3D('',#11929,#8700,#8701);
#6892=AXIS2_PLACEMENT_3D('',#11931,#8703,#8704);
#6893=AXIS2_PLACEMENT_3D('',#11935,#8707,#8708);
#6894=AXIS2_PLACEMENT_3D('',#11936,#8709,#8710);
#6895=AXIS2_PLACEMENT_3D('',#11937,#8711,#8712);
#6896=AXIS2_PLACEMENT_3D('',#11943,#8716,#8717);
#6897=AXIS2_PLACEMENT_3D('',#11945,#8718,#8719);
#6898=AXIS2_PLACEMENT_3D('',#11947,#8721,#8722);
#6899=AXIS2_PLACEMENT_3D('',#11951,#8725,#8726);
#6900=AXIS2_PLACEMENT_3D('',#11952,#8727,#8728);
#6901=AXIS2_PLACEMENT_3D('',#11953,#8729,#8730);
#6902=AXIS2_PLACEMENT_3D('',#11955,#8732,#8733);
#6903=AXIS2_PLACEMENT_3D('',#11957,#8735,#8736);
#6904=AXIS2_PLACEMENT_3D('',#11959,#8738,#8739);
#6905=AXIS2_PLACEMENT_3D('',#11960,#8740,#8741);
#6906=AXIS2_PLACEMENT_3D('',#11962,#8742,#8743);
#6907=AXIS2_PLACEMENT_3D('',#11963,#8744,#8745);
#6908=AXIS2_PLACEMENT_3D('',#11964,#8746,#8747);
#6909=AXIS2_PLACEMENT_3D('',#11965,#8748,#8749);
#6910=AXIS2_PLACEMENT_3D('',#11966,#8750,#8751);
#6911=DIRECTION('axis',(0.,0.,1.));
#6912=DIRECTION('refdir',(1.,0.,0.));
#6913=DIRECTION('axis',(0.,0.,1.));
#6914=DIRECTION('refdir',(1.,0.,0.));
#6915=DIRECTION('center_axis',(0.,0.,1.));
#6916=DIRECTION('ref_axis',(-0.50000012479721,0.866025331732724,0.));
#6917=DIRECTION('center_axis',(0.,0.,1.));
#6918=DIRECTION('ref_axis',(-0.50000012479721,0.866025331732724,0.));
#6919=DIRECTION('',(0.,0.,1.));
#6920=DIRECTION('center_axis',(0.,0.,1.));
#6921=DIRECTION('ref_axis',(-0.50000012479721,0.866025331732724,0.));
#6922=DIRECTION('',(0.,0.,-1.));
#6923=DIRECTION('center_axis',(0.,0.,1.));
#6924=DIRECTION('ref_axis',(0.707106781186546,-0.707106781186549,0.));
#6925=DIRECTION('center_axis',(0.,0.,-1.));
#6926=DIRECTION('ref_axis',(0.707106781186546,-0.707106781186549,0.));
#6927=DIRECTION('',(0.,0.,1.));
#6928=DIRECTION('center_axis',(0.,0.,-1.));
#6929=DIRECTION('ref_axis',(0.707106781186546,-0.707106781186549,0.));
#6930=DIRECTION('center_axis',(0.,0.,1.));
#6931=DIRECTION('ref_axis',(1.,0.,0.));
#6932=DIRECTION('center_axis',(0.,0.,-1.));
#6933=DIRECTION('ref_axis',(-1.,0.,0.));
#6934=DIRECTION('',(-7.40148683083438E-17,1.,0.));
#6935=DIRECTION('center_axis',(0.,0.,-1.));
#6936=DIRECTION('ref_axis',(1.77635683940025E-15,1.,0.));
#6937=DIRECTION('',(1.,0.,0.));
#6938=DIRECTION('center_axis',(0.,0.,-1.));
#6939=DIRECTION('ref_axis',(1.,0.,0.));
#6940=DIRECTION('',(0.,-1.,0.));
#6941=DIRECTION('center_axis',(0.,0.,-1.));
#6942=DIRECTION('ref_axis',(0.,-1.,0.));
#6943=DIRECTION('',(-1.,0.,0.));
#6944=DIRECTION('',(1.,0.,0.));
#6945=DIRECTION('center_axis',(0.,0.,1.));
#6946=DIRECTION('ref_axis',(0.,-1.,0.));
#6947=DIRECTION('',(0.,1.,0.));
#6948=DIRECTION('center_axis',(0.,0.,1.));
#6949=DIRECTION('ref_axis',(1.,0.,0.));
#6950=DIRECTION('',(-1.,0.,0.));
#6951=DIRECTION('center_axis',(0.,0.,1.));
#6952=DIRECTION('ref_axis',(1.77635683940025E-15,1.,0.));
#6953=DIRECTION('',(7.40148683083438E-17,-1.,0.));
#6954=DIRECTION('center_axis',(0.,0.,1.));
#6955=DIRECTION('ref_axis',(-1.,0.,0.));
#6956=DIRECTION('',(1.,0.,0.));
#6957=DIRECTION('center_axis',(0.,0.,1.));
#6958=DIRECTION('ref_axis',(0.500000124797212,0.866025331732723,0.));
#6959=DIRECTION('center_axis',(0.,0.,-1.));
#6960=DIRECTION('ref_axis',(-0.707106781186549,-0.707106781186546,0.));
#6961=DIRECTION('',(1.,0.,0.));
#6962=DIRECTION('center_axis',(0.,0.,-1.));
#6963=DIRECTION('ref_axis',(0.500000124797212,0.866025331732723,0.));
#6964=DIRECTION('',(0.,0.,1.));
#6965=DIRECTION('center_axis',(0.,0.,1.));
#6966=DIRECTION('ref_axis',(0.500000124797212,0.866025331732723,0.));
#6967=DIRECTION('',(0.,0.,-1.));
#6968=DIRECTION('center_axis',(0.,0.,1.));
#6969=DIRECTION('ref_axis',(-0.707106781186549,-0.707106781186546,0.));
#6970=DIRECTION('center_axis',(0.,0.,-1.));
#6971=DIRECTION('ref_axis',(-0.707106781186549,-0.707106781186546,0.));
#6972=DIRECTION('',(0.,0.,-1.));
#6973=DIRECTION('center_axis',(0.,0.,1.));
#6974=DIRECTION('ref_axis',(1.,0.,0.));
#6975=DIRECTION('',(1.,0.,0.));
#6976=DIRECTION('',(-1.,0.,0.));
#6977=DIRECTION('center_axis',(0.,-1.,0.));
#6978=DIRECTION('ref_axis',(1.,0.,0.));
#6979=DIRECTION('center_axis',(0.,-1.,0.));
#6980=DIRECTION('ref_axis',(1.,0.,0.));
#6981=DIRECTION('',(0.,0.,1.));
#6982=DIRECTION('',(-1.,0.,0.));
#6983=DIRECTION('',(0.,0.,1.));
#6984=DIRECTION('center_axis',(-1.,-7.40148683083438E-17,0.));
#6985=DIRECTION('ref_axis',(7.40148683083438E-17,-1.,0.));
#6986=DIRECTION('',(0.,0.,1.));
#6987=DIRECTION('',(-7.40148683083438E-17,1.,0.));
#6988=DIRECTION('',(0.,0.,1.));
#6989=DIRECTION('center_axis',(0.,0.,1.));
#6990=DIRECTION('ref_axis',(1.77635683940025E-15,1.,0.));
#6991=DIRECTION('',(0.,0.,1.));
#6992=DIRECTION('center_axis',(0.,0.,-1.));
#6993=DIRECTION('ref_axis',(1.77635683940025E-15,1.,0.));
#6994=DIRECTION('center_axis',(0.,1.,0.));
#6995=DIRECTION('ref_axis',(-1.,0.,0.));
#6996=DIRECTION('',(0.,0.,1.));
#6997=DIRECTION('',(1.,0.,0.));
#6998=DIRECTION('center_axis',(0.,0.,1.));
#6999=DIRECTION('ref_axis',(1.,0.,0.));
#7000=DIRECTION('',(0.,0.,1.));
#7001=DIRECTION('center_axis',(0.,0.,-1.));
#7002=DIRECTION('ref_axis',(1.,0.,0.));
#7003=DIRECTION('center_axis',(1.,0.,0.));
#7004=DIRECTION('ref_axis',(0.,1.,0.));
#7005=DIRECTION('',(0.,0.,1.));
#7006=DIRECTION('',(0.,-1.,0.));
#7007=DIRECTION('center_axis',(0.,0.,1.));
#7008=DIRECTION('ref_axis',(0.,-1.,0.));
#7009=DIRECTION('center_axis',(0.,0.,-1.));
#7010=DIRECTION('ref_axis',(0.,-1.,0.));
#7011=DIRECTION('center_axis',(0.,0.,1.));
#7012=DIRECTION('ref_axis',(-1.,0.,0.));
#7013=DIRECTION('center_axis',(0.,0.,-1.));
#7014=DIRECTION('ref_axis',(-1.,0.,0.));
#7015=DIRECTION('center_axis',(-1.,-7.40148683083438E-17,0.));
#7016=DIRECTION('ref_axis',(7.40148683083438E-17,-1.,0.));
#7017=DIRECTION('',(0.,0.,1.));
#7018=DIRECTION('',(-7.40148683083438E-17,1.,0.));
#7019=DIRECTION('',(0.,0.,1.));
#7020=DIRECTION('center_axis',(0.,0.,1.));
#7021=DIRECTION('ref_axis',(1.77635683940025E-15,1.,0.));
#7022=DIRECTION('center_axis',(0.,0.,-1.));
#7023=DIRECTION('ref_axis',(1.77635683940025E-15,1.,0.));
#7024=DIRECTION('',(0.,0.,1.));
#7025=DIRECTION('center_axis',(0.,1.,0.));
#7026=DIRECTION('ref_axis',(-1.,0.,0.));
#7027=DIRECTION('',(1.,0.,0.));
#7028=DIRECTION('',(0.,0.,1.));
#7029=DIRECTION('center_axis',(0.,0.,1.));
#7030=DIRECTION('ref_axis',(1.,0.,0.));
#7031=DIRECTION('center_axis',(0.,0.,-1.));
#7032=DIRECTION('ref_axis',(1.,0.,0.));
#7033=DIRECTION('',(0.,0.,1.));
#7034=DIRECTION('center_axis',(1.,0.,0.));
#7035=DIRECTION('ref_axis',(0.,1.,0.));
#7036=DIRECTION('',(0.,-1.,0.));
#7037=DIRECTION('',(0.,0.,1.));
#7038=DIRECTION('center_axis',(0.,0.,1.));
#7039=DIRECTION('ref_axis',(0.,-1.,0.));
#7040=DIRECTION('center_axis',(0.,0.,-1.));
#7041=DIRECTION('ref_axis',(0.,-1.,0.));
#7042=DIRECTION('',(0.,0.,1.));
#7043=DIRECTION('center_axis',(0.,-1.,0.));
#7044=DIRECTION('ref_axis',(1.,0.,0.));
#7045=DIRECTION('',(-1.,0.,0.));
#7046=DIRECTION('',(0.,0.,1.));
#7047=DIRECTION('center_axis',(0.,0.,1.));
#7048=DIRECTION('ref_axis',(-1.,0.,0.));
#7049=DIRECTION('center_axis',(0.,0.,-1.));
#7050=DIRECTION('ref_axis',(-1.,0.,0.));
#7051=DIRECTION('center_axis',(0.,0.,1.));
#7052=DIRECTION('ref_axis',(1.,0.,0.));
#7053=DIRECTION('center_axis',(0.,0.,-1.));
#7054=DIRECTION('ref_axis',(-1.,0.,0.));
#7055=DIRECTION('center_axis',(0.,0.,1.));
#7056=DIRECTION('ref_axis',(-1.,0.,0.));
#7057=DIRECTION('',(0.,0.,1.));
#7058=DIRECTION('center_axis',(0.,0.,-1.));
#7059=DIRECTION('ref_axis',(-1.,0.,0.));
#7060=DIRECTION('center_axis',(0.,0.,-1.));
#7061=DIRECTION('ref_axis',(-1.,0.,0.));
#7062=DIRECTION('center_axis',(0.,0.,1.));
#7063=DIRECTION('ref_axis',(-1.,0.,0.));
#7064=DIRECTION('',(0.,0.,1.));
#7065=DIRECTION('center_axis',(0.,0.,-1.));
#7066=DIRECTION('ref_axis',(-1.,0.,0.));
#7067=DIRECTION('center_axis',(1.,0.,0.));
#7068=DIRECTION('ref_axis',(0.,-1.,0.));
#7069=DIRECTION('',(0.,1.,0.));
#7070=DIRECTION('',(0.,0.,-1.));
#7071=DIRECTION('',(0.,-1.,0.));
#7072=DIRECTION('',(0.,0.,-1.));
#7073=DIRECTION('center_axis',(0.,-1.,0.));
#7074=DIRECTION('ref_axis',(-1.,0.,0.));
#7075=DIRECTION('',(1.,0.,0.));
#7076=DIRECTION('',(-1.,0.,0.));
#7077=DIRECTION('',(0.,0.,-1.));
#7078=DIRECTION('center_axis',(-1.,0.,0.));
#7079=DIRECTION('ref_axis',(0.,1.,0.));
#7080=DIRECTION('',(0.,-1.,0.));
#7081=DIRECTION('',(0.,1.,0.));
#7082=DIRECTION('',(0.,0.,-1.));
#7083=DIRECTION('center_axis',(0.,1.,0.));
#7084=DIRECTION('ref_axis',(1.,0.,0.));
#7085=DIRECTION('',(-1.,0.,0.));
#7086=DIRECTION('',(1.,0.,0.));
#7087=DIRECTION('center_axis',(0.,0.,-1.));
#7088=DIRECTION('ref_axis',(-1.,0.,0.));
#7089=DIRECTION('center_axis',(0.,0.,1.));
#7090=DIRECTION('ref_axis',(-1.,0.,0.));
#7091=DIRECTION('',(0.,0.,1.));
#7092=DIRECTION('center_axis',(0.,0.,-1.));
#7093=DIRECTION('ref_axis',(-1.,0.,0.));
#7094=DIRECTION('center_axis',(0.,0.,-1.));
#7095=DIRECTION('ref_axis',(-1.,0.,0.));
#7096=DIRECTION('center_axis',(0.,0.,1.));
#7097=DIRECTION('ref_axis',(-1.,0.,0.));
#7098=DIRECTION('',(0.,0.,1.));
#7099=DIRECTION('center_axis',(0.,0.,-1.));
#7100=DIRECTION('ref_axis',(-1.,0.,0.));
#7101=DIRECTION('center_axis',(1.,0.,0.));
#7102=DIRECTION('ref_axis',(0.,-1.,0.));
#7103=DIRECTION('',(0.,1.,0.));
#7104=DIRECTION('',(0.,0.,-1.));
#7105=DIRECTION('',(0.,-1.,0.));
#7106=DIRECTION('',(0.,0.,-1.));
#7107=DIRECTION('center_axis',(0.,0.,-1.));
#7108=DIRECTION('ref_axis',(1.,1.77635683940025E-15,0.));
#7109=DIRECTION('center_axis',(0.,0.,1.));
#7110=DIRECTION('ref_axis',(1.,1.77635683940025E-15,0.));
#7111=DIRECTION('center_axis',(0.,0.,-1.));
#7112=DIRECTION('ref_axis',(1.,1.77635683940025E-15,0.));
#7113=DIRECTION('',(0.,0.,-1.));
#7114=DIRECTION('center_axis',(0.,1.,0.));
#7115=DIRECTION('ref_axis',(1.,0.,0.));
#7116=DIRECTION('',(-1.,0.,0.));
#7117=DIRECTION('',(1.,0.,0.));
#7118=DIRECTION('',(0.,0.,-1.));
#7119=DIRECTION('center_axis',(0.,0.,-1.));
#7120=DIRECTION('ref_axis',(0.,1.,0.));
#7121=DIRECTION('center_axis',(0.,0.,1.));
#7122=DIRECTION('ref_axis',(0.,1.,0.));
#7123=DIRECTION('center_axis',(0.,0.,-1.));
#7124=DIRECTION('ref_axis',(0.,1.,0.));
#7125=DIRECTION('',(0.,0.,-1.));
#7126=DIRECTION('center_axis',(-1.,0.,0.));
#7127=DIRECTION('ref_axis',(0.,1.,0.));
#7128=DIRECTION('',(0.,-1.,0.));
#7129=DIRECTION('',(0.,1.,0.));
#7130=DIRECTION('',(0.,0.,-1.));
#7131=DIRECTION('center_axis',(0.,0.,-1.));
#7132=DIRECTION('ref_axis',(-1.,0.,0.));
#7133=DIRECTION('center_axis',(0.,0.,1.));
#7134=DIRECTION('ref_axis',(-1.,0.,0.));
#7135=DIRECTION('center_axis',(0.,0.,-1.));
#7136=DIRECTION('ref_axis',(-1.,0.,0.));
#7137=DIRECTION('',(0.,0.,-1.));
#7138=DIRECTION('center_axis',(0.,-1.,0.));
#7139=DIRECTION('ref_axis',(-1.,0.,0.));
#7140=DIRECTION('',(1.,0.,0.));
#7141=DIRECTION('',(-1.,0.,0.));
#7142=DIRECTION('',(0.,0.,-1.));
#7143=DIRECTION('center_axis',(0.,0.,-1.));
#7144=DIRECTION('ref_axis',(8.88178419700127E-16,-1.,0.));
#7145=DIRECTION('center_axis',(0.,0.,1.));
#7146=DIRECTION('ref_axis',(8.88178419700127E-16,-1.,0.));
#7147=DIRECTION('center_axis',(0.,0.,-1.));
#7148=DIRECTION('ref_axis',(8.88178419700127E-16,-1.,0.));
#7149=DIRECTION('center_axis',(0.,0.,1.));
#7150=DIRECTION('ref_axis',(-1.,0.,0.));
#7151=DIRECTION('center_axis',(0.,0.,1.));
#7152=DIRECTION('ref_axis',(-1.,0.,0.));
#7153=DIRECTION('center_axis',(0.,0.,1.));
#7154=DIRECTION('ref_axis',(-1.,0.,0.));
#7155=DIRECTION('center_axis',(0.,0.,1.));
#7156=DIRECTION('ref_axis',(-1.,0.,0.));
#7157=DIRECTION('',(0.,0.,1.));
#7158=DIRECTION('center_axis',(0.,0.,-1.));
#7159=DIRECTION('ref_axis',(-1.,0.,0.));
#7160=DIRECTION('center_axis',(0.,0.,-1.));
#7161=DIRECTION('ref_axis',(0.,1.,0.));
#7162=DIRECTION('center_axis',(0.,0.,-1.));
#7163=DIRECTION('ref_axis',(0.,1.,0.));
#7164=DIRECTION('',(0.,0.,-1.));
#7165=DIRECTION('center_axis',(-0.707106781186547,0.,-0.707106781186548));
#7166=DIRECTION('ref_axis',(0.707106781186548,0.,-0.707106781186547));
#7167=DIRECTION('',(0.,0.,1.));
#7168=DIRECTION('center_axis',(0.,0.,1.));
#7169=DIRECTION('ref_axis',(1.,0.,0.));
#7170=DIRECTION('',(-1.,0.,0.));
#7171=DIRECTION('center_axis',(0.,0.,-1.));
#7172=DIRECTION('ref_axis',(0.,-1.,0.));
#7173=DIRECTION('',(0.,-1.,0.));
#7174=DIRECTION('center_axis',(0.,0.,-1.));
#7175=DIRECTION('ref_axis',(1.,0.,0.));
#7176=DIRECTION('',(1.,0.,0.));
#7177=DIRECTION('center_axis',(0.,0.,-1.));
#7178=DIRECTION('ref_axis',(1.77635683940025E-15,1.,0.));
#7179=DIRECTION('',(-7.40148683083438E-17,1.,0.));
#7180=DIRECTION('center_axis',(0.,0.,-1.));
#7181=DIRECTION('ref_axis',(-1.,0.,0.));
#7182=DIRECTION('',(-1.,0.,0.));
#7183=DIRECTION('center_axis',(0.,0.,-1.));
#7184=DIRECTION('ref_axis',(0.,1.,0.));
#7185=DIRECTION('center_axis',(0.,0.,1.));
#7186=DIRECTION('ref_axis',(-0.707106781186552,0.707106781186543,0.));
#7187=DIRECTION('',(1.,0.,0.));
#7188=DIRECTION('center_axis',(0.,0.,1.));
#7189=DIRECTION('ref_axis',(0.707106781186543,0.707106781186552,0.));
#7190=DIRECTION('',(7.40148683083438E-17,-1.,0.));
#7191=DIRECTION('center_axis',(0.,0.,1.));
#7192=DIRECTION('ref_axis',(1.77635683940025E-15,1.,0.));
#7193=DIRECTION('',(-1.,0.,0.));
#7194=DIRECTION('center_axis',(0.,0.,1.));
#7195=DIRECTION('ref_axis',(1.,0.,0.));
#7196=DIRECTION('',(0.,1.,0.));
#7197=DIRECTION('center_axis',(0.,0.,1.));
#7198=DIRECTION('ref_axis',(0.,-1.,0.));
#7199=DIRECTION('',(1.,0.,0.));
#7200=DIRECTION('center_axis',(0.,0.,1.));
#7201=DIRECTION('ref_axis',(-1.,0.,0.));
#7202=DIRECTION('center_axis',(0.,-1.,0.));
#7203=DIRECTION('ref_axis',(-1.,0.,0.));
#7204=DIRECTION('',(-1.,0.,0.));
#7205=DIRECTION('',(0.,0.,-1.));
#7206=DIRECTION('center_axis',(0.,0.,1.));
#7207=DIRECTION('ref_axis',(0.,1.,0.));
#7208=DIRECTION('center_axis',(0.707106781186547,0.,-0.707106781186548));
#7209=DIRECTION('ref_axis',(-0.707106781186548,0.,-0.707106781186547));
#7210=DIRECTION('',(0.,0.,1.));
#7211=DIRECTION('',(0.,0.,-1.));
#7212=DIRECTION('center_axis',(0.,0.,-1.));
#7213=DIRECTION('ref_axis',(0.707106781186543,0.707106781186552,0.));
#7214=DIRECTION('',(0.,0.,-1.));
#7215=DIRECTION('center_axis',(0.,0.,1.));
#7216=DIRECTION('ref_axis',(0.707106781186543,0.707106781186552,0.));
#7217=DIRECTION('center_axis',(-1.,0.,0.));
#7218=DIRECTION('ref_axis',(0.,-0.707106781186548,0.707106781186547));
#7219=DIRECTION('',(-1.,0.,0.));
#7220=DIRECTION('',(-1.,0.,0.));
#7221=DIRECTION('center_axis',(0.,0.,-1.));
#7222=DIRECTION('ref_axis',(-1.,0.,0.));
#7223=DIRECTION('',(1.,0.,0.));
#7224=DIRECTION('center_axis',(0.,0.,1.));
#7225=DIRECTION('ref_axis',(-0.707106781186552,0.707106781186543,0.));
#7226=DIRECTION('center_axis',(0.,1.,0.));
#7227=DIRECTION('ref_axis',(1.,0.,0.));
#7228=DIRECTION('',(0.,0.,1.));
#7229=DIRECTION('center_axis',(0.,0.,-1.));
#7230=DIRECTION('ref_axis',(-0.707106781186552,0.707106781186543,0.));
#7231=DIRECTION('center_axis',(0.,-1.,0.));
#7232=DIRECTION('ref_axis',(-1.,0.,0.));
#7233=DIRECTION('',(0.,0.,-1.));
#7234=DIRECTION('',(-1.,0.,0.));
#7235=DIRECTION('center_axis',(0.,0.,1.));
#7236=DIRECTION('ref_axis',(1.,0.,0.));
#7237=DIRECTION('center_axis',(0.,0.,1.));
#7238=DIRECTION('ref_axis',(-1.,0.,0.));
#7239=DIRECTION('',(1.,1.26882629224934E-16,0.));
#7240=DIRECTION('center_axis',(0.,0.,1.));
#7241=DIRECTION('ref_axis',(0.,-1.,0.));
#7242=DIRECTION('',(0.,1.,0.));
#7243=DIRECTION('center_axis',(0.,0.,1.));
#7244=DIRECTION('ref_axis',(1.,1.77635683940025E-15,0.));
#7245=DIRECTION('',(-1.,0.,0.));
#7246=DIRECTION('center_axis',(0.,0.,1.));
#7247=DIRECTION('ref_axis',(0.,1.,0.));
#7248=DIRECTION('',(0.,-1.,0.));
#7249=DIRECTION('center_axis',(-1.,0.,0.));
#7250=DIRECTION('ref_axis',(0.,-1.,0.));
#7251=DIRECTION('',(0.,0.,1.));
#7252=DIRECTION('',(0.,1.,0.));
#7253=DIRECTION('',(0.,0.,1.));
#7254=DIRECTION('center_axis',(0.,0.,1.));
#7255=DIRECTION('ref_axis',(0.,1.,0.));
#7256=DIRECTION('',(0.,0.,1.));
#7257=DIRECTION('center_axis',(0.,0.,-1.));
#7258=DIRECTION('ref_axis',(0.,1.,0.));
#7259=DIRECTION('center_axis',(0.,1.,0.));
#7260=DIRECTION('ref_axis',(-1.,0.,0.));
#7261=DIRECTION('',(0.,0.,1.));
#7262=DIRECTION('',(1.,0.,0.));
#7263=DIRECTION('center_axis',(0.,0.,1.));
#7264=DIRECTION('ref_axis',(1.,1.77635683940025E-15,0.));
#7265=DIRECTION('',(0.,0.,1.));
#7266=DIRECTION('center_axis',(0.,0.,-1.));
#7267=DIRECTION('ref_axis',(1.,1.77635683940025E-15,0.));
#7268=DIRECTION('center_axis',(1.,0.,0.));
#7269=DIRECTION('ref_axis',(0.,1.,0.));
#7270=DIRECTION('',(0.,0.,1.));
#7271=DIRECTION('',(0.,-1.,0.));
#7272=DIRECTION('center_axis',(0.,0.,1.));
#7273=DIRECTION('ref_axis',(0.,-1.,0.));
#7274=DIRECTION('',(0.,0.,1.));
#7275=DIRECTION('center_axis',(0.,0.,-1.));
#7276=DIRECTION('ref_axis',(0.,-1.,0.));
#7277=DIRECTION('center_axis',(1.26882629224934E-16,-1.,0.));
#7278=DIRECTION('ref_axis',(1.,1.26882629224934E-16,0.));
#7279=DIRECTION('',(0.,0.,1.));
#7280=DIRECTION('',(-1.,-1.26882629224934E-16,0.));
#7281=DIRECTION('center_axis',(0.,0.,1.));
#7282=DIRECTION('ref_axis',(-1.,0.,0.));
#7283=DIRECTION('center_axis',(0.,0.,-1.));
#7284=DIRECTION('ref_axis',(-1.,0.,0.));
#7285=DIRECTION('center_axis',(-1.,0.,0.));
#7286=DIRECTION('ref_axis',(0.,-1.,0.));
#7287=DIRECTION('',(0.,0.,1.));
#7288=DIRECTION('',(0.,-1.,0.));
#7289=DIRECTION('',(0.,0.,1.));
#7290=DIRECTION('center_axis',(0.,0.,1.));
#7291=DIRECTION('ref_axis',(0.,1.,0.));
#7292=DIRECTION('center_axis',(0.,0.,1.));
#7293=DIRECTION('ref_axis',(0.,1.,0.));
#7294=DIRECTION('',(0.,0.,1.));
#7295=DIRECTION('center_axis',(0.,1.,0.));
#7296=DIRECTION('ref_axis',(-1.,0.,0.));
#7297=DIRECTION('',(-1.,0.,0.));
#7298=DIRECTION('',(0.,0.,1.));
#7299=DIRECTION('center_axis',(0.,0.,1.));
#7300=DIRECTION('ref_axis',(1.,1.77635683940025E-15,0.));
#7301=DIRECTION('center_axis',(0.,0.,1.));
#7302=DIRECTION('ref_axis',(1.,1.77635683940025E-15,0.));
#7303=DIRECTION('',(0.,0.,1.));
#7304=DIRECTION('center_axis',(1.,0.,0.));
#7305=DIRECTION('ref_axis',(0.,1.,0.));
#7306=DIRECTION('',(0.,1.,0.));
#7307=DIRECTION('',(0.,0.,1.));
#7308=DIRECTION('center_axis',(0.,0.,1.));
#7309=DIRECTION('ref_axis',(0.,-1.,0.));
#7310=DIRECTION('center_axis',(0.,0.,1.));
#7311=DIRECTION('ref_axis',(0.,-1.,0.));
#7312=DIRECTION('',(0.,0.,1.));
#7313=DIRECTION('center_axis',(1.26882629224934E-16,-1.,0.));
#7314=DIRECTION('ref_axis',(1.,1.26882629224934E-16,0.));
#7315=DIRECTION('',(1.,1.26882629224934E-16,0.));
#7316=DIRECTION('',(0.,0.,1.));
#7317=DIRECTION('center_axis',(0.,0.,1.));
#7318=DIRECTION('ref_axis',(-1.,0.,0.));
#7319=DIRECTION('center_axis',(0.,0.,1.));
#7320=DIRECTION('ref_axis',(-1.,0.,0.));
#7321=DIRECTION('center_axis',(0.,0.,1.));
#7322=DIRECTION('ref_axis',(-1.,0.,0.));
#7323=DIRECTION('center_axis',(0.,0.,-1.));
#7324=DIRECTION('ref_axis',(0.,-1.,0.));
#7325=DIRECTION('center_axis',(0.,0.,-1.));
#7326=DIRECTION('ref_axis',(0.,-1.,0.));
#7327=DIRECTION('',(0.,0.,-1.));
#7328=DIRECTION('center_axis',(1.,0.,0.));
#7329=DIRECTION('ref_axis',(0.,-1.,0.));
#7330=DIRECTION('',(0.,-1.,0.));
#7331=DIRECTION('',(0.,0.,-1.));
#7332=DIRECTION('center_axis',(0.,0.,-1.));
#7333=DIRECTION('ref_axis',(1.,0.,0.));
#7334=DIRECTION('center_axis',(0.,0.,-1.));
#7335=DIRECTION('ref_axis',(1.,0.,0.));
#7336=DIRECTION('',(0.,0.,-1.));
#7337=DIRECTION('center_axis',(0.,1.,0.));
#7338=DIRECTION('ref_axis',(1.,0.,0.));
#7339=DIRECTION('',(1.,0.,0.));
#7340=DIRECTION('',(0.,0.,-1.));
#7341=DIRECTION('center_axis',(0.,0.,-1.));
#7342=DIRECTION('ref_axis',(1.77635683940025E-15,1.,0.));
#7343=DIRECTION('center_axis',(0.,0.,-1.));
#7344=DIRECTION('ref_axis',(1.77635683940025E-15,1.,0.));
#7345=DIRECTION('',(0.,0.,-1.));
#7346=DIRECTION('center_axis',(-1.,-7.40148683083438E-17,0.));
#7347=DIRECTION('ref_axis',(-7.40148683083438E-17,1.,0.));
#7348=DIRECTION('',(-7.40148683083438E-17,1.,0.));
#7349=DIRECTION('',(0.,0.,-1.));
#7350=DIRECTION('center_axis',(0.,0.,-1.));
#7351=DIRECTION('ref_axis',(-1.,0.,0.));
#7352=DIRECTION('center_axis',(0.,0.,-1.));
#7353=DIRECTION('ref_axis',(-1.,0.,0.));
#7354=DIRECTION('center_axis',(0.,0.,1.));
#7355=DIRECTION('ref_axis',(1.,0.,0.));
#7356=DIRECTION('axis',(0.,0.,1.));
#7357=DIRECTION('refdir',(1.,0.,0.));
#7358=DIRECTION('center_axis',(1.,-1.53757882111242E-16,0.));
#7359=DIRECTION('ref_axis',(1.53757882111242E-16,1.,0.));
#7360=DIRECTION('center_axis',(1.,6.02218371602375E-15,-8.67361737988409E-15));
#7361=DIRECTION('ref_axis',(-8.67361737988409E-15,-1.12103877145985E-44,
-1.));
#7362=DIRECTION('',(-1.,1.53757882111242E-16,-2.70515537657111E-33));
#7363=DIRECTION('center_axis',(1.,0.,0.));
#7364=DIRECTION('ref_axis',(0.,0.,-1.));
#7365=DIRECTION('',(1.,-1.53757882111242E-16,0.));
#7366=DIRECTION('center_axis',(1.,-1.53757882111242E-16,0.));
#7367=DIRECTION('ref_axis',(1.53757882111242E-16,1.,0.));
#7368=DIRECTION('center_axis',(-1.,0.,0.));
#7369=DIRECTION('ref_axis',(0.,0.,1.));
#7370=DIRECTION('',(-1.,1.53757882111242E-16,-2.70515537657111E-33));
#7371=DIRECTION('center_axis',(1.,0.,0.));
#7372=DIRECTION('ref_axis',(0.,0.,-1.));
#7373=DIRECTION('',(-1.,1.53757882111242E-16,0.));
#7374=DIRECTION('center_axis',(-1.26300030983493E-16,-0.821421505351618,
-0.570321585200738));
#7375=DIRECTION('ref_axis',(-1.23259516440783E-32,0.570321585200737,-0.821421505351618));
#7376=DIRECTION('',(1.,-1.53757882111242E-16,2.70515537657111E-33));
#7377=DIRECTION('',(-1.81907127958169E-16,0.570321585200738,-0.821421505351618));
#7378=DIRECTION('',(-1.,-1.23259516440783E-32,2.21454060762997E-16));
#7379=DIRECTION('',(1.2127141863878E-16,-0.570321585200737,0.821421505351618));
#7380=DIRECTION('',(0.,-0.570321585200737,0.821421505351618));
#7381=DIRECTION('',(-9.31645260997211E-17,0.570321585200737,-0.821421505351618));
#7382=DIRECTION('center_axis',(3.26391544601007E-13,-0.821421505351624,
-0.570321585200729));
#7383=DIRECTION('ref_axis',(0.991267122025643,-0.0752078660656535,0.108320218209018));
#7384=DIRECTION('',(1.,-1.53757882111242E-16,2.70515537657111E-33));
#7385=DIRECTION('center_axis',(5.34456227543761E-13,-0.821421505351579,
-0.570321585200794));
#7386=DIRECTION('ref_axis',(0.991267122069281,0.0752078658792811,-0.108320217939075));
#7387=DIRECTION('center_axis',(0.,0.,1.));
#7388=DIRECTION('ref_axis',(1.,0.,0.));
#7389=DIRECTION('',(-1.,0.,0.));
#7390=DIRECTION('',(0.,-1.,0.));
#7391=DIRECTION('',(1.,0.,0.));
#7392=DIRECTION('',(0.,1.,0.));
#7393=DIRECTION('center_axis',(0.,0.,-1.));
#7394=DIRECTION('ref_axis',(-1.,0.,0.));
#7395=DIRECTION('',(-1.,0.,0.));
#7396=DIRECTION('',(0.,1.,0.));
#7397=DIRECTION('',(1.,0.,0.));
#7398=DIRECTION('',(0.,-1.,0.));
#7399=DIRECTION('center_axis',(1.,0.,-1.47636040508664E-16));
#7400=DIRECTION('ref_axis',(-1.47636040508664E-16,0.,-1.));
#7401=DIRECTION('',(-1.47636040508664E-16,0.,-1.));
#7402=DIRECTION('',(-1.23316226376449E-16,0.54983721471856,-0.835271834381201));
#7403=DIRECTION('',(-1.47636040508664E-16,0.,-1.));
#7404=DIRECTION('',(0.,-1.,0.));
#7405=DIRECTION('',(1.47636040508664E-16,0.,1.));
#7406=DIRECTION('',(0.,1.,0.));
#7407=DIRECTION('center_axis',(-1.,0.,2.21454060762997E-16));
#7408=DIRECTION('ref_axis',(2.21454060762997E-16,0.,1.));
#7409=DIRECTION('',(-2.21454060762997E-16,0.,-1.));
#7410=DIRECTION('',(-1.84974339564674E-16,0.54983721471856,-0.835271834381201));
#7411=DIRECTION('',(-2.21454060762997E-16,0.,-1.));
#7412=DIRECTION('',(0.,1.,0.));
#7413=DIRECTION('',(2.21454060762997E-16,0.,1.));
#7414=DIRECTION('',(1.81907127958169E-16,-0.570321585200738,0.821421505351618));
#7415=DIRECTION('',(0.,-1.,0.));
#7416=DIRECTION('center_axis',(0.,0.,1.));
#7417=DIRECTION('ref_axis',(1.,0.,0.));
#7418=DIRECTION('',(0.,1.,0.));
#7419=DIRECTION('',(1.,0.,0.));
#7420=DIRECTION('',(0.,-1.,0.));
#7421=DIRECTION('',(-1.,0.,0.));
#7422=DIRECTION('center_axis',(0.,0.,-1.));
#7423=DIRECTION('ref_axis',(-1.,0.,0.));
#7424=DIRECTION('',(1.,0.,0.));
#7425=DIRECTION('',(0.,1.,0.));
#7426=DIRECTION('',(-1.,1.53757882111242E-16,0.));
#7427=DIRECTION('',(0.,-1.,0.));
#7428=DIRECTION('center_axis',(0.,-1.,0.));
#7429=DIRECTION('ref_axis',(0.,0.,-1.));
#7430=DIRECTION('center_axis',(0.,1.,0.));
#7431=DIRECTION('ref_axis',(0.,0.,-1.));
#7432=DIRECTION('',(2.21454060762997E-16,0.,1.));
#7433=DIRECTION('',(-1.,0.,0.));
#7434=DIRECTION('center_axis',(1.,0.,-1.47636040508664E-16));
#7435=DIRECTION('ref_axis',(-1.47636040508664E-16,0.,-1.));
#7436=DIRECTION('',(0.,1.,0.));
#7437=DIRECTION('',(1.47636040508664E-16,0.,1.));
#7438=DIRECTION('',(0.,1.,0.));
#7439=DIRECTION('',(-1.47636040508664E-16,0.,-1.));
#7440=DIRECTION('',(0.,-1.,0.));
#7441=DIRECTION('',(1.47636040508664E-16,0.,1.));
#7442=DIRECTION('',(0.,1.,0.));
#7443=DIRECTION('',(-1.47636040508664E-16,0.,-1.));
#7444=DIRECTION('center_axis',(-1.,0.,2.21454060762997E-16));
#7445=DIRECTION('ref_axis',(2.21454060762997E-16,0.,1.));
#7446=DIRECTION('',(0.,-1.,0.));
#7447=DIRECTION('',(2.21454060762997E-16,0.,1.));
#7448=DIRECTION('',(0.,-1.,0.));
#7449=DIRECTION('',(-2.21454060762997E-16,0.,-1.));
#7450=DIRECTION('',(0.,1.,0.));
#7451=DIRECTION('',(2.21454060762997E-16,0.,1.));
#7452=DIRECTION('',(0.,-1.,0.));
#7453=DIRECTION('',(-2.21454060762997E-16,0.,-1.));
#7454=DIRECTION('center_axis',(0.,0.,1.));
#7455=DIRECTION('ref_axis',(1.,0.,0.));
#7456=DIRECTION('',(0.,1.,0.));
#7457=DIRECTION('',(-1.,0.,0.));
#7458=DIRECTION('',(0.,1.,0.));
#7459=DIRECTION('',(1.,0.,0.));
#7460=DIRECTION('',(0.,-1.,0.));
#7461=DIRECTION('',(-1.,0.,0.));
#7462=DIRECTION('',(0.,-1.,0.));
#7463=DIRECTION('',(1.,0.,0.));
#7464=DIRECTION('',(0.,-1.,0.));
#7465=DIRECTION('',(-1.,0.,0.));
#7466=DIRECTION('',(0.,1.,0.));
#7467=DIRECTION('',(1.,0.,0.));
#7468=DIRECTION('center_axis',(0.,0.,-1.));
#7469=DIRECTION('ref_axis',(-1.,0.,0.));
#7470=DIRECTION('',(-1.,0.,0.));
#7471=DIRECTION('',(0.,1.,0.));
#7472=DIRECTION('',(1.,0.,0.));
#7473=DIRECTION('',(0.,1.,0.));
#7474=DIRECTION('',(-1.,0.,0.));
#7475=DIRECTION('',(0.,1.,0.));
#7476=DIRECTION('',(1.,0.,0.));
#7477=DIRECTION('',(0.,1.,0.));
#7478=DIRECTION('',(-1.,0.,0.));
#7479=DIRECTION('',(0.,-1.,0.));
#7480=DIRECTION('',(1.,0.,0.));
#7481=DIRECTION('',(0.,-1.,0.));
#7482=DIRECTION('',(-1.,0.,0.));
#7483=DIRECTION('',(0.,-1.,0.));
#7484=DIRECTION('',(1.,0.,0.));
#7485=DIRECTION('',(0.,-1.,0.));
#7486=DIRECTION('',(-1.,0.,0.));
#7487=DIRECTION('',(0.,-1.,0.));
#7488=DIRECTION('',(1.,0.,0.));
#7489=DIRECTION('',(0.,1.,0.));
#7490=DIRECTION('',(1.,0.,0.));
#7491=DIRECTION('center_axis',(0.,0.,1.));
#7492=DIRECTION('ref_axis',(1.,0.,0.));
#7493=DIRECTION('',(1.65211759616839E-16,-1.,0.));
#7494=DIRECTION('center_axis',(0.,0.,1.));
#7495=DIRECTION('ref_axis',(1.,0.,0.));
#7496=DIRECTION('',(-1.,0.,0.));
#7497=DIRECTION('center_axis',(0.,0.,1.));
#7498=DIRECTION('ref_axis',(-1.,0.,0.));
#7499=DIRECTION('',(-1.65211759616839E-16,1.,0.));
#7500=DIRECTION('center_axis',(0.,0.,1.));
#7501=DIRECTION('ref_axis',(1.,0.,0.));
#7502=DIRECTION('center_axis',(-1.,0.,2.21454060762997E-16));
#7503=DIRECTION('ref_axis',(2.21454060762997E-16,0.,1.));
#7504=DIRECTION('',(2.21454060762997E-16,0.,1.));
#7505=DIRECTION('',(0.,-1.,0.));
#7506=DIRECTION('',(-2.21454060762997E-16,0.,-1.));
#7507=DIRECTION('',(0.,1.,0.));
#7508=DIRECTION('',(2.21454060762997E-16,0.,1.));
#7509=DIRECTION('',(1.84974339564674E-16,-0.54983721471856,0.835271834381201));
#7510=DIRECTION('center_axis',(1.,0.,-1.47636040508664E-16));
#7511=DIRECTION('ref_axis',(-1.47636040508664E-16,0.,-1.));
#7512=DIRECTION('',(0.,1.,0.));
#7513=DIRECTION('',(-1.2127141863878E-16,0.570321585200738,-0.821421505351618));
#7514=DIRECTION('',(-1.47636040508664E-16,0.,-1.));
#7515=DIRECTION('',(0.,-1.,0.));
#7516=DIRECTION('',(1.47636040508664E-16,0.,1.));
#7517=DIRECTION('',(1.23316226376449E-16,-0.54983721471856,0.835271834381201));
#7518=DIRECTION('',(1.47636040508664E-16,0.,1.));
#7519=DIRECTION('center_axis',(0.,1.,0.));
#7520=DIRECTION('ref_axis',(0.,0.,1.));
#7521=DIRECTION('',(1.47636040508664E-16,0.,1.));
#7522=DIRECTION('',(1.,0.,-2.21454060762997E-16));
#7523=DIRECTION('',(-2.21454060762997E-16,0.,-1.));
#7524=DIRECTION('',(-1.,0.,0.));
#7525=DIRECTION('center_axis',(0.,1.,0.));
#7526=DIRECTION('ref_axis',(0.,0.,1.));
#7527=DIRECTION('',(2.21454060762997E-16,0.,1.));
#7528=DIRECTION('',(-1.,0.,0.));
#7529=DIRECTION('',(2.95272081017329E-16,0.,1.));
#7530=DIRECTION('',(1.,0.,0.));
#7531=DIRECTION('center_axis',(0.,-1.,0.));
#7532=DIRECTION('ref_axis',(0.,0.,-1.));
#7533=DIRECTION('',(-2.95272081017329E-16,0.,-1.));
#7534=DIRECTION('',(1.,0.,0.));
#7535=DIRECTION('',(-2.21454060762997E-16,0.,-1.));
#7536=DIRECTION('',(-1.,0.,0.));
#7537=DIRECTION('center_axis',(1.,0.,-2.95272081017329E-16));
#7538=DIRECTION('ref_axis',(-2.95272081017329E-16,0.,-1.));
#7539=DIRECTION('',(0.,-1.,0.));
#7540=DIRECTION('',(0.,1.,0.));
#7541=DIRECTION('center_axis',(0.,-1.,0.));
#7542=DIRECTION('ref_axis',(0.,0.,-1.));
#7543=DIRECTION('',(1.47636040508664E-16,0.,1.));
#7544=DIRECTION('',(1.,0.,0.));
#7545=DIRECTION('',(1.47636040508664E-16,0.,1.));
#7546=DIRECTION('',(-1.,0.,0.));
#7547=DIRECTION('center_axis',(0.,1.,0.));
#7548=DIRECTION('ref_axis',(0.,0.,1.));
#7549=DIRECTION('',(-1.47636040508664E-16,0.,-1.));
#7550=DIRECTION('',(-1.,0.,0.));
#7551=DIRECTION('',(-1.47636040508664E-16,0.,-1.));
#7552=DIRECTION('',(1.,0.,0.));
#7553=DIRECTION('center_axis',(-1.,0.,1.47636040508664E-16));
#7554=DIRECTION('ref_axis',(1.47636040508664E-16,0.,1.));
#7555=DIRECTION('',(0.,1.,0.));
#7556=DIRECTION('',(0.,-1.,0.));
#7557=DIRECTION('center_axis',(0.,-1.,0.));
#7558=DIRECTION('ref_axis',(0.,0.,-1.));
#7559=DIRECTION('center_axis',(0.,1.,0.));
#7560=DIRECTION('ref_axis',(0.,0.,-1.));
#7561=DIRECTION('',(-1.,0.,0.));
#7562=DIRECTION('',(-1.47636040508664E-16,0.,-1.));
#7563=DIRECTION('center_axis',(0.,-1.,0.));
#7564=DIRECTION('ref_axis',(0.,0.,-1.));
#7565=DIRECTION('center_axis',(0.,-1.,0.));
#7566=DIRECTION('ref_axis',(0.,0.,-1.));
#7567=DIRECTION('center_axis',(0.,-1.,0.));
#7568=DIRECTION('ref_axis',(0.,0.,-1.));
#7569=DIRECTION('center_axis',(0.,-1.,0.));
#7570=DIRECTION('ref_axis',(0.,0.,-1.));
#7571=DIRECTION('center_axis',(0.,-1.,0.));
#7572=DIRECTION('ref_axis',(0.,0.,-1.));
#7573=DIRECTION('',(1.,0.,0.));
#7574=DIRECTION('',(-2.21454060762997E-16,0.,-1.));
#7575=DIRECTION('center_axis',(0.,-1.,0.));
#7576=DIRECTION('ref_axis',(0.,0.,-1.));
#7577=DIRECTION('',(1.47636040508664E-16,0.,1.));
#7578=DIRECTION('',(1.,0.,0.));
#7579=DIRECTION('center_axis',(0.,1.,0.));
#7580=DIRECTION('ref_axis',(0.,0.,1.));
#7581=DIRECTION('',(1.,0.,0.));
#7582=DIRECTION('',(2.21454060762997E-16,0.,1.));
#7583=DIRECTION('',(-1.,0.,0.));
#7584=DIRECTION('',(-1.47636040508664E-16,0.,-1.));
#7585=DIRECTION('center_axis',(0.,1.,0.));
#7586=DIRECTION('ref_axis',(0.,0.,1.));
#7587=DIRECTION('',(1.,0.,-2.21454060762997E-16));
#7588=DIRECTION('',(2.21454060762997E-16,0.,1.));
#7589=DIRECTION('',(-1.,0.,0.));
#7590=DIRECTION('',(-1.47636040508664E-16,0.,-1.));
#7591=DIRECTION('',(-1.,0.,1.47636040508664E-16));
#7592=DIRECTION('',(0.,0.,-1.));
#7593=DIRECTION('',(6.93889390390723E-16,0.,1.));
#7594=DIRECTION('center_axis',(0.,-1.,0.));
#7595=DIRECTION('ref_axis',(0.,0.,-1.));
#7596=DIRECTION('',(1.,0.,0.));
#7597=DIRECTION('',(-2.21454060762997E-16,0.,-1.));
#7598=DIRECTION('',(1.,0.,-2.21454060762997E-16));
#7599=DIRECTION('',(-6.54662729261417E-16,0.,-1.));
#7600=DIRECTION('',(0.,0.,1.));
#7601=DIRECTION('',(-1.,0.,1.47636040508664E-16));
#7602=DIRECTION('',(1.47636040508664E-16,0.,1.));
#7603=DIRECTION('center_axis',(0.,1.,0.));
#7604=DIRECTION('ref_axis',(0.,0.,1.));
#7605=DIRECTION('',(1.,0.,0.));
#7606=DIRECTION('',(2.21454060762997E-16,0.,1.));
#7607=DIRECTION('',(1.,0.,-2.21454060762997E-16));
#7608=DIRECTION('',(0.,0.,1.));
#7609=DIRECTION('',(-2.44327250137579E-16,0.,-1.));
#7610=DIRECTION('',(-1.,0.,1.47636040508664E-16));
#7611=DIRECTION('',(-1.47636040508664E-16,0.,-1.));
#7612=DIRECTION('center_axis',(0.,-1.,0.));
#7613=DIRECTION('ref_axis',(0.,0.,-1.));
#7614=DIRECTION('',(1.,0.,-2.21454060762997E-16));
#7615=DIRECTION('',(-2.21454060762997E-16,0.,-1.));
#7616=DIRECTION('',(-1.,0.,0.));
#7617=DIRECTION('',(1.47636040508664E-16,0.,1.));
#7618=DIRECTION('',(-1.,0.,1.47636040508664E-16));
#7619=DIRECTION('',(2.49593217542034E-16,0.,1.));
#7620=DIRECTION('',(0.,0.,-1.));
#7621=DIRECTION('center_axis',(1.21763683958041E-16,0.835271834381201,0.54983721471856));
#7622=DIRECTION('ref_axis',(-1.23259516440783E-32,-0.54983721471856,0.835271834381201));
#7623=DIRECTION('',(1.84974339564674E-16,-0.54983721471856,0.835271834381201));
#7624=DIRECTION('',(2.0848426761486E-16,-0.54983721471856,0.835271834381201));
#7625=DIRECTION('center_axis',(-1.21763683958041E-16,-0.835271834381201,
-0.54983721471856));
#7626=DIRECTION('ref_axis',(0.,0.54983721471856,-0.835271834381201));
#7627=DIRECTION('',(-1.84974339564674E-16,0.54983721471856,-0.835271834381201));
#7628=DIRECTION('',(-2.08484267614861E-16,0.54983721471856,-0.835271834381201));
#7629=DIRECTION('center_axis',(1.,0.,-6.54662729261417E-16));
#7630=DIRECTION('ref_axis',(-6.54662729261417E-16,0.,-1.));
#7631=DIRECTION('center_axis',(-8.11757893053606E-17,-0.835271834381201,
-0.54983721471856));
#7632=DIRECTION('ref_axis',(6.16297582203915E-33,0.54983721471856,-0.835271834381201));
#7633=DIRECTION('',(1.23316226376449E-16,-0.54983721471856,0.835271834381201));
#7634=DIRECTION('',(1.0424213380743E-16,-0.54983721471856,0.835271834381201));
#7635=DIRECTION('center_axis',(8.11757893053606E-17,0.835271834381201,0.54983721471856));
#7636=DIRECTION('ref_axis',(6.16297582203915E-33,-0.54983721471856,0.835271834381201));
#7637=DIRECTION('',(-1.23316226376449E-16,0.54983721471856,-0.835271834381201));
#7638=DIRECTION('',(-1.0424213380743E-16,0.54983721471856,-0.835271834381201));
#7639=DIRECTION('center_axis',(-1.,0.,0.));
#7640=DIRECTION('ref_axis',(0.,0.,1.));
#7641=DIRECTION('',(0.,1.,0.));
#7642=DIRECTION('',(0.,1.,0.));
#7643=DIRECTION('center_axis',(0.,0.,1.));
#7644=DIRECTION('ref_axis',(1.,0.,0.));
#7645=DIRECTION('',(1.,-1.53757882111242E-16,0.));
#7646=DIRECTION('',(-1.,1.53757882111242E-16,0.));
#7647=DIRECTION('center_axis',(-1.26300030983493E-16,-0.821421505351618,
-0.570321585200738));
#7648=DIRECTION('ref_axis',(-1.23259516440783E-32,0.570321585200737,-0.821421505351618));
#7649=DIRECTION('',(0.,0.570321585200737,-0.821421505351618));
#7650=DIRECTION('center_axis',(-4.00777842089886E-13,0.821421505351575,
0.5703215852008));
#7651=DIRECTION('ref_axis',(0.965077386132021,0.149404269631325,-0.215183649454405));
#7652=DIRECTION('center_axis',(1.10952809275497E-14,0.821421505351619,0.570321585200737));
#7653=DIRECTION('ref_axis',(0.743116537820695,0.381637544942983,-0.549664075147063));
#7654=DIRECTION('center_axis',(-1.6558732019367E-14,0.821421505351601,0.570321585200762));
#7655=DIRECTION('ref_axis',(0.939892454246659,-0.194748057052977,0.280491298838811));
#7656=DIRECTION('',(-1.,1.53757882111242E-16,-2.70515537657111E-33));
#7657=DIRECTION('center_axis',(1.26423413588198E-14,0.821421505351619,0.570321585200736));
#7658=DIRECTION('ref_axis',(0.943780270732776,0.188533169483809,-0.271540134381563));
#7659=DIRECTION('center_axis',(-6.86520507394473E-14,0.821421505351641,
0.570321585200704));
#7660=DIRECTION('ref_axis',(0.74311653765649,-0.381637545046926,0.549664075296891));
#7661=DIRECTION('center_axis',(-5.04380277458953E-13,0.821421505351655,
0.570321585200685));
#7662=DIRECTION('ref_axis',(-0.999999831422683,-0.000331157318486406,0.000476958525883768));
#7663=DIRECTION('',(9.31645260997211E-17,-0.570321585200737,0.821421505351618));
#7664=DIRECTION('',(1.,-1.53757882111242E-16,2.70515537657111E-33));
#7665=DIRECTION('',(1.,-1.53757882111242E-16,2.70515537657111E-33));
#7666=DIRECTION('',(9.31645260997211E-17,-0.570321585200737,0.821421505351618));
#7667=DIRECTION('',(-1.39746789149582E-16,0.570321585200737,-0.821421505351618));
#7668=DIRECTION('',(0.,1.,0.));
#7669=DIRECTION('',(0.,1.,0.));
#7670=DIRECTION('center_axis',(1.26300030983493E-16,0.821421505351618,0.570321585200738));
#7671=DIRECTION('ref_axis',(3.57452597678271E-31,-0.570321585200738,0.821421505351618));
#7672=DIRECTION('center_axis',(0.,0.,1.));
#7673=DIRECTION('ref_axis',(1.,0.,0.));
#7674=DIRECTION('',(0.,1.,0.));
#7675=DIRECTION('',(1.,0.,0.));
#7676=DIRECTION('',(0.,1.,0.));
#7677=DIRECTION('center_axis',(1.26300030983493E-16,0.821421505351618,0.570321585200738));
#7678=DIRECTION('ref_axis',(3.57452597678271E-31,-0.570321585200738,0.821421505351618));
#7679=DIRECTION('center_axis',(-1.,0.,1.70127989392926E-16));
#7680=DIRECTION('ref_axis',(1.70127989392926E-16,0.,1.));
#7681=DIRECTION('',(0.,1.,0.));
#7682=DIRECTION('',(1.39746789149582E-16,-0.570321585200737,0.821421505351618));
#7683=DIRECTION('',(1.39746789149582E-16,-0.570321585200737,0.821421505351618));
#7684=DIRECTION('',(0.,1.,0.));
#7685=DIRECTION('center_axis',(1.26300030983493E-16,0.821421505351618,0.570321585200738));
#7686=DIRECTION('ref_axis',(-4.80712114119054E-31,-0.570321585200738,0.821421505351618));
#7687=DIRECTION('center_axis',(0.,0.,-1.));
#7688=DIRECTION('ref_axis',(-1.,0.,0.));
#7689=DIRECTION('',(0.,1.,0.));
#7690=DIRECTION('',(-1.,1.53757882111242E-16,0.));
#7691=DIRECTION('',(-1.,0.,0.));
#7692=DIRECTION('',(0.,1.,0.));
#7693=DIRECTION('center_axis',(1.26300030983493E-16,0.821421505351618,0.570321585200738));
#7694=DIRECTION('ref_axis',(-4.80712114119054E-31,-0.570321585200738,0.821421505351618));
#7695=DIRECTION('center_axis',(1.,0.,-1.13418659595284E-16));
#7696=DIRECTION('ref_axis',(-1.13418659595284E-16,0.,-1.));
#7697=DIRECTION('',(-9.31645260997211E-17,0.570321585200737,-0.821421505351618));
#7698=DIRECTION('',(-9.31645260997211E-17,0.570321585200738,-0.821421505351618));
#7699=DIRECTION('center_axis',(1.26300030983493E-16,0.821421505351618,0.570321585200738));
#7700=DIRECTION('ref_axis',(1.23259516440783E-32,-0.570321585200737,0.821421505351618));
#7701=DIRECTION('center_axis',(0.,0.,1.));
#7702=DIRECTION('ref_axis',(1.,0.,0.));
#7703=DIRECTION('',(0.,0.,1.));
#7704=DIRECTION('center_axis',(0.,0.,1.));
#7705=DIRECTION('ref_axis',(1.,0.,0.));
#7706=DIRECTION('',(0.,0.,1.));
#7707=DIRECTION('center_axis',(-1.,-1.65211759616839E-16,0.));
#7708=DIRECTION('ref_axis',(1.65211759616839E-16,-1.,0.));
#7709=DIRECTION('',(1.65211759616839E-16,-1.,0.));
#7710=DIRECTION('',(0.,0.,1.));
#7711=DIRECTION('center_axis',(0.,0.,1.));
#7712=DIRECTION('ref_axis',(1.,0.,0.));
#7713=DIRECTION('center_axis',(0.,0.,1.));
#7714=DIRECTION('ref_axis',(1.,0.,0.));
#7715=DIRECTION('',(0.,0.,1.));
#7716=DIRECTION('center_axis',(0.,1.,0.));
#7717=DIRECTION('ref_axis',(0.,0.,1.));
#7718=DIRECTION('',(-1.,0.,0.));
#7719=DIRECTION('',(0.,0.,1.));
#7720=DIRECTION('center_axis',(0.,0.,1.));
#7721=DIRECTION('ref_axis',(1.,0.,0.));
#7722=DIRECTION('center_axis',(0.,0.,1.));
#7723=DIRECTION('ref_axis',(-1.,0.,0.));
#7724=DIRECTION('',(0.,0.,1.));
#7725=DIRECTION('center_axis',(1.,1.65211759616839E-16,0.));
#7726=DIRECTION('ref_axis',(-1.65211759616839E-16,1.,0.));
#7727=DIRECTION('',(-1.65211759616839E-16,1.,0.));
#7728=DIRECTION('',(0.,0.,1.));
#7729=DIRECTION('center_axis',(0.,0.,1.));
#7730=DIRECTION('ref_axis',(1.,0.,0.));
#7731=DIRECTION('center_axis',(0.,0.,1.));
#7732=DIRECTION('ref_axis',(1.,0.,0.));
#7733=DIRECTION('',(0.,0.,1.));
#7734=DIRECTION('center_axis',(0.,-1.,0.));
#7735=DIRECTION('ref_axis',(0.,0.,-1.));
#7736=DIRECTION('',(1.,0.,0.));
#7737=DIRECTION('center_axis',(0.,0.,1.));
#7738=DIRECTION('ref_axis',(1.,0.,0.));
#7739=DIRECTION('center_axis',(-1.47636040508664E-16,0.,-1.));
#7740=DIRECTION('ref_axis',(-1.,0.,1.47636040508664E-16));
#7741=DIRECTION('center_axis',(0.,0.,-1.));
#7742=DIRECTION('ref_axis',(-1.,0.,0.));
#7743=DIRECTION('center_axis',(-5.67769044669486E-14,-0.286991433338047,
0.957933148602017));
#7744=DIRECTION('ref_axis',(2.20880195093205E-12,-0.957933148602017,-0.286991433338046));
#7745=DIRECTION('center_axis',(-1.23316226376449E-16,0.54983721471856,-0.835271834381201));
#7746=DIRECTION('ref_axis',(7.39557098644698E-32,0.835271834381201,0.54983721471856));
#7747=DIRECTION('center_axis',(2.94613559440328E-14,-0.286991433337967,
0.95793314860204));
#7748=DIRECTION('ref_axis',(-4.94706137116688E-12,-0.957933148602041,-0.286991433337967));
#7749=DIRECTION('center_axis',(0.,1.,0.));
#7750=DIRECTION('ref_axis',(1.,0.,0.));
#7751=DIRECTION('center_axis',(1.,6.93889390390722E-15,0.));
#7752=DIRECTION('ref_axis',(6.93889390390722E-15,-1.,0.));
#7753=DIRECTION('center_axis',(0.,1.,0.));
#7754=DIRECTION('ref_axis',(0.,0.,-1.));
#7755=DIRECTION('center_axis',(1.47636040508664E-16,0.,1.));
#7756=DIRECTION('ref_axis',(1.,0.,-1.47636040508664E-16));
#7757=DIRECTION('center_axis',(0.,0.,1.));
#7758=DIRECTION('ref_axis',(1.,0.,0.));
#7759=DIRECTION('center_axis',(0.,-1.,0.));
#7760=DIRECTION('ref_axis',(0.,0.,-1.));
#7761=DIRECTION('center_axis',(0.,1.,0.));
#7762=DIRECTION('ref_axis',(0.,0.,1.));
#7763=DIRECTION('center_axis',(1.,0.,0.));
#7764=DIRECTION('ref_axis',(0.,0.,-1.));
#7765=DIRECTION('center_axis',(1.,0.,-6.93889390390722E-15));
#7766=DIRECTION('ref_axis',(-6.93889390390722E-15,0.,-1.));
#7767=DIRECTION('center_axis',(-2.21454060762997E-16,0.,-1.));
#7768=DIRECTION('ref_axis',(-1.,0.,2.21454060762997E-16));
#7769=DIRECTION('center_axis',(0.,0.,-1.));
#7770=DIRECTION('ref_axis',(-1.,0.,0.));
#7771=DIRECTION('center_axis',(-3.92624763269851E-14,-0.286991433337964,
0.957933148602041));
#7772=DIRECTION('ref_axis',(1.46355872268156E-11,-0.957933148602041,-0.286991433337964));
#7773=DIRECTION('center_axis',(1.84974339564674E-16,-0.54983721471856,0.835271834381201));
#7774=DIRECTION('ref_axis',(-1.10933564796705E-31,-0.835271834381201,-0.54983721471856));
#7775=DIRECTION('center_axis',(9.45315161196337E-15,-0.286991433338011,
0.957933148602027));
#7776=DIRECTION('ref_axis',(6.12787888859099E-12,-0.957933148602027,-0.286991433338011));
#7777=DIRECTION('center_axis',(0.,1.,0.));
#7778=DIRECTION('ref_axis',(1.,0.,0.));
#7779=DIRECTION('center_axis',(0.,1.,0.));
#7780=DIRECTION('ref_axis',(0.,0.,-1.));
#7781=DIRECTION('center_axis',(1.,0.,0.));
#7782=DIRECTION('ref_axis',(0.,0.,1.));
#7783=DIRECTION('center_axis',(0.,1.,0.));
#7784=DIRECTION('ref_axis',(1.,0.,0.));
#7785=DIRECTION('center_axis',(1.,0.,0.));
#7786=DIRECTION('ref_axis',(0.,0.,1.));
#7787=DIRECTION('center_axis',(0.,0.,1.));
#7788=DIRECTION('ref_axis',(-1.,0.,0.));
#7789=DIRECTION('center_axis',(0.,1.,0.));
#7790=DIRECTION('ref_axis',(1.,0.,0.));
#7791=DIRECTION('center_axis',(0.,1.,0.));
#7792=DIRECTION('ref_axis',(0.,0.,-1.));
#7793=DIRECTION('center_axis',(2.21454060762997E-16,0.,1.));
#7794=DIRECTION('ref_axis',(1.,0.,-2.21454060762997E-16));
#7795=DIRECTION('center_axis',(0.,0.,1.));
#7796=DIRECTION('ref_axis',(1.,0.,0.));
#7797=DIRECTION('center_axis',(-1.,0.,0.));
#7798=DIRECTION('ref_axis',(0.,0.,1.));
#7799=DIRECTION('center_axis',(1.,0.,0.));
#7800=DIRECTION('ref_axis',(0.,0.,-1.));
#7801=DIRECTION('center_axis',(0.,-1.,0.));
#7802=DIRECTION('ref_axis',(0.,0.,-1.));
#7803=DIRECTION('center_axis',(0.,1.,-1.38777878078144E-14));
#7804=DIRECTION('ref_axis',(0.,1.38777878078144E-14,1.));
#7805=DIRECTION('center_axis',(-1.2127141863878E-16,0.570321585200738,-0.821421505351618));
#7806=DIRECTION('ref_axis',(-8.25838760153247E-31,0.821421505351618,0.570321585200738));
#7807=DIRECTION('center_axis',(0.,0.570321585200766,-0.821421505351598));
#7808=DIRECTION('ref_axis',(0.,0.821421505351598,0.570321585200766));
#7809=DIRECTION('center_axis',(7.91480194163219E-15,-0.570321585200737,
0.821421505351619));
#7810=DIRECTION('ref_axis',(-4.49650715975977E-29,-0.821421505351619,-0.570321585200737));
#7811=DIRECTION('center_axis',(-1.47636040508664E-16,0.,-1.));
#7812=DIRECTION('ref_axis',(-1.,0.,1.47636040508664E-16));
#7813=DIRECTION('center_axis',(-2.77555756156289E-14,0.,1.));
#7814=DIRECTION('ref_axis',(1.,0.,2.77555756156289E-14));
#7815=DIRECTION('center_axis',(1.,0.,0.));
#7816=DIRECTION('ref_axis',(0.,0.,-1.));
#7817=DIRECTION('center_axis',(1.,-6.93889390390722E-15,0.));
#7818=DIRECTION('ref_axis',(6.93889390390722E-15,1.,0.));
#7819=DIRECTION('center_axis',(0.,-1.,0.));
#7820=DIRECTION('ref_axis',(0.,0.,-1.));
#7821=DIRECTION('center_axis',(0.,1.,0.));
#7822=DIRECTION('ref_axis',(0.,0.,1.));
#7823=DIRECTION('center_axis',(0.,1.,0.));
#7824=DIRECTION('ref_axis',(1.,0.,0.));
#7825=DIRECTION('center_axis',(0.,1.,0.));
#7826=DIRECTION('ref_axis',(0.,0.,-1.));
#7827=DIRECTION('center_axis',(0.,1.,0.));
#7828=DIRECTION('ref_axis',(1.,0.,0.));
#7829=DIRECTION('center_axis',(1.,0.,0.));
#7830=DIRECTION('ref_axis',(0.,-2.77555756156289E-14,1.));
#7831=DIRECTION('center_axis',(0.,1.,0.));
#7832=DIRECTION('ref_axis',(1.,0.,0.));
#7833=DIRECTION('center_axis',(1.,0.,0.));
#7834=DIRECTION('ref_axis',(0.,0.,1.));
#7835=DIRECTION('center_axis',(0.,1.,0.));
#7836=DIRECTION('ref_axis',(1.,0.,0.));
#7837=DIRECTION('center_axis',(0.,0.,1.));
#7838=DIRECTION('ref_axis',(-1.,0.,0.));
#7839=DIRECTION('center_axis',(0.,-1.,0.));
#7840=DIRECTION('ref_axis',(0.,0.,-1.));
#7841=DIRECTION('center_axis',(0.,1.,0.));
#7842=DIRECTION('ref_axis',(0.,0.,1.));
#7843=DIRECTION('center_axis',(1.,-1.53757882111242E-16,0.));
#7844=DIRECTION('ref_axis',(1.53757882111242E-16,1.,0.));
#7845=DIRECTION('center_axis',(1.,9.63549394563778E-15,-1.38777878078144E-14));
#7846=DIRECTION('ref_axis',(-1.38777878078144E-14,-2.24207754291971E-44,
-1.));
#7847=DIRECTION('center_axis',(-1.,0.,2.21454060762997E-16));
#7848=DIRECTION('ref_axis',(2.21454060762997E-16,0.,1.));
#7849=DIRECTION('center_axis',(1.,0.,2.43332677000637E-14));
#7850=DIRECTION('ref_axis',(2.43332677000637E-14,0.,-1.));
#7851=DIRECTION('center_axis',(2.21454060762997E-16,0.,1.));
#7852=DIRECTION('ref_axis',(1.,0.,-2.21454060762997E-16));
#7853=DIRECTION('center_axis',(0.,-1.38777878078144E-14,1.));
#7854=DIRECTION('ref_axis',(0.,-1.,-1.38777878078144E-14));
#7855=DIRECTION('center_axis',(0.,1.,0.));
#7856=DIRECTION('ref_axis',(1.,0.,0.));
#7857=DIRECTION('center_axis',(0.,0.570321585200737,-0.821421505351619));
#7858=DIRECTION('ref_axis',(0.,-0.821421505351619,-0.570321585200737));
#7859=DIRECTION('center_axis',(0.,1.,0.));
#7860=DIRECTION('ref_axis',(1.,0.,0.));
#7861=DIRECTION('center_axis',(1.70992700280676E-14,-0.570321585200743,
0.821421505351614));
#7862=DIRECTION('ref_axis',(0.,0.821421505351614,0.570321585200743));
#7863=DIRECTION('center_axis',(-1.81907127958169E-16,0.570321585200738,
-0.821421505351618));
#7864=DIRECTION('ref_axis',(2.09541177949331E-31,0.821421505351618,0.570321585200737));
#7865=DIRECTION('center_axis',(-1.47636040508664E-16,0.,-1.));
#7866=DIRECTION('ref_axis',(-1.,0.,1.47636040508664E-16));
#7867=DIRECTION('center_axis',(0.,0.,1.));
#7868=DIRECTION('ref_axis',(1.,0.,0.));
#7869=DIRECTION('center_axis',(-1.,0.,0.));
#7870=DIRECTION('ref_axis',(0.,0.,1.));
#7871=DIRECTION('center_axis',(-1.,0.,0.));
#7872=DIRECTION('ref_axis',(0.,0.,1.));
#7873=DIRECTION('center_axis',(1.,0.,0.));
#7874=DIRECTION('ref_axis',(0.,0.,-1.));
#7875=DIRECTION('center_axis',(-1.,0.,0.));
#7876=DIRECTION('ref_axis',(0.,0.,1.));
#7877=DIRECTION('center_axis',(1.47636040508664E-16,0.,1.));
#7878=DIRECTION('ref_axis',(1.,0.,-1.47636040508664E-16));
#7879=DIRECTION('center_axis',(0.,0.,1.));
#7880=DIRECTION('ref_axis',(1.,0.,0.));
#7881=DIRECTION('center_axis',(0.,1.,0.));
#7882=DIRECTION('ref_axis',(1.,0.,0.));
#7883=DIRECTION('center_axis',(0.,-1.,0.));
#7884=DIRECTION('ref_axis',(0.,0.,1.));
#7885=DIRECTION('center_axis',(0.,1.,0.));
#7886=DIRECTION('ref_axis',(1.,0.,0.));
#7887=DIRECTION('center_axis',(0.,1.,0.));
#7888=DIRECTION('ref_axis',(0.,0.,-1.));
#7889=DIRECTION('center_axis',(0.,-1.,0.));
#7890=DIRECTION('ref_axis',(0.,0.,-1.));
#7891=DIRECTION('center_axis',(0.,-1.,0.));
#7892=DIRECTION('ref_axis',(0.,0.,-1.));
#7893=DIRECTION('center_axis',(-1.,0.,0.));
#7894=DIRECTION('ref_axis',(0.,0.,1.));
#7895=DIRECTION('center_axis',(1.,0.,0.));
#7896=DIRECTION('ref_axis',(0.,0.,-1.));
#7897=DIRECTION('center_axis',(2.21454060762997E-16,0.,1.));
#7898=DIRECTION('ref_axis',(1.,0.,-2.21454060762997E-16));
#7899=DIRECTION('center_axis',(0.,0.,1.));
#7900=DIRECTION('ref_axis',(1.,0.,0.));
#7901=DIRECTION('center_axis',(0.,-1.,0.));
#7902=DIRECTION('ref_axis',(0.,0.,-1.));
#7903=DIRECTION('center_axis',(0.,1.,0.));
#7904=DIRECTION('ref_axis',(0.,0.,1.));
#7905=DIRECTION('center_axis',(1.47636040508664E-16,0.,1.));
#7906=DIRECTION('ref_axis',(1.,0.,-1.47636040508664E-16));
#7907=DIRECTION('center_axis',(0.,0.,-1.));
#7908=DIRECTION('ref_axis',(-1.,0.,0.));
#7909=DIRECTION('center_axis',(0.,0.,1.));
#7910=DIRECTION('ref_axis',(1.,0.,0.));
#7911=DIRECTION('center_axis',(0.,1.,0.));
#7912=DIRECTION('ref_axis',(1.,0.,0.));
#7913=DIRECTION('center_axis',(0.,-1.,0.));
#7914=DIRECTION('ref_axis',(0.,0.,1.));
#7915=DIRECTION('center_axis',(1.,0.,0.));
#7916=DIRECTION('ref_axis',(0.,0.,1.));
#7917=DIRECTION('center_axis',(0.,1.,0.));
#7918=DIRECTION('ref_axis',(1.,0.,0.));
#7919=DIRECTION('center_axis',(1.,0.,0.));
#7920=DIRECTION('ref_axis',(0.,0.,1.));
#7921=DIRECTION('center_axis',(0.,0.,-1.));
#7922=DIRECTION('ref_axis',(1.,0.,0.));
#7923=DIRECTION('center_axis',(0.,1.,0.));
#7924=DIRECTION('ref_axis',(1.,0.,0.));
#7925=DIRECTION('center_axis',(0.,-1.,0.));
#7926=DIRECTION('ref_axis',(0.,0.,1.));
#7927=DIRECTION('center_axis',(0.,1.,0.));
#7928=DIRECTION('ref_axis',(1.,0.,0.));
#7929=DIRECTION('center_axis',(1.,0.,0.));
#7930=DIRECTION('ref_axis',(0.,0.,1.));
#7931=DIRECTION('center_axis',(-1.,0.,0.));
#7932=DIRECTION('ref_axis',(0.,0.,1.));
#7933=DIRECTION('center_axis',(0.707106781186545,0.70710678118655,-2.25685806630222E-15));
#7934=DIRECTION('ref_axis',(0.70710678118655,-0.707106781186545,-1.34993743443001E-12));
#7935=DIRECTION('center_axis',(0.,-1.,0.));
#7936=DIRECTION('ref_axis',(0.,0.,-1.));
#7937=DIRECTION('center_axis',(0.,-1.,0.));
#7938=DIRECTION('ref_axis',(0.,0.,-1.));
#7939=DIRECTION('center_axis',(1.47636040508664E-16,0.,1.));
#7940=DIRECTION('ref_axis',(1.,0.,-1.47636040508664E-16));
#7941=DIRECTION('center_axis',(0.,0.,-1.));
#7942=DIRECTION('ref_axis',(-1.,0.,0.));
#7943=DIRECTION('center_axis',(1.,0.,0.));
#7944=DIRECTION('ref_axis',(0.,0.,-1.));
#7945=DIRECTION('center_axis',(1.,0.,0.));
#7946=DIRECTION('ref_axis',(0.,0.,-1.));
#7947=DIRECTION('center_axis',(0.,-1.,0.));
#7948=DIRECTION('ref_axis',(0.,0.,-1.));
#7949=DIRECTION('center_axis',(0.,-1.,0.));
#7950=DIRECTION('ref_axis',(0.,0.,-1.));
#7951=DIRECTION('center_axis',(-1.,0.,0.));
#7952=DIRECTION('ref_axis',(0.,0.,1.));
#7953=DIRECTION('center_axis',(0.707106781186549,0.707106781186546,-5.43697625063725E-15));
#7954=DIRECTION('ref_axis',(0.707106781186546,-0.707106781186549,8.77549198276274E-13));
#7955=DIRECTION('center_axis',(0.,1.,0.));
#7956=DIRECTION('ref_axis',(0.,0.,1.));
#7957=DIRECTION('center_axis',(-0.707106781186545,0.70710678118655,2.25685806630222E-15));
#7958=DIRECTION('ref_axis',(0.70710678118655,0.707106781186545,-9.17199863075108E-13));
#7959=DIRECTION('center_axis',(0.,1.,0.));
#7960=DIRECTION('ref_axis',(1.,0.,0.));
#7961=DIRECTION('center_axis',(1.,0.,0.));
#7962=DIRECTION('ref_axis',(0.,0.,1.));
#7963=DIRECTION('center_axis',(0.,1.,0.));
#7964=DIRECTION('ref_axis',(1.,0.,0.));
#7965=DIRECTION('center_axis',(0.,0.,-1.));
#7966=DIRECTION('ref_axis',(1.,0.,0.));
#7967=DIRECTION('center_axis',(0.,-1.,0.));
#7968=DIRECTION('ref_axis',(0.,0.,-1.));
#7969=DIRECTION('center_axis',(-0.707106781186549,0.707106781186546,5.43697625063725E-15));
#7970=DIRECTION('ref_axis',(0.707106781186546,0.707106781186549,4.48793874510319E-13));
#7971=DIRECTION('center_axis',(-1.,0.,0.));
#7972=DIRECTION('ref_axis',(0.,0.,1.));
#7973=DIRECTION('center_axis',(-1.,0.,0.));
#7974=DIRECTION('ref_axis',(0.,0.,1.));
#7975=DIRECTION('center_axis',(-1.,0.,0.));
#7976=DIRECTION('ref_axis',(0.,0.,1.));
#7977=DIRECTION('center_axis',(1.,0.,-6.93889390390722E-15));
#7978=DIRECTION('ref_axis',(-6.93889390390722E-15,0.,-1.));
#7979=DIRECTION('center_axis',(-2.21454060762997E-16,0.,-1.));
#7980=DIRECTION('ref_axis',(-1.,0.,2.21454060762997E-16));
#7981=DIRECTION('center_axis',(0.,0.,-1.));
#7982=DIRECTION('ref_axis',(-1.,0.,0.));
#7983=DIRECTION('center_axis',(-2.21454060762997E-16,0.,-1.));
#7984=DIRECTION('ref_axis',(-1.,0.,2.21454060762997E-16));
#7985=DIRECTION('center_axis',(0.,0.,1.));
#7986=DIRECTION('ref_axis',(1.,0.,0.));
#7987=DIRECTION('center_axis',(1.,0.,0.));
#7988=DIRECTION('ref_axis',(0.,0.,-1.));
#7989=DIRECTION('center_axis',(1.,6.93889390390727E-15,0.));
#7990=DIRECTION('ref_axis',(-6.93889390390727E-15,1.,0.));
#7991=DIRECTION('center_axis',(-1.,0.,0.));
#7992=DIRECTION('ref_axis',(0.,0.,1.));
#7993=DIRECTION('center_axis',(-1.,0.,0.));
#7994=DIRECTION('ref_axis',(0.,0.,1.));
#7995=DIRECTION('center_axis',(-1.47636040508664E-16,0.,-1.));
#7996=DIRECTION('ref_axis',(-1.,0.,1.47636040508664E-16));
#7997=DIRECTION('center_axis',(0.,0.,-1.));
#7998=DIRECTION('ref_axis',(-1.,0.,0.));
#7999=DIRECTION('center_axis',(0.,0.,1.));
#8000=DIRECTION('ref_axis',(1.,0.,0.));
#8001=DIRECTION('center_axis',(0.,1.,0.));
#8002=DIRECTION('ref_axis',(1.,0.,0.));
#8003=DIRECTION('center_axis',(0.,1.,0.));
#8004=DIRECTION('ref_axis',(0.,0.,-1.));
#8005=DIRECTION('center_axis',(0.,1.,0.));
#8006=DIRECTION('ref_axis',(1.,0.,0.));
#8007=DIRECTION('center_axis',(0.,1.,0.));
#8008=DIRECTION('ref_axis',(0.,0.,-1.));
#8009=DIRECTION('center_axis',(0.,1.,0.));
#8010=DIRECTION('ref_axis',(1.,0.,0.));
#8011=DIRECTION('center_axis',(0.,1.,0.));
#8012=DIRECTION('ref_axis',(0.,0.,-1.));
#8013=DIRECTION('center_axis',(0.,1.,0.));
#8014=DIRECTION('ref_axis',(1.,0.,0.));
#8015=DIRECTION('center_axis',(0.,1.,0.));
#8016=DIRECTION('ref_axis',(0.,0.,-1.));
#8017=DIRECTION('center_axis',(1.23316226376449E-16,-0.54983721471856,0.835271834381201));
#8018=DIRECTION('ref_axis',(-8.62816615085482E-32,-0.835271834381201,-0.54983721471856));
#8019=DIRECTION('center_axis',(4.24811874586671E-14,-0.286991433338033,
0.957933148602021));
#8020=DIRECTION('ref_axis',(1.33001171839381E-12,-0.957933148602021,-0.286991433338033));
#8021=DIRECTION('center_axis',(-6.3214326730309E-15,0.286991433338001,-0.95793314860203));
#8022=DIRECTION('ref_axis',(8.44584732800133E-12,0.95793314860203,0.286991433338001));
#8023=DIRECTION('center_axis',(-1.47636040508664E-16,0.,-1.));
#8024=DIRECTION('ref_axis',(-1.,0.,1.47636040508664E-16));
#8025=DIRECTION('center_axis',(0.,0.,-1.));
#8026=DIRECTION('ref_axis',(-1.,0.,0.));
#8027=DIRECTION('center_axis',(0.,-1.,0.));
#8028=DIRECTION('ref_axis',(0.,0.,-1.));
#8029=DIRECTION('center_axis',(0.,1.,0.));
#8030=DIRECTION('ref_axis',(0.,0.,1.));
#8031=DIRECTION('center_axis',(0.,-1.,0.));
#8032=DIRECTION('ref_axis',(0.,0.,-1.));
#8033=DIRECTION('center_axis',(0.,1.,0.));
#8034=DIRECTION('ref_axis',(0.,0.,1.));
#8035=DIRECTION('center_axis',(-2.21454060762997E-16,0.,-1.));
#8036=DIRECTION('ref_axis',(-1.,0.,2.21454060762997E-16));
#8037=DIRECTION('center_axis',(0.,0.,1.));
#8038=DIRECTION('ref_axis',(1.,0.,0.));
#8039=DIRECTION('center_axis',(0.,0.,-1.));
#8040=DIRECTION('ref_axis',(-1.,0.,0.));
#8041=DIRECTION('center_axis',(0.,-1.,0.));
#8042=DIRECTION('ref_axis',(0.,0.,-1.));
#8043=DIRECTION('center_axis',(0.,1.,0.));
#8044=DIRECTION('ref_axis',(0.,0.,1.));
#8045=DIRECTION('center_axis',(0.,-1.,0.));
#8046=DIRECTION('ref_axis',(0.,0.,-1.));
#8047=DIRECTION('center_axis',(0.,1.,0.));
#8048=DIRECTION('ref_axis',(0.,0.,1.));
#8049=DIRECTION('center_axis',(1.47636040508664E-16,0.,1.));
#8050=DIRECTION('ref_axis',(1.,0.,-1.47636040508664E-16));
#8051=DIRECTION('center_axis',(0.,0.,1.));
#8052=DIRECTION('ref_axis',(1.,0.,0.));
#8053=DIRECTION('center_axis',(0.,1.,0.));
#8054=DIRECTION('ref_axis',(1.,0.,0.));
#8055=DIRECTION('center_axis',(1.,0.,0.));
#8056=DIRECTION('ref_axis',(0.,0.,1.));
#8057=DIRECTION('center_axis',(0.,1.,0.));
#8058=DIRECTION('ref_axis',(1.,0.,0.));
#8059=DIRECTION('center_axis',(-1.,6.93889390390722E-15,0.));
#8060=DIRECTION('ref_axis',(6.93889390390722E-15,1.,0.));
#8061=DIRECTION('center_axis',(0.,1.,0.));
#8062=DIRECTION('ref_axis',(1.,0.,0.));
#8063=DIRECTION('center_axis',(-1.,0.,0.));
#8064=DIRECTION('ref_axis',(0.,0.,-1.));
#8065=DIRECTION('center_axis',(0.,1.,0.));
#8066=DIRECTION('ref_axis',(1.,0.,0.));
#8067=DIRECTION('center_axis',(1.,0.,0.));
#8068=DIRECTION('ref_axis',(0.,0.,1.));
#8069=DIRECTION('center_axis',(-1.84974339564674E-16,0.54983721471856,-0.835271834381201));
#8070=DIRECTION('ref_axis',(1.23259516440783E-31,0.835271834381201,0.54983721471856));
#8071=DIRECTION('center_axis',(-4.23941952659185E-14,-0.286991433338033,
0.957933148602021));
#8072=DIRECTION('ref_axis',(-4.13559047319192E-12,-0.957933148602021,-0.286991433338033));
#8073=DIRECTION('center_axis',(1.43885086805424E-13,0.286991433338132,-0.957933148601991));
#8074=DIRECTION('ref_axis',(-1.37222276061447E-11,0.957933148601991,0.286991433338132));
#8075=DIRECTION('center_axis',(-2.21454060762997E-16,0.,-1.));
#8076=DIRECTION('ref_axis',(-1.,0.,2.21454060762997E-16));
#8077=DIRECTION('center_axis',(0.,0.,-1.));
#8078=DIRECTION('ref_axis',(-1.,0.,0.));
#8079=DIRECTION('center_axis',(-1.,0.,0.));
#8080=DIRECTION('ref_axis',(0.,0.,1.));
#8081=DIRECTION('center_axis',(1.,-6.93889390390722E-15,0.));
#8082=DIRECTION('ref_axis',(6.93889390390722E-15,1.,0.));
#8083=DIRECTION('center_axis',(1.,0.,0.));
#8084=DIRECTION('ref_axis',(0.,0.,-1.));
#8085=DIRECTION('center_axis',(-0.707106781186552,0.707106781186543,1.29256416524583E-14));
#8086=DIRECTION('ref_axis',(0.707106781186543,0.707106781186552,3.14027806588156E-13));
#8087=DIRECTION('center_axis',(1.,0.,0.));
#8088=DIRECTION('ref_axis',(0.,0.,-1.));
#8089=DIRECTION('center_axis',(-0.707106781186549,0.707106781186546,-5.33439179307805E-15));
#8090=DIRECTION('ref_axis',(0.707106781186546,0.707106781186549,-1.13319540343366E-12));
#8091=DIRECTION('center_axis',(1.,0.,0.));
#8092=DIRECTION('ref_axis',(0.,0.,-1.));
#8093=DIRECTION('center_axis',(1.,0.,0.));
#8094=DIRECTION('ref_axis',(0.,0.,-1.));
#8095=DIRECTION('center_axis',(2.21454060762997E-16,0.,1.));
#8096=DIRECTION('ref_axis',(1.,0.,-2.21454060762997E-16));
#8097=DIRECTION('center_axis',(0.,0.,1.));
#8098=DIRECTION('ref_axis',(1.,0.,0.));
#8099=DIRECTION('center_axis',(0.,1.,0.));
#8100=DIRECTION('ref_axis',(1.,0.,0.));
#8101=DIRECTION('center_axis',(0.,-1.,0.));
#8102=DIRECTION('ref_axis',(0.,0.,1.));
#8103=DIRECTION('center_axis',(0.,-1.,0.));
#8104=DIRECTION('ref_axis',(0.,0.,-1.));
#8105=DIRECTION('center_axis',(0.707106781186549,0.707106781186546,-5.4369762506372E-15));
#8106=DIRECTION('ref_axis',(0.707106781186546,-0.707106781186549,-1.90799335504048E-13));
#8107=DIRECTION('center_axis',(0.,1.,0.));
#8108=DIRECTION('ref_axis',(0.,0.,1.));
#8109=DIRECTION('center_axis',(0.707106781186549,0.707106781186546,5.33439179307805E-15));
#8110=DIRECTION('ref_axis',(0.707106781186546,-0.707106781186549,-1.96039804118376E-13));
#8111=DIRECTION('center_axis',(0.,1.,0.));
#8112=DIRECTION('ref_axis',(1.,0.,0.));
#8113=DIRECTION('center_axis',(0.,-1.,0.));
#8114=DIRECTION('ref_axis',(0.,0.,1.));
#8115=DIRECTION('center_axis',(0.,-1.,0.));
#8116=DIRECTION('ref_axis',(0.,0.,-1.));
#8117=DIRECTION('center_axis',(0.,-1.,0.));
#8118=DIRECTION('ref_axis',(0.,0.,-1.));
#8119=DIRECTION('center_axis',(1.,0.,0.));
#8120=DIRECTION('ref_axis',(0.,0.,-1.));
#8121=DIRECTION('center_axis',(1.,0.,-6.93889390390722E-15));
#8122=DIRECTION('ref_axis',(-6.93889390390722E-15,0.,-1.));
#8123=DIRECTION('center_axis',(1.,0.,0.));
#8124=DIRECTION('ref_axis',(0.,0.,-1.));
#8125=DIRECTION('center_axis',(1.,0.,0.));
#8126=DIRECTION('ref_axis',(0.,0.,-1.));
#8127=DIRECTION('center_axis',(0.,-1.,0.));
#8128=DIRECTION('ref_axis',(0.,0.,-1.));
#8129=DIRECTION('center_axis',(0.,-1.,0.));
#8130=DIRECTION('ref_axis',(0.,0.,-1.));
#8131=DIRECTION('center_axis',(0.,1.,0.));
#8132=DIRECTION('ref_axis',(1.,0.,0.));
#8133=DIRECTION('center_axis',(0.,0.,1.));
#8134=DIRECTION('ref_axis',(-1.,0.,0.));
#8135=DIRECTION('center_axis',(0.,1.,0.));
#8136=DIRECTION('ref_axis',(1.,0.,0.));
#8137=DIRECTION('center_axis',(0.,0.,-1.));
#8138=DIRECTION('ref_axis',(1.,0.,0.));
#8139=DIRECTION('center_axis',(2.21454060762997E-16,0.,1.));
#8140=DIRECTION('ref_axis',(1.,0.,-2.21454060762997E-16));
#8141=DIRECTION('center_axis',(1.6141328830535E-16,0.570321585200735,-0.82142150535162));
#8142=DIRECTION('ref_axis',(7.2723114700062E-31,0.82142150535162,0.570321585200735));
#8143=DIRECTION('center_axis',(1.68138841984744E-15,0.570321585200743,-0.821421505351614));
#8144=DIRECTION('ref_axis',(0.,0.821421505351614,0.570321585200743));
#8145=DIRECTION('center_axis',(9.31645260997212E-17,-0.570321585200738,
0.821421505351618));
#8146=DIRECTION('ref_axis',(3.6361557350031E-31,-0.821421505351618,-0.570321585200738));
#8147=DIRECTION('',(-9.31645260997212E-17,0.570321585200737,-0.821421505351618));
#8148=DIRECTION('center_axis',(4.43886542839725E-16,0.570321585200741,-0.821421505351616));
#8149=DIRECTION('ref_axis',(1.28189897098414E-30,0.821421505351616,0.570321585200741));
#8150=DIRECTION('center_axis',(0.,-0.570321585200738,0.821421505351618));
#8151=DIRECTION('ref_axis',(0.,-0.821421505351618,-0.570321585200738));
#8152=DIRECTION('center_axis',(3.25516798082455E-15,0.570321585200737,-0.821421505351618));
#8153=DIRECTION('ref_axis',(1.4002281067673E-29,0.821421505351618,0.570321585200737));
#8154=DIRECTION('',(0.,-0.570321585200737,0.821421505351618));
#8155=DIRECTION('center_axis',(4.34716911841164E-7,-0.821421538329682,-0.570321537702996));
#8156=DIRECTION('ref_axis',(-0.965091846126527,0.14937352791609,-0.215140135023646));
#8157=DIRECTION('center_axis',(0.261404540657812,0.550491123526931,-0.792860132079761));
#8158=DIRECTION('ref_axis',(5.48172618408671E-15,-0.821421505351619,-0.570321585200736));
#8159=DIRECTION('center_axis',(-0.261404540657835,0.550491123526928,-0.792860132079755));
#8160=DIRECTION('ref_axis',(9.99200722162641E-16,-0.821421505351618,-0.570321585200738));
#8161=DIRECTION('center_axis',(-4.3475818021286E-7,-0.821421538332704,-0.570321537698643));
#8162=DIRECTION('ref_axis',(0.999999861952965,-0.000300030487452071,0.0004313649935491));
#8163=DIRECTION('center_axis',(1.,0.,0.));
#8164=DIRECTION('ref_axis',(0.,0.,-1.));
#8165=DIRECTION('center_axis',(-1.,1.81483739691895E-15,3.46944695195361E-15));
#8166=DIRECTION('ref_axis',(3.46944695195361E-15,0.,1.));
#8167=DIRECTION('center_axis',(-1.,1.53757882111242E-16,0.));
#8168=DIRECTION('ref_axis',(-1.53757882111242E-16,-1.,0.));
#8169=DIRECTION('center_axis',(2.68881187211256E-14,0.570321585200743,-0.821421505351614));
#8170=DIRECTION('ref_axis',(0.,0.821421505351614,0.570321585200743));
#8171=DIRECTION('center_axis',(-0.2614045406578,-0.550491123526933,0.792860132079763));
#8172=DIRECTION('ref_axis',(-1.80411241501588E-15,-0.821421505351618,-0.570321585200738));
#8173=DIRECTION('center_axis',(-0.653655425938222,-0.431614983752362,0.621645469654506));
#8174=DIRECTION('ref_axis',(0.689141406811496,0.,0.724626884277607));
#8175=DIRECTION('center_axis',(9.31645260997212E-17,-0.570321585200738,
0.821421505351618));
#8176=DIRECTION('ref_axis',(6.28623533847994E-31,-0.821421505351618,-0.570321585200738));
#8177=DIRECTION('center_axis',(-1.22631622545677E-14,0.570321585200743,
-0.821421505351614));
#8178=DIRECTION('ref_axis',(0.,0.821421505351614,0.570321585200743));
#8179=DIRECTION('center_axis',(-1.,0.,0.));
#8180=DIRECTION('ref_axis',(0.,0.,1.));
#8181=DIRECTION('center_axis',(-1.,0.,0.));
#8182=DIRECTION('ref_axis',(0.,0.,1.));
#8183=DIRECTION('center_axis',(1.,-1.53757882111242E-16,0.));
#8184=DIRECTION('ref_axis',(1.53757882111242E-16,1.,0.));
#8185=DIRECTION('center_axis',(-1.,0.,0.));
#8186=DIRECTION('ref_axis',(0.,0.,1.));
#8187=DIRECTION('center_axis',(1.,-1.53757882111242E-16,0.));
#8188=DIRECTION('ref_axis',(-1.53666277760491E-16,-0.999404229887318,-0.0345135521692051));
#8189=DIRECTION('center_axis',(-1.,1.0864717132045E-14,-1.56482106471257E-14));
#8190=DIRECTION('ref_axis',(-1.56482106471257E-14,-1.84594163843846E-29,
1.));
#8191=DIRECTION('center_axis',(-0.653655425938211,0.431614983752391,-0.621645469654496));
#8192=DIRECTION('ref_axis',(-0.689141406811496,0.,0.724626884277607));
#8193=DIRECTION('center_axis',(-2.44354862702121E-14,-0.570321585200743,
0.821421505351614));
#8194=DIRECTION('ref_axis',(1.57772181044202E-30,-0.821421505351614,-0.570321585200743));
#8195=DIRECTION('center_axis',(-0.261404540657812,0.550491123526934,-0.792860132079758));
#8196=DIRECTION('ref_axis',(-7.49400541621981E-16,0.821421505351616,0.570321585200741));
#8197=DIRECTION('center_axis',(0.,-0.570321585200738,0.821421505351618));
#8198=DIRECTION('ref_axis',(0.,-0.821421505351618,-0.570321585200738));
#8199=DIRECTION('center_axis',(8.5120425973731E-12,-0.570321585200743,0.821421505351614));
#8200=DIRECTION('ref_axis',(0.,-0.821421505351614,-0.570321585200743));
#8201=DIRECTION('center_axis',(-2.53246180181048E-14,0.570321585200743,
-0.821421505351614));
#8202=DIRECTION('ref_axis',(0.,0.821421505351614,0.570321585200743));
#8203=DIRECTION('center_axis',(1.39746789149582E-16,-0.570321585200738,
0.821421505351618));
#8204=DIRECTION('ref_axis',(9.4909827659403E-31,-0.821421505351618,-0.570321585200738));
#8205=DIRECTION('center_axis',(-1.10752263280483E-14,0.570321585200743,
-0.821421505351614));
#8206=DIRECTION('ref_axis',(7.88860905221012E-31,0.821421505351614,0.570321585200743));
#8207=DIRECTION('center_axis',(0.,0.570321585200752,-0.821421505351608));
#8208=DIRECTION('ref_axis',(0.,0.821421505351608,0.570321585200752));
#8209=DIRECTION('center_axis',(1.,0.,0.));
#8210=DIRECTION('ref_axis',(0.,0.,-1.));
#8211=DIRECTION('center_axis',(-9.31645260997211E-17,0.570321585200738,
-0.821421505351618));
#8212=DIRECTION('ref_axis',(-6.34786509670033E-31,0.821421505351618,0.570321585200738));
#8213=DIRECTION('center_axis',(0.,0.570321585200743,-0.821421505351614));
#8214=DIRECTION('ref_axis',(0.,0.821421505351614,0.570321585200743));
#8215=DIRECTION('center_axis',(-1.,1.53757882111242E-16,0.));
#8216=DIRECTION('ref_axis',(-1.53757882111242E-16,-1.,0.));
#8217=DIRECTION('center_axis',(1.,6.02218371602365E-15,-8.67361737988394E-15));
#8218=DIRECTION('ref_axis',(-8.67361737988394E-15,4.48415508583942E-43,
-1.));
#8219=DIRECTION('center_axis',(0.,1.,-4.05309223359067E-16));
#8220=DIRECTION('ref_axis',(0.,4.05309223359067E-16,1.));
#8221=DIRECTION('',(-1.,0.,0.));
#8222=DIRECTION('',(1.59795323816114E-31,-4.05309223359067E-16,-1.));
#8223=DIRECTION('',(-1.,0.,0.));
#8224=DIRECTION('',(0.,0.,1.));
#8225=DIRECTION('',(1.,0.,0.));
#8226=DIRECTION('',(0.,-4.05309223359067E-16,-1.));
#8227=DIRECTION('center_axis',(0.,-1.,0.));
#8228=DIRECTION('ref_axis',(0.,0.,-1.));
#8229=DIRECTION('',(-1.47636040508664E-16,0.,-1.));
#8230=DIRECTION('center_axis',(0.,-1.,0.));
#8231=DIRECTION('ref_axis',(0.,0.,-1.));
#8232=DIRECTION('',(1.,0.,0.));
#8233=DIRECTION('center_axis',(0.,-1.,0.));
#8234=DIRECTION('ref_axis',(0.,0.,-1.));
#8235=DIRECTION('',(2.21454060762997E-16,0.,1.));
#8236=DIRECTION('center_axis',(0.,-1.,0.));
#8237=DIRECTION('ref_axis',(0.,0.,-1.));
#8238=DIRECTION('',(-1.,0.,0.));
#8239=DIRECTION('center_axis',(0.,-1.,0.));
#8240=DIRECTION('ref_axis',(0.,0.,-1.));
#8241=DIRECTION('',(1.,0.,0.));
#8242=DIRECTION('center_axis',(0.,-1.,0.));
#8243=DIRECTION('ref_axis',(0.,0.,-1.));
#8244=DIRECTION('',(2.0289163461717E-16,0.,-1.));
#8245=DIRECTION('center_axis',(0.,-1.,0.));
#8246=DIRECTION('ref_axis',(0.,0.,-1.));
#8247=DIRECTION('',(-1.,0.,0.));
#8248=DIRECTION('center_axis',(0.,-1.,0.));
#8249=DIRECTION('ref_axis',(0.,0.,1.));
#8250=DIRECTION('',(-1.26807271635731E-16,0.,1.));
#8251=DIRECTION('center_axis',(0.,-1.,0.));
#8252=DIRECTION('ref_axis',(0.,0.,-1.));
#8253=DIRECTION('',(0.,0.,1.));
#8254=DIRECTION('',(-1.,0.,0.));
#8255=DIRECTION('',(0.,0.,1.));
#8256=DIRECTION('',(-1.,0.,0.));
#8257=DIRECTION('center_axis',(1.,0.,-1.47636040508664E-16));
#8258=DIRECTION('ref_axis',(-1.47636040508664E-16,0.,-1.));
#8259=DIRECTION('',(-1.47636040508664E-16,0.,-1.));
#8260=DIRECTION('',(0.,-1.,0.));
#8261=DIRECTION('',(0.,1.,0.));
#8262=DIRECTION('center_axis',(0.,0.,1.));
#8263=DIRECTION('ref_axis',(1.,0.,0.));
#8264=DIRECTION('',(0.,1.,0.));
#8265=DIRECTION('',(1.,0.,0.));
#8266=DIRECTION('',(0.,-1.,0.));
#8267=DIRECTION('center_axis',(-1.,0.,2.21454060762997E-16));
#8268=DIRECTION('ref_axis',(2.21454060762997E-16,0.,1.));
#8269=DIRECTION('',(0.,1.,0.));
#8270=DIRECTION('',(2.21454060762997E-16,0.,1.));
#8271=DIRECTION('',(0.,-1.,0.));
#8272=DIRECTION('center_axis',(0.,0.,-1.));
#8273=DIRECTION('ref_axis',(-1.,0.,0.));
#8274=DIRECTION('',(0.,1.,0.));
#8275=DIRECTION('',(-1.,0.,0.));
#8276=DIRECTION('',(0.,-1.,0.));
#8277=DIRECTION('center_axis',(0.,-1.,0.));
#8278=DIRECTION('ref_axis',(0.,0.,-1.));
#8279=DIRECTION('center_axis',(0.,1.,0.));
#8280=DIRECTION('ref_axis',(0.,0.,-1.));
#8281=DIRECTION('center_axis',(0.,1.,0.));
#8282=DIRECTION('ref_axis',(0.,0.,-1.));
#8283=DIRECTION('center_axis',(0.,1.,0.));
#8284=DIRECTION('ref_axis',(0.,0.,-1.));
#8285=DIRECTION('center_axis',(0.,1.,0.));
#8286=DIRECTION('ref_axis',(-5.20417042793045E-14,0.,-1.));
#8287=DIRECTION('center_axis',(0.,1.,0.));
#8288=DIRECTION('ref_axis',(0.,0.,1.));
#8289=DIRECTION('',(0.,1.,0.));
#8290=DIRECTION('center_axis',(0.,1.,0.));
#8291=DIRECTION('ref_axis',(0.,0.,1.));
#8292=DIRECTION('',(0.,1.,0.));
#8293=DIRECTION('center_axis',(0.,0.,1.));
#8294=DIRECTION('ref_axis',(1.,0.,0.));
#8295=DIRECTION('',(0.,1.,0.));
#8296=DIRECTION('',(-1.,0.,0.));
#8297=DIRECTION('center_axis',(0.,1.,0.));
#8298=DIRECTION('ref_axis',(0.,0.,1.));
#8299=DIRECTION('',(0.,1.,0.));
#8300=DIRECTION('center_axis',(0.,1.,0.));
#8301=DIRECTION('ref_axis',(0.,0.,1.));
#8302=DIRECTION('center_axis',(-1.,0.,-1.26807271635732E-16));
#8303=DIRECTION('ref_axis',(-1.26807271635732E-16,0.,1.));
#8304=DIRECTION('',(0.,1.,0.));
#8305=DIRECTION('',(1.26807271635731E-16,0.,-1.));
#8306=DIRECTION('center_axis',(0.,1.,0.));
#8307=DIRECTION('ref_axis',(0.,0.,1.));
#8308=DIRECTION('',(0.,1.,0.));
#8309=DIRECTION('center_axis',(0.,1.,0.));
#8310=DIRECTION('ref_axis',(0.,0.,1.));
#8311=DIRECTION('center_axis',(0.,0.,-1.));
#8312=DIRECTION('ref_axis',(-1.,0.,0.));
#8313=DIRECTION('',(0.,1.,0.));
#8314=DIRECTION('',(1.,0.,0.));
#8315=DIRECTION('center_axis',(0.,1.,0.));
#8316=DIRECTION('ref_axis',(0.,0.,1.));
#8317=DIRECTION('',(0.,1.,0.));
#8318=DIRECTION('center_axis',(0.,1.,0.));
#8319=DIRECTION('ref_axis',(0.,0.,1.));
#8320=DIRECTION('center_axis',(1.,0.,2.0289163461717E-16));
#8321=DIRECTION('ref_axis',(2.0289163461717E-16,0.,-1.));
#8322=DIRECTION('',(-2.0289163461717E-16,0.,1.));
#8323=DIRECTION('center_axis',(0.,-1.,0.));
#8324=DIRECTION('ref_axis',(0.,0.,-1.));
#8325=DIRECTION('',(-1.26807271635731E-16,0.,1.));
#8326=DIRECTION('',(-1.,0.,0.));
#8327=DIRECTION('',(2.0289163461717E-16,0.,-1.));
#8328=DIRECTION('',(1.,0.,0.));
#8329=DIRECTION('center_axis',(-1.,0.,0.));
#8330=DIRECTION('ref_axis',(0.,0.,1.));
#8331=DIRECTION('center_axis',(-1.,0.,0.));
#8332=DIRECTION('ref_axis',(0.,0.,1.));
#8333=DIRECTION('center_axis',(1.,0.,0.));
#8334=DIRECTION('ref_axis',(0.,0.,-1.));
#8335=DIRECTION('center_axis',(1.,0.,0.));
#8336=DIRECTION('ref_axis',(0.,0.,-1.));
#8337=DIRECTION('center_axis',(-1.66800334228539E-16,0.,1.));
#8338=DIRECTION('ref_axis',(1.,0.,1.66800334228539E-16));
#8339=DIRECTION('center_axis',(1.,0.,0.));
#8340=DIRECTION('ref_axis',(0.,0.,-1.));
#8341=DIRECTION('center_axis',(-1.66800334228539E-16,0.,1.));
#8342=DIRECTION('ref_axis',(1.,0.,1.66800334228539E-16));
#8343=DIRECTION('center_axis',(1.26807271635732E-16,0.,-1.));
#8344=DIRECTION('ref_axis',(-1.,0.,-1.26807271635732E-16));
#8345=DIRECTION('center_axis',(0.,0.,1.));
#8346=DIRECTION('ref_axis',(1.,0.,0.));
#8347=DIRECTION('center_axis',(-2.0289163461717E-16,0.,1.));
#8348=DIRECTION('ref_axis',(1.,0.,2.0289163461717E-16));
#8349=DIRECTION('center_axis',(0.,0.,1.));
#8350=DIRECTION('ref_axis',(1.,0.,0.));
#8351=DIRECTION('center_axis',(1.,0.,0.));
#8352=DIRECTION('ref_axis',(0.,0.,-1.));
#8353=DIRECTION('center_axis',(-1.,0.,0.));
#8354=DIRECTION('ref_axis',(0.,0.,1.));
#8355=DIRECTION('center_axis',(1.,0.,0.));
#8356=DIRECTION('ref_axis',(0.,0.,-1.));
#8357=DIRECTION('center_axis',(1.,0.,0.));
#8358=DIRECTION('ref_axis',(0.,0.,-1.));
#8359=DIRECTION('center_axis',(1.,0.,0.));
#8360=DIRECTION('ref_axis',(0.,0.,-1.));
#8361=DIRECTION('center_axis',(0.,1.,0.));
#8362=DIRECTION('ref_axis',(0.,0.,1.));
#8363=DIRECTION('center_axis',(0.,1.,0.));
#8364=DIRECTION('ref_axis',(0.,0.,1.));
#8365=DIRECTION('center_axis',(0.,1.,0.));
#8366=DIRECTION('ref_axis',(0.,0.,1.));
#8367=DIRECTION('center_axis',(0.,1.,0.));
#8368=DIRECTION('ref_axis',(0.,0.,1.));
#8369=DIRECTION('center_axis',(0.,0.,1.));
#8370=DIRECTION('ref_axis',(1.,0.,0.));
#8371=DIRECTION('',(0.,1.,0.));
#8372=DIRECTION('',(-8.0559692488289E-16,1.,0.));
#8373=DIRECTION('',(-1.,0.,0.));
#8374=DIRECTION('',(-8.0559692488289E-16,-1.,0.));
#8375=DIRECTION('',(1.,0.,0.));
#8376=DIRECTION('',(0.,1.,0.));
#8377=DIRECTION('center_axis',(0.,0.,-1.));
#8378=DIRECTION('ref_axis',(-1.,0.,0.));
#8379=DIRECTION('',(-1.,-1.23908819712629E-16,0.));
#8380=DIRECTION('',(-3.94255335449274E-16,1.,0.));
#8381=DIRECTION('',(0.,-1.,0.));
#8382=DIRECTION('',(0.,-1.,0.));
#8383=DIRECTION('',(-1.,0.,0.));
#8384=DIRECTION('',(0.,-1.,0.));
#8385=DIRECTION('center_axis',(0.,1.,-4.05309223359067E-16));
#8386=DIRECTION('ref_axis',(0.,4.05309223359067E-16,1.));
#8387=DIRECTION('',(-1.,0.,0.));
#8388=DIRECTION('',(0.,4.05309223359067E-16,1.));
#8389=DIRECTION('',(0.,-4.05309223359067E-16,-1.));
#8390=DIRECTION('',(0.,0.,1.));
#8391=DIRECTION('center_axis',(0.,8.0559692488289E-16,-1.));
#8392=DIRECTION('ref_axis',(0.,1.,8.0559692488289E-16));
#8393=DIRECTION('',(-1.,0.,0.));
#8394=DIRECTION('',(8.0559692488289E-16,-1.,0.));
#8395=DIRECTION('',(3.94255335449274E-16,-1.,-8.0559692488289E-16));
#8396=DIRECTION('',(-1.,-8.26058798084194E-17,-6.65470427509083E-32));
#8397=DIRECTION('',(0.,1.,8.0559692488289E-16));
#8398=DIRECTION('',(8.0559692488289E-16,1.,0.));
#8399=DIRECTION('center_axis',(0.,1.,0.));
#8400=DIRECTION('ref_axis',(0.,0.,1.));
#8401=DIRECTION('',(0.,0.,1.));
#8402=DIRECTION('',(0.,0.,1.));
#8403=DIRECTION('center_axis',(1.,0.,0.));
#8404=DIRECTION('ref_axis',(0.,0.,-1.));
#8405=DIRECTION('center_axis',(1.,0.,0.));
#8406=DIRECTION('ref_axis',(0.,0.,-1.));
#8407=DIRECTION('center_axis',(1.,3.94255335449274E-16,0.));
#8408=DIRECTION('ref_axis',(-3.94255335449274E-16,1.,0.));
#8409=DIRECTION('',(0.,0.,1.));
#8410=DIRECTION('',(3.94255335449274E-16,-1.,0.));
#8411=DIRECTION('',(0.,0.,1.));
#8412=DIRECTION('center_axis',(8.26058798084194E-17,-1.,0.));
#8413=DIRECTION('ref_axis',(1.,8.26058798084194E-17,0.));
#8414=DIRECTION('',(-1.,-8.26058798084194E-17,0.));
#8415=DIRECTION('',(0.,0.,1.));
#8416=DIRECTION('center_axis',(-1.,0.,0.));
#8417=DIRECTION('ref_axis',(0.,0.,1.));
#8418=DIRECTION('',(0.,1.,0.));
#8419=DIRECTION('',(0.,0.,1.));
#8420=DIRECTION('center_axis',(-1.23908819712629E-16,1.,0.));
#8421=DIRECTION('ref_axis',(-1.,-1.23908819712629E-16,0.));
#8422=DIRECTION('',(1.,1.23908819712629E-16,0.));
#8423=DIRECTION('center_axis',(0.,0.,1.));
#8424=DIRECTION('ref_axis',(1.,0.,0.));
#8425=DIRECTION('center_axis',(1.,-8.0559692488289E-16,0.));
#8426=DIRECTION('ref_axis',(8.0559692488289E-16,1.,0.));
#8427=DIRECTION('center_axis',(-1.,-8.0559692488289E-16,0.));
#8428=DIRECTION('ref_axis',(8.0559692488289E-16,-1.,0.));
#8429=DIRECTION('axis',(0.,0.,1.));
#8430=DIRECTION('refdir',(1.,0.,0.));
#8431=DIRECTION('center_axis',(0.,0.,-1.));
#8432=DIRECTION('ref_axis',(1.,0.,0.));
#8433=DIRECTION('center_axis',(0.,0.,-1.));
#8434=DIRECTION('ref_axis',(1.,0.,0.));
#8435=DIRECTION('',(0.,0.,-1.));
#8436=DIRECTION('center_axis',(0.,0.,1.));
#8437=DIRECTION('ref_axis',(1.,0.,0.));
#8438=DIRECTION('center_axis',(0.,0.,-1.));
#8439=DIRECTION('ref_axis',(1.,0.,0.));
#8440=DIRECTION('center_axis',(0.,0.,1.));
#8441=DIRECTION('ref_axis',(1.,0.,0.));
#8442=DIRECTION('center_axis',(0.,0.,-1.));
#8443=DIRECTION('ref_axis',(1.,0.,0.));
#8444=DIRECTION('center_axis',(0.,0.,-1.));
#8445=DIRECTION('ref_axis',(1.,0.,0.));
#8446=DIRECTION('center_axis',(0.,0.,-1.));
#8447=DIRECTION('ref_axis',(1.,0.,0.));
#8448=DIRECTION('center_axis',(0.,0.,-1.));
#8449=DIRECTION('ref_axis',(1.,0.,0.));
#8450=DIRECTION('center_axis',(0.,0.,-1.));
#8451=DIRECTION('ref_axis',(1.,0.,0.));
#8452=DIRECTION('',(0.,0.,-1.));
#8453=DIRECTION('center_axis',(0.,0.,1.));
#8454=DIRECTION('ref_axis',(1.,0.,0.));
#8455=DIRECTION('center_axis',(0.,0.,1.));
#8456=DIRECTION('ref_axis',(1.,0.,0.));
#8457=DIRECTION('center_axis',(0.,0.,-1.));
#8458=DIRECTION('ref_axis',(1.,0.,0.));
#8459=DIRECTION('center_axis',(0.,0.,-1.));
#8460=DIRECTION('ref_axis',(1.,0.,0.));
#8461=DIRECTION('center_axis',(0.,0.,-1.));
#8462=DIRECTION('ref_axis',(1.,0.,0.));
#8463=DIRECTION('center_axis',(0.,0.,-1.));
#8464=DIRECTION('ref_axis',(1.,0.,0.));
#8465=DIRECTION('',(0.,0.,-1.));
#8466=DIRECTION('center_axis',(0.,0.,1.));
#8467=DIRECTION('ref_axis',(1.,0.,0.));
#8468=DIRECTION('center_axis',(0.,0.,1.));
#8469=DIRECTION('ref_axis',(1.,0.,0.));
#8470=DIRECTION('center_axis',(0.,0.,-1.));
#8471=DIRECTION('ref_axis',(1.,0.,0.));
#8472=DIRECTION('center_axis',(0.,0.,-1.));
#8473=DIRECTION('ref_axis',(1.,0.,0.));
#8474=DIRECTION('',(0.,0.,-1.));
#8475=DIRECTION('center_axis',(0.,0.,1.));
#8476=DIRECTION('ref_axis',(1.,0.,0.));
#8477=DIRECTION('center_axis',(0.,0.,-1.));
#8478=DIRECTION('ref_axis',(1.,0.,0.));
#8479=DIRECTION('center_axis',(0.,0.,1.));
#8480=DIRECTION('ref_axis',(1.,0.,0.));
#8481=DIRECTION('center_axis',(0.,0.,-1.));
#8482=DIRECTION('ref_axis',(1.,0.,0.));
#8483=DIRECTION('center_axis',(0.,0.,1.));
#8484=DIRECTION('ref_axis',(1.,0.,0.));
#8485=DIRECTION('center_axis',(0.,0.,-1.));
#8486=DIRECTION('ref_axis',(1.,0.,0.));
#8487=DIRECTION('center_axis',(0.,0.,1.));
#8488=DIRECTION('ref_axis',(1.,0.,0.));
#8489=DIRECTION('center_axis',(0.,0.,1.));
#8490=DIRECTION('ref_axis',(1.,0.,0.));
#8491=DIRECTION('center_axis',(0.,0.,1.));
#8492=DIRECTION('ref_axis',(1.,0.,0.));
#8493=DIRECTION('center_axis',(0.,0.,1.));
#8494=DIRECTION('ref_axis',(1.,0.,0.));
#8495=DIRECTION('center_axis',(0.,0.,1.));
#8496=DIRECTION('ref_axis',(1.,0.,0.));
#8497=DIRECTION('center_axis',(0.,0.,1.));
#8498=DIRECTION('ref_axis',(1.,0.,0.));
#8499=DIRECTION('center_axis',(0.,0.,-1.));
#8500=DIRECTION('ref_axis',(1.,0.,0.));
#8501=DIRECTION('center_axis',(0.,0.,-1.));
#8502=DIRECTION('ref_axis',(1.,0.,0.));
#8503=DIRECTION('',(0.,0.,-1.));
#8504=DIRECTION('center_axis',(0.,0.,-1.));
#8505=DIRECTION('ref_axis',(1.,0.,0.));
#8506=DIRECTION('center_axis',(0.,0.,-1.));
#8507=DIRECTION('ref_axis',(1.,0.,0.));
#8508=DIRECTION('',(0.,0.,-1.));
#8509=DIRECTION('center_axis',(0.,0.,-1.));
#8510=DIRECTION('ref_axis',(1.,0.,0.));
#8511=DIRECTION('center_axis',(0.,0.,-1.));
#8512=DIRECTION('ref_axis',(1.,0.,0.));
#8513=DIRECTION('',(0.,0.,-1.));
#8514=DIRECTION('center_axis',(0.,0.,-1.));
#8515=DIRECTION('ref_axis',(1.,0.,0.));
#8516=DIRECTION('center_axis',(0.,0.,-1.));
#8517=DIRECTION('ref_axis',(1.,0.,0.));
#8518=DIRECTION('center_axis',(0.,0.,-1.));
#8519=DIRECTION('ref_axis',(1.,0.,0.));
#8520=DIRECTION('center_axis',(0.,0.,-1.));
#8521=DIRECTION('ref_axis',(1.,0.,0.));
#8522=DIRECTION('center_axis',(0.,0.,-1.));
#8523=DIRECTION('ref_axis',(1.,0.,0.));
#8524=DIRECTION('center_axis',(0.,0.,-1.));
#8525=DIRECTION('ref_axis',(1.,0.,0.));
#8526=DIRECTION('',(0.,0.,-1.));
#8527=DIRECTION('center_axis',(0.,0.,1.));
#8528=DIRECTION('ref_axis',(0.707106781186547,-0.707106781186547,0.));
#8529=DIRECTION('center_axis',(0.,0.,-1.));
#8530=DIRECTION('ref_axis',(0.707106781186547,-0.707106781186547,0.));
#8531=DIRECTION('',(0.,0.,-1.));
#8532=DIRECTION('center_axis',(0.,0.,1.));
#8533=DIRECTION('ref_axis',(0.707106781186547,-0.707106781186547,0.));
#8534=DIRECTION('',(0.,0.,1.));
#8535=DIRECTION('center_axis',(1.,0.,0.));
#8536=DIRECTION('ref_axis',(0.,1.,0.));
#8537=DIRECTION('',(0.,-1.,0.));
#8538=DIRECTION('',(0.,0.,-1.));
#8539=DIRECTION('',(0.,1.,0.));
#8540=DIRECTION('center_axis',(0.,0.,1.));
#8541=DIRECTION('ref_axis',(1.,0.,0.));
#8542=DIRECTION('',(-1.,0.,0.));
#8543=DIRECTION('center_axis',(0.,0.,1.));
#8544=DIRECTION('ref_axis',(-0.707106781186547,-0.707106781186547,0.));
#8545=DIRECTION('',(0.,1.,0.));
#8546=DIRECTION('center_axis',(0.,0.,1.));
#8547=DIRECTION('ref_axis',(-0.707106781186547,0.707106781186547,0.));
#8548=DIRECTION('',(1.,0.,0.));
#8549=DIRECTION('center_axis',(0.,0.,1.));
#8550=DIRECTION('ref_axis',(0.707106781186547,0.707106781186547,0.));
#8551=DIRECTION('center_axis',(0.,0.,-1.));
#8552=DIRECTION('ref_axis',(0.,1.,0.));
#8553=DIRECTION('',(-1.,0.,0.));
#8554=DIRECTION('center_axis',(0.,0.,-1.));
#8555=DIRECTION('ref_axis',(0.,-1.,0.));
#8556=DIRECTION('',(1.,4.44089203232618E-16,0.));
#8557=DIRECTION('center_axis',(0.,0.,-1.));
#8558=DIRECTION('ref_axis',(0.,1.,0.));
#8559=DIRECTION('',(-1.,0.,0.));
#8560=DIRECTION('center_axis',(0.,0.,-1.));
#8561=DIRECTION('ref_axis',(0.,-1.,0.));
#8562=DIRECTION('',(1.,0.,0.));
#8563=DIRECTION('center_axis',(0.,0.,-1.));
#8564=DIRECTION('ref_axis',(0.,1.,0.));
#8565=DIRECTION('',(-1.,0.,0.));
#8566=DIRECTION('center_axis',(0.,0.,-1.));
#8567=DIRECTION('ref_axis',(0.,-1.,0.));
#8568=DIRECTION('',(1.,0.,0.));
#8569=DIRECTION('center_axis',(0.,0.,1.));
#8570=DIRECTION('ref_axis',(-1.,0.,0.));
#8571=DIRECTION('center_axis',(0.,0.,1.));
#8572=DIRECTION('ref_axis',(-1.,0.,0.));
#8573=DIRECTION('center_axis',(0.,0.,1.));
#8574=DIRECTION('ref_axis',(-1.,0.,0.));
#8575=DIRECTION('center_axis',(0.,0.,1.));
#8576=DIRECTION('ref_axis',(-1.,0.,0.));
#8577=DIRECTION('center_axis',(0.,0.,1.));
#8578=DIRECTION('ref_axis',(1.,0.,0.));
#8579=DIRECTION('center_axis',(0.,0.,1.));
#8580=DIRECTION('ref_axis',(-0.707106781186547,-0.707106781186547,0.));
#8581=DIRECTION('center_axis',(0.,0.,-1.));
#8582=DIRECTION('ref_axis',(-0.707106781186547,-0.707106781186547,0.));
#8583=DIRECTION('',(0.,0.,-1.));
#8584=DIRECTION('',(0.,0.,1.));
#8585=DIRECTION('center_axis',(-1.,0.,0.));
#8586=DIRECTION('ref_axis',(0.,-1.,0.));
#8587=DIRECTION('',(0.,-1.,0.));
#8588=DIRECTION('',(0.,0.,1.));
#8589=DIRECTION('center_axis',(0.,0.,1.));
#8590=DIRECTION('ref_axis',(-0.707106781186547,0.707106781186547,0.));
#8591=DIRECTION('center_axis',(0.,0.,-1.));
#8592=DIRECTION('ref_axis',(-0.707106781186547,0.707106781186547,0.));
#8593=DIRECTION('',(0.,0.,-1.));
#8594=DIRECTION('center_axis',(0.,0.,1.));
#8595=DIRECTION('ref_axis',(0.707106781186547,0.707106781186547,0.));
#8596=DIRECTION('center_axis',(0.,0.,-1.));
#8597=DIRECTION('ref_axis',(0.707106781186547,0.707106781186547,0.));
#8598=DIRECTION('',(0.,0.,1.));
#8599=DIRECTION('center_axis',(0.,0.,-1.));
#8600=DIRECTION('ref_axis',(-1.,0.,0.));
#8601=DIRECTION('center_axis',(0.,0.,1.));
#8602=DIRECTION('ref_axis',(-1.,0.,0.));
#8603=DIRECTION('',(0.,0.,-1.));
#8604=DIRECTION('center_axis',(0.,0.,1.));
#8605=DIRECTION('ref_axis',(-1.,0.,0.));
#8606=DIRECTION('center_axis',(0.,0.,-1.));
#8607=DIRECTION('ref_axis',(-1.,0.,0.));
#8608=DIRECTION('center_axis',(0.,0.,-1.));
#8609=DIRECTION('ref_axis',(-1.,0.,0.));
#8610=DIRECTION('',(0.,0.,-1.));
#8611=DIRECTION('center_axis',(0.,0.,-1.));
#8612=DIRECTION('ref_axis',(-1.,0.,0.));
#8613=DIRECTION('center_axis',(0.,0.,1.));
#8614=DIRECTION('ref_axis',(-1.,0.,0.));
#8615=DIRECTION('center_axis',(0.,0.,1.));
#8616=DIRECTION('ref_axis',(1.,0.,0.));
#8617=DIRECTION('center_axis',(0.,0.,1.));
#8618=DIRECTION('ref_axis',(1.,0.,0.));
#8619=DIRECTION('center_axis',(0.,0.,-1.));
#8620=DIRECTION('ref_axis',(1.,0.,0.));
#8621=DIRECTION('',(0.,0.,1.));
#8622=DIRECTION('center_axis',(0.,0.,-1.));
#8623=DIRECTION('ref_axis',(1.,0.,0.));
#8624=DIRECTION('',(1.,0.,0.));
#8625=DIRECTION('center_axis',(0.,0.,-1.));
#8626=DIRECTION('ref_axis',(1.,0.,0.));
#8627=DIRECTION('',(0.,-1.,0.));
#8628=DIRECTION('center_axis',(0.,0.,-1.));
#8629=DIRECTION('ref_axis',(1.,0.,0.));
#8630=DIRECTION('center_axis',(0.,0.,-1.));
#8631=DIRECTION('ref_axis',(1.,0.,0.));
#8632=DIRECTION('',(-1.,0.,0.));
#8633=DIRECTION('center_axis',(0.,0.,-1.));
#8634=DIRECTION('ref_axis',(1.,0.,0.));
#8635=DIRECTION('',(0.,1.,0.));
#8636=DIRECTION('center_axis',(0.,0.,1.));
#8637=DIRECTION('ref_axis',(1.,0.,0.));
#8638=DIRECTION('center_axis',(0.,0.,1.));
#8639=DIRECTION('ref_axis',(-1.,0.,0.));
#8640=DIRECTION('',(0.,0.,1.));
#8641=DIRECTION('center_axis',(0.,0.,1.));
#8642=DIRECTION('ref_axis',(-1.,0.,0.));
#8643=DIRECTION('center_axis',(0.,0.,1.));
#8644=DIRECTION('ref_axis',(-1.,0.,0.));
#8645=DIRECTION('center_axis',(0.,0.,1.));
#8646=DIRECTION('ref_axis',(-1.,0.,0.));
#8647=DIRECTION('',(0.,0.,1.));
#8648=DIRECTION('center_axis',(0.,0.,1.));
#8649=DIRECTION('ref_axis',(-1.,0.,0.));
#8650=DIRECTION('center_axis',(0.,0.,1.));
#8651=DIRECTION('ref_axis',(-1.,0.,0.));
#8652=DIRECTION('center_axis',(0.,0.,1.));
#8653=DIRECTION('ref_axis',(-1.,0.,0.));
#8654=DIRECTION('',(0.,0.,1.));
#8655=DIRECTION('center_axis',(0.,0.,1.));
#8656=DIRECTION('ref_axis',(-1.,0.,0.));
#8657=DIRECTION('center_axis',(0.,0.,1.));
#8658=DIRECTION('ref_axis',(-1.,0.,0.));
#8659=DIRECTION('center_axis',(0.,0.,1.));
#8660=DIRECTION('ref_axis',(-1.,0.,0.));
#8661=DIRECTION('',(0.,0.,1.));
#8662=DIRECTION('center_axis',(0.,0.,1.));
#8663=DIRECTION('ref_axis',(-1.,0.,0.));
#8664=DIRECTION('center_axis',(0.,0.,1.));
#8665=DIRECTION('ref_axis',(-1.,0.,0.));
#8666=DIRECTION('center_axis',(0.,0.,1.));
#8667=DIRECTION('ref_axis',(1.,0.,0.));
#8668=DIRECTION('',(0.,0.,1.));
#8669=DIRECTION('center_axis',(0.,0.,-1.));
#8670=DIRECTION('ref_axis',(1.,0.,0.));
#8671=DIRECTION('center_axis',(0.,0.,1.));
#8672=DIRECTION('ref_axis',(1.,0.,0.));
#8673=DIRECTION('center_axis',(0.,0.,1.));
#8674=DIRECTION('ref_axis',(1.,0.,0.));
#8675=DIRECTION('center_axis',(0.,1.,0.));
#8676=DIRECTION('ref_axis',(-1.,0.,0.));
#8677=DIRECTION('',(0.,0.,1.));
#8678=DIRECTION('',(-1.,0.,0.));
#8679=DIRECTION('',(0.,0.,1.));
#8680=DIRECTION('center_axis',(0.,0.,1.));
#8681=DIRECTION('ref_axis',(0.,-1.,0.));
#8682=DIRECTION('center_axis',(0.,0.,-1.));
#8683=DIRECTION('ref_axis',(0.,-1.,0.));
#8684=DIRECTION('',(0.,0.,1.));
#8685=DIRECTION('center_axis',(4.44089203232618E-16,-1.,0.));
#8686=DIRECTION('ref_axis',(1.,4.44089203232618E-16,0.));
#8687=DIRECTION('',(1.,4.44089203232618E-16,0.));
#8688=DIRECTION('',(0.,0.,1.));
#8689=DIRECTION('center_axis',(0.,0.,1.));
#8690=DIRECTION('ref_axis',(0.,1.,0.));
#8691=DIRECTION('center_axis',(0.,0.,-1.));
#8692=DIRECTION('ref_axis',(0.,1.,0.));
#8693=DIRECTION('center_axis',(0.,1.,0.));
#8694=DIRECTION('ref_axis',(-1.,0.,0.));
#8695=DIRECTION('',(0.,0.,1.));
#8696=DIRECTION('',(-1.,0.,0.));
#8697=DIRECTION('',(0.,0.,1.));
#8698=DIRECTION('center_axis',(0.,0.,1.));
#8699=DIRECTION('ref_axis',(0.,-1.,0.));
#8700=DIRECTION('center_axis',(0.,0.,-1.));
#8701=DIRECTION('ref_axis',(0.,-1.,0.));
#8702=DIRECTION('',(0.,0.,1.));
#8703=DIRECTION('center_axis',(0.,-1.,0.));
#8704=DIRECTION('ref_axis',(1.,0.,0.));
#8705=DIRECTION('',(1.,0.,0.));
#8706=DIRECTION('',(0.,0.,1.));
#8707=DIRECTION('center_axis',(0.,0.,1.));
#8708=DIRECTION('ref_axis',(0.,1.,0.));
#8709=DIRECTION('center_axis',(0.,0.,-1.));
#8710=DIRECTION('ref_axis',(0.,1.,0.));
#8711=DIRECTION('center_axis',(0.,1.,0.));
#8712=DIRECTION('ref_axis',(-1.,0.,0.));
#8713=DIRECTION('',(0.,0.,1.));
#8714=DIRECTION('',(-1.,0.,0.));
#8715=DIRECTION('',(0.,0.,1.));
#8716=DIRECTION('center_axis',(0.,0.,1.));
#8717=DIRECTION('ref_axis',(0.,-1.,0.));
#8718=DIRECTION('center_axis',(0.,0.,-1.));
#8719=DIRECTION('ref_axis',(0.,-1.,0.));
#8720=DIRECTION('',(0.,0.,1.));
#8721=DIRECTION('center_axis',(0.,-1.,0.));
#8722=DIRECTION('ref_axis',(1.,0.,0.));
#8723=DIRECTION('',(1.,0.,0.));
#8724=DIRECTION('',(0.,0.,1.));
#8725=DIRECTION('center_axis',(0.,0.,1.));
#8726=DIRECTION('ref_axis',(0.,1.,0.));
#8727=DIRECTION('center_axis',(0.,0.,-1.));
#8728=DIRECTION('ref_axis',(0.,1.,0.));
#8729=DIRECTION('center_axis',(0.,0.,1.));
#8730=DIRECTION('ref_axis',(1.,0.,0.));
#8731=DIRECTION('',(0.,0.,-1.));
#8732=DIRECTION('center_axis',(0.,1.,0.));
#8733=DIRECTION('ref_axis',(-1.,0.,0.));
#8734=DIRECTION('',(-1.,0.,0.));
#8735=DIRECTION('center_axis',(0.,-1.,0.));
#8736=DIRECTION('ref_axis',(1.,0.,0.));
#8737=DIRECTION('',(1.,0.,0.));
#8738=DIRECTION('center_axis',(0.,0.,1.));
#8739=DIRECTION('ref_axis',(1.,0.,0.));
#8740=DIRECTION('center_axis',(0.,0.,1.));
#8741=DIRECTION('ref_axis',(1.,0.,0.));
#8742=DIRECTION('center_axis',(1.93082265152201E-16,-1.,0.));
#8743=DIRECTION('ref_axis',(-1.,-1.93082265152201E-16,0.));
#8744=DIRECTION('center_axis',(0.,0.,-1.));
#8745=DIRECTION('ref_axis',(1.,0.,0.));
#8746=DIRECTION('',(0.,-1.,2.62290189567693E-15));
#8747=DIRECTION('',(1.,-7.72133638420204E-85,7.03509387956097E-55));
#8748=DIRECTION('',(-1.05879118406788E-22,6.90602931108095E-38,1.));
#8749=DIRECTION('',(-1.,-3.48332473976143E-15,-1.05879118406788E-22));
#8750=DIRECTION('',(0.,-1.,-6.23112672570869E-15));
#8751=DIRECTION('',(1.,0.,0.));
#8752=CARTESIAN_POINT('',(0.,0.,0.));
#8753=CARTESIAN_POINT('',(0.,0.,0.));
#8754=CARTESIAN_POINT('Origin',(6.46410234056287,-67.,0.));
#8755=CARTESIAN_POINT('',(6.46410234056287,-65.,0.));
#8756=CARTESIAN_POINT('',(4.73205124478724,-66.0000004991889,0.));
#8757=CARTESIAN_POINT('Origin',(6.46410234056287,-67.,0.));
#8758=CARTESIAN_POINT('',(4.73205124478724,-66.0000004991889,5.));
#8759=CARTESIAN_POINT('',(4.73205124478724,-66.0000004991889,0.));
#8760=CARTESIAN_POINT('',(6.46410234056287,-65.,5.));
#8761=CARTESIAN_POINT('Origin',(6.46410234056287,-67.,5.));
#8762=CARTESIAN_POINT('',(6.46410234056287,-65.,0.));
#8763=CARTESIAN_POINT('Origin',(3.00000014901161,-65.0000009983778,0.));
#8764=CARTESIAN_POINT('',(3.00000014901161,-67.0000009983778,0.));
#8765=CARTESIAN_POINT('Origin',(3.00000014901161,-65.0000009983778,0.));
#8766=CARTESIAN_POINT('',(3.00000014901161,-67.0000009983778,5.));
#8767=CARTESIAN_POINT('',(3.00000014901161,-67.0000009983778,0.));
#8768=CARTESIAN_POINT('Origin',(3.00000014901161,-65.0000009983778,5.));
#8769=CARTESIAN_POINT('Origin',(-8.88178419700125E-15,8.88178419700125E-15,
0.));
#8770=CARTESIAN_POINT('',(-44.,-60.,0.));
#8771=CARTESIAN_POINT('',(-35.,-69.,0.));
#8772=CARTESIAN_POINT('Origin',(-35.,-60.,0.));
#8773=CARTESIAN_POINT('',(-44.,60.,0.));
#8774=CARTESIAN_POINT('',(-44.,30.,0.));
#8775=CARTESIAN_POINT('',(-35.,69.,0.));
#8776=CARTESIAN_POINT('Origin',(-35.,60.,0.));
#8777=CARTESIAN_POINT('',(35.,69.,0.));
#8778=CARTESIAN_POINT('',(17.5,69.,0.));
#8779=CARTESIAN_POINT('',(44.,60.,0.));
#8780=CARTESIAN_POINT('Origin',(35.,60.,0.));
#8781=CARTESIAN_POINT('',(44.,-60.,0.));
#8782=CARTESIAN_POINT('',(44.,-30.,0.));
#8783=CARTESIAN_POINT('',(35.,-69.,0.));
#8784=CARTESIAN_POINT('Origin',(35.,-60.,0.));
#8785=CARTESIAN_POINT('',(-17.5,-69.,0.));
#8786=CARTESIAN_POINT('',(35.,-65.,0.));
#8787=CARTESIAN_POINT('',(35.,-65.,0.));
#8788=CARTESIAN_POINT('',(40.,-60.,0.));
#8789=CARTESIAN_POINT('Origin',(35.,-60.,0.));
#8790=CARTESIAN_POINT('',(40.,60.,0.));
#8791=CARTESIAN_POINT('',(40.,60.,0.));
#8792=CARTESIAN_POINT('',(35.,65.,0.));
#8793=CARTESIAN_POINT('Origin',(35.,60.,0.));
#8794=CARTESIAN_POINT('',(-35.,65.,0.));
#8795=CARTESIAN_POINT('',(-35.,65.,0.));
#8796=CARTESIAN_POINT('',(-40.,60.,0.));
#8797=CARTESIAN_POINT('Origin',(-35.,60.,0.));
#8798=CARTESIAN_POINT('',(-40.,-60.,0.));
#8799=CARTESIAN_POINT('',(-40.,-60.,0.));
#8800=CARTESIAN_POINT('',(-35.,-65.,0.));
#8801=CARTESIAN_POINT('Origin',(-35.,-60.,0.));
#8802=CARTESIAN_POINT('',(-6.46410219155126,-65.,0.));
#8803=CARTESIAN_POINT('',(35.,-65.,0.));
#8804=CARTESIAN_POINT('',(-4.73205109577563,-66.0000004991889,0.));
#8805=CARTESIAN_POINT('Origin',(-6.46410219155126,-67.,0.));
#8806=CARTESIAN_POINT('',(-3.,-67.0000009983778,0.));
#8807=CARTESIAN_POINT('Origin',(-3.,-65.0000009983778,0.));
#8808=CARTESIAN_POINT('',(-2.5,-67.0000009983778,0.));
#8809=CARTESIAN_POINT('Origin',(-6.46410219155126,-67.,0.));
#8810=CARTESIAN_POINT('',(-6.46410219155126,-65.,5.));
#8811=CARTESIAN_POINT('',(-6.46410219155126,-65.,0.));
#8812=CARTESIAN_POINT('',(-4.73205109577563,-66.0000004991889,5.));
#8813=CARTESIAN_POINT('Origin',(-6.46410219155126,-67.,5.));
#8814=CARTESIAN_POINT('',(-4.73205109577563,-66.0000004991889,0.));
#8815=CARTESIAN_POINT('Origin',(-3.,-65.0000009983778,0.));
#8816=CARTESIAN_POINT('',(-3.,-67.0000009983778,5.));
#8817=CARTESIAN_POINT('Origin',(-3.,-65.0000009983778,5.));
#8818=CARTESIAN_POINT('',(-3.,-67.0000009983778,0.));
#8819=CARTESIAN_POINT('Origin',(7.45058059692383E-8,-65.0000009685755,5.));
#8820=CARTESIAN_POINT('',(-5.,-67.0000009983778,5.));
#8821=CARTESIAN_POINT('',(-17.4999999627471,-65.,5.));
#8822=CARTESIAN_POINT('Origin',(-5.,-67.0000009983778,0.));
#8823=CARTESIAN_POINT('Origin',(-35.,-65.,0.));
#8824=CARTESIAN_POINT('',(-35.,-65.,70.));
#8825=CARTESIAN_POINT('',(-35.,-65.,0.));
#8826=CARTESIAN_POINT('',(35.,-65.,70.));
#8827=CARTESIAN_POINT('',(35.,-65.,70.));
#8828=CARTESIAN_POINT('',(35.,-65.,0.));
#8829=CARTESIAN_POINT('Origin',(-40.,60.,0.));
#8830=CARTESIAN_POINT('',(-40.,60.,70.));
#8831=CARTESIAN_POINT('',(-40.,60.,0.));
#8832=CARTESIAN_POINT('',(-40.,-60.,70.));
#8833=CARTESIAN_POINT('',(-40.,-60.,70.));
#8834=CARTESIAN_POINT('',(-40.,-60.,0.));
#8835=CARTESIAN_POINT('Origin',(-35.,60.,0.));
#8836=CARTESIAN_POINT('',(-35.,65.,70.));
#8837=CARTESIAN_POINT('',(-35.,65.,0.));
#8838=CARTESIAN_POINT('Origin',(-35.,60.,70.));
#8839=CARTESIAN_POINT('Origin',(35.,65.,0.));
#8840=CARTESIAN_POINT('',(35.,65.,70.));
#8841=CARTESIAN_POINT('',(35.,65.,0.));
#8842=CARTESIAN_POINT('',(-35.,65.,70.));
#8843=CARTESIAN_POINT('Origin',(35.,60.,0.));
#8844=CARTESIAN_POINT('',(40.,60.,70.));
#8845=CARTESIAN_POINT('',(40.,60.,0.));
#8846=CARTESIAN_POINT('Origin',(35.,60.,70.));
#8847=CARTESIAN_POINT('Origin',(40.,-60.,0.));
#8848=CARTESIAN_POINT('',(40.,-60.,70.));
#8849=CARTESIAN_POINT('',(40.,-60.,0.));
#8850=CARTESIAN_POINT('',(40.,60.,70.));
#8851=CARTESIAN_POINT('Origin',(35.,-60.,0.));
#8852=CARTESIAN_POINT('Origin',(35.,-60.,70.));
#8853=CARTESIAN_POINT('Origin',(-35.,-60.,0.));
#8854=CARTESIAN_POINT('Origin',(-35.,-60.,70.));
#8855=CARTESIAN_POINT('Origin',(-44.,60.,0.));
#8856=CARTESIAN_POINT('',(-44.,-60.,70.));
#8857=CARTESIAN_POINT('',(-44.,-60.,0.));
#8858=CARTESIAN_POINT('',(-44.,60.,70.));
#8859=CARTESIAN_POINT('',(-44.,30.,70.));
#8860=CARTESIAN_POINT('',(-44.,60.,0.));
#8861=CARTESIAN_POINT('Origin',(-35.,60.,0.));
#8862=CARTESIAN_POINT('',(-35.,69.,70.));
#8863=CARTESIAN_POINT('Origin',(-35.,60.,70.));
#8864=CARTESIAN_POINT('',(-35.,69.,0.));
#8865=CARTESIAN_POINT('Origin',(35.,69.,0.));
#8866=CARTESIAN_POINT('',(35.,69.,70.));
#8867=CARTESIAN_POINT('',(17.5,69.,70.));
#8868=CARTESIAN_POINT('',(35.,69.,0.));
#8869=CARTESIAN_POINT('Origin',(35.,60.,0.));
#8870=CARTESIAN_POINT('',(44.,60.,70.));
#8871=CARTESIAN_POINT('Origin',(35.,60.,70.));
#8872=CARTESIAN_POINT('',(44.,60.,0.));
#8873=CARTESIAN_POINT('Origin',(44.,-60.,0.));
#8874=CARTESIAN_POINT('',(44.,-60.,70.));
#8875=CARTESIAN_POINT('',(44.,-30.,70.));
#8876=CARTESIAN_POINT('',(44.,-60.,0.));
#8877=CARTESIAN_POINT('Origin',(35.,-60.,0.));
#8878=CARTESIAN_POINT('',(35.,-69.,70.));
#8879=CARTESIAN_POINT('Origin',(35.,-60.,70.));
#8880=CARTESIAN_POINT('',(35.,-69.,0.));
#8881=CARTESIAN_POINT('Origin',(-35.,-69.,0.));
#8882=CARTESIAN_POINT('',(-35.,-69.,70.));
#8883=CARTESIAN_POINT('',(-17.5,-69.,70.));
#8884=CARTESIAN_POINT('',(-35.,-69.,0.));
#8885=CARTESIAN_POINT('Origin',(-35.,-60.,0.));
#8886=CARTESIAN_POINT('Origin',(-35.,-60.,70.));
#8887=CARTESIAN_POINT('Origin',(-8.88178419700125E-15,8.88178419700125E-15,
70.));
#8888=CARTESIAN_POINT('Origin',(35.,-60.,65.));
#8889=CARTESIAN_POINT('',(36.5,-60.,63.));
#8890=CARTESIAN_POINT('Origin',(35.,-60.,63.));
#8891=CARTESIAN_POINT('',(36.5,-60.,65.));
#8892=CARTESIAN_POINT('',(36.5,-60.,65.));
#8893=CARTESIAN_POINT('Origin',(35.,-60.,65.));
#8894=CARTESIAN_POINT('Origin',(-35.,60.,65.));
#8895=CARTESIAN_POINT('',(-33.5,60.,63.));
#8896=CARTESIAN_POINT('Origin',(-35.,60.,63.));
#8897=CARTESIAN_POINT('',(-33.5,60.,65.));
#8898=CARTESIAN_POINT('',(-33.5,60.,65.));
#8899=CARTESIAN_POINT('Origin',(-35.,60.,65.));
#8900=CARTESIAN_POINT('Origin',(-32.5,57.5,65.));
#8901=CARTESIAN_POINT('',(-32.5,-57.5,65.));
#8902=CARTESIAN_POINT('',(-32.5,57.5,65.));
#8903=CARTESIAN_POINT('',(-32.5,-57.5,65.));
#8904=CARTESIAN_POINT('',(-32.5,-57.5,63.));
#8905=CARTESIAN_POINT('',(-32.5,-57.5,65.));
#8906=CARTESIAN_POINT('',(-32.5,57.5,63.));
#8907=CARTESIAN_POINT('',(-32.5,-57.5,63.));
#8908=CARTESIAN_POINT('',(-32.5,57.5,65.));
#8909=CARTESIAN_POINT('Origin',(32.5,57.5,65.));
#8910=CARTESIAN_POINT('',(32.5,57.5,65.));
#8911=CARTESIAN_POINT('',(-32.5,57.5,65.));
#8912=CARTESIAN_POINT('',(32.5,57.5,63.));
#8913=CARTESIAN_POINT('',(-32.5,57.5,63.));
#8914=CARTESIAN_POINT('',(32.5,57.5,65.));
#8915=CARTESIAN_POINT('Origin',(32.5,-57.5,65.));
#8916=CARTESIAN_POINT('',(32.5,-57.5,65.));
#8917=CARTESIAN_POINT('',(32.5,57.5,65.));
#8918=CARTESIAN_POINT('',(32.5,-57.5,63.));
#8919=CARTESIAN_POINT('',(32.5,57.5,63.));
#8920=CARTESIAN_POINT('',(32.5,-57.5,65.));
#8921=CARTESIAN_POINT('Origin',(-32.5,-57.5,65.));
#8922=CARTESIAN_POINT('',(32.5,-57.5,65.));
#8923=CARTESIAN_POINT('',(32.5,-57.5,63.));
#8924=CARTESIAN_POINT('Origin',(35.,60.,65.));
#8925=CARTESIAN_POINT('',(36.5,60.,63.));
#8926=CARTESIAN_POINT('Origin',(35.,60.,63.));
#8927=CARTESIAN_POINT('',(36.5,60.,65.));
#8928=CARTESIAN_POINT('',(36.5,60.,65.));
#8929=CARTESIAN_POINT('Origin',(35.,60.,65.));
#8930=CARTESIAN_POINT('Origin',(-35.,-60.,65.));
#8931=CARTESIAN_POINT('',(-33.5,-60.,63.));
#8932=CARTESIAN_POINT('Origin',(-35.,-60.,63.));
#8933=CARTESIAN_POINT('',(-33.5,-60.,65.));
#8934=CARTESIAN_POINT('',(-33.5,-60.,65.));
#8935=CARTESIAN_POINT('Origin',(-35.,-60.,65.));
#8936=CARTESIAN_POINT('Origin',(40.0000005960464,60.,65.));
#8937=CARTESIAN_POINT('',(40.0000005960464,-60.,65.));
#8938=CARTESIAN_POINT('',(40.0000005960464,60.,65.));
#8939=CARTESIAN_POINT('',(40.0000005960464,-65.0000009685755,65.));
#8940=CARTESIAN_POINT('',(40.0000005960464,-60.,63.));
#8941=CARTESIAN_POINT('',(40.0000005960464,-60.,65.));
#8942=CARTESIAN_POINT('',(40.0000005960464,60.,63.));
#8943=CARTESIAN_POINT('',(40.0000005960464,-65.0000009685755,63.));
#8944=CARTESIAN_POINT('',(40.0000005960464,60.,65.));
#8945=CARTESIAN_POINT('Origin',(35.,60.,65.));
#8946=CARTESIAN_POINT('',(35.,65.0000009685755,65.));
#8947=CARTESIAN_POINT('Origin',(35.,60.,65.));
#8948=CARTESIAN_POINT('',(35.,65.0000009685755,63.));
#8949=CARTESIAN_POINT('Origin',(35.,60.,63.));
#8950=CARTESIAN_POINT('',(35.,65.0000009685755,65.));
#8951=CARTESIAN_POINT('Origin',(-35.,65.0000009685755,65.));
#8952=CARTESIAN_POINT('',(-35.,65.0000009685755,65.));
#8953=CARTESIAN_POINT('',(40.0000005960464,65.0000009685755,65.));
#8954=CARTESIAN_POINT('',(-35.,65.0000009685755,63.));
#8955=CARTESIAN_POINT('',(40.0000005960464,65.0000009685755,63.));
#8956=CARTESIAN_POINT('',(-35.,65.0000009685755,65.));
#8957=CARTESIAN_POINT('Origin',(-35.,60.,65.));
#8958=CARTESIAN_POINT('',(-40.0000005960464,60.,65.));
#8959=CARTESIAN_POINT('Origin',(-35.,60.,65.));
#8960=CARTESIAN_POINT('',(-40.0000005960464,60.,63.));
#8961=CARTESIAN_POINT('Origin',(-35.,60.,63.));
#8962=CARTESIAN_POINT('',(-40.0000005960464,60.,65.));
#8963=CARTESIAN_POINT('Origin',(-40.0000005960464,-60.,65.));
#8964=CARTESIAN_POINT('',(-40.0000005960464,-60.,65.));
#8965=CARTESIAN_POINT('',(-40.0000005960464,65.0000009685755,65.));
#8966=CARTESIAN_POINT('',(-40.0000005960464,-60.,63.));
#8967=CARTESIAN_POINT('',(-40.0000005960464,65.0000009685755,63.));
#8968=CARTESIAN_POINT('',(-40.0000005960464,-60.,65.));
#8969=CARTESIAN_POINT('Origin',(-35.,-60.,65.));
#8970=CARTESIAN_POINT('',(-35.,-65.0000009685755,65.));
#8971=CARTESIAN_POINT('Origin',(-35.,-60.,65.));
#8972=CARTESIAN_POINT('',(-35.,-65.0000009685755,63.));
#8973=CARTESIAN_POINT('Origin',(-35.,-60.,63.));
#8974=CARTESIAN_POINT('',(-35.,-65.0000009685755,65.));
#8975=CARTESIAN_POINT('Origin',(35.,-65.0000009685755,65.));
#8976=CARTESIAN_POINT('',(35.,-65.0000009685755,65.));
#8977=CARTESIAN_POINT('',(-40.0000005960464,-65.0000009685755,65.));
#8978=CARTESIAN_POINT('',(35.,-65.0000009685755,63.));
#8979=CARTESIAN_POINT('',(-40.0000005960464,-65.0000009685755,63.));
#8980=CARTESIAN_POINT('',(35.,-65.0000009685755,65.));
#8981=CARTESIAN_POINT('Origin',(35.,-60.,65.));
#8982=CARTESIAN_POINT('Origin',(35.,-60.,65.));
#8983=CARTESIAN_POINT('Origin',(35.,-60.,63.));
#8984=CARTESIAN_POINT('Origin',(0.,0.,65.));
#8985=CARTESIAN_POINT('Origin',(0.,0.,63.));
#8986=CARTESIAN_POINT('Origin',(-1.58254866752696,-56.,-0.5));
#8987=CARTESIAN_POINT('',(3.41745133247304,-56.,-3.));
#8988=CARTESIAN_POINT('Origin',(-1.58254866752696,-56.,-3.));
#8989=CARTESIAN_POINT('',(3.41745133247304,-56.,-1.));
#8990=CARTESIAN_POINT('',(3.41745133247304,-56.,-0.5));
#8991=CARTESIAN_POINT('Origin',(-1.58254866752696,-56.,-1.));
#8992=CARTESIAN_POINT('Origin',(6.32842833638808,-67.5,0.));
#8993=CARTESIAN_POINT('',(6.32842833638808,-69.,0.));
#8994=CARTESIAN_POINT('',(4.91421495050501,-68.0000004991889,0.));
#8995=CARTESIAN_POINT('Origin',(6.32842833638808,-67.5,0.));
#8996=CARTESIAN_POINT('',(4.91421495049625,-68.0000004991642,-1.58578661409945));
#8997=CARTESIAN_POINT('',(4.91421495050501,-68.0000004991889,0.));
#8998=CARTESIAN_POINT('',(6.32842833638808,-69.,-3.));
#8999=CARTESIAN_POINT('Origin',(6.32842833638808,-67.5,-3.));
#9000=CARTESIAN_POINT('',(6.32842833638808,-69.,0.));
#9001=CARTESIAN_POINT('Origin',(0.,8.88178419700125E-15,0.));
#9002=CARTESIAN_POINT('',(35.,-69.,0.));
#9003=CARTESIAN_POINT('',(-17.5,-69.,0.));
#9004=CARTESIAN_POINT('',(44.,-60.,0.));
#9005=CARTESIAN_POINT('Origin',(35.,-60.,0.));
#9006=CARTESIAN_POINT('',(44.,60.,0.));
#9007=CARTESIAN_POINT('',(44.,-30.,0.));
#9008=CARTESIAN_POINT('',(35.,69.,0.));
#9009=CARTESIAN_POINT('Origin',(35.,60.,0.));
#9010=CARTESIAN_POINT('',(-35.,69.,0.));
#9011=CARTESIAN_POINT('',(17.5,69.,0.));
#9012=CARTESIAN_POINT('',(-44.,60.,0.));
#9013=CARTESIAN_POINT('Origin',(-35.,60.,0.));
#9014=CARTESIAN_POINT('',(-44.,-60.,0.));
#9015=CARTESIAN_POINT('',(-44.,30.,0.));
#9016=CARTESIAN_POINT('',(-35.,-69.,0.));
#9017=CARTESIAN_POINT('Origin',(-35.,-60.,0.));
#9018=CARTESIAN_POINT('',(-6.32842520714421,-69.,0.));
#9019=CARTESIAN_POINT('',(-17.5,-69.,0.));
#9020=CARTESIAN_POINT('',(-4.91421182126114,-68.0000004991889,0.));
#9021=CARTESIAN_POINT('Origin',(-6.32842520714421,-67.5,0.));
#9022=CARTESIAN_POINT('',(-3.49999843537807,-67.0000009983778,0.));
#9023=CARTESIAN_POINT('Origin',(-3.49999843537807,-68.5000009983778,0.));
#9024=CARTESIAN_POINT('',(3.50000156462194,-67.0000009983778,0.));
#9025=CARTESIAN_POINT('',(-2.49999921768904,-67.0000009983778,0.));
#9026=CARTESIAN_POINT('Origin',(3.50000156462194,-68.5000009983778,0.));
#9027=CARTESIAN_POINT('',(-40.,60.,0.));
#9028=CARTESIAN_POINT('',(-40.,-60.,0.));
#9029=CARTESIAN_POINT('',(-40.,-60.,0.));
#9030=CARTESIAN_POINT('',(-35.,65.,0.));
#9031=CARTESIAN_POINT('Origin',(-35.,60.,0.));
#9032=CARTESIAN_POINT('',(35.,65.,0.));
#9033=CARTESIAN_POINT('',(-35.,65.,0.));
#9034=CARTESIAN_POINT('',(40.,60.,0.));
#9035=CARTESIAN_POINT('Origin',(35.,60.,0.));
#9036=CARTESIAN_POINT('',(40.,-60.,0.));
#9037=CARTESIAN_POINT('',(40.,60.,0.));
#9038=CARTESIAN_POINT('',(35.,-65.,0.));
#9039=CARTESIAN_POINT('Origin',(35.,-60.,0.));
#9040=CARTESIAN_POINT('',(-35.,-65.,0.));
#9041=CARTESIAN_POINT('',(35.,-65.,0.));
#9042=CARTESIAN_POINT('Origin',(-35.,-60.,0.));
#9043=CARTESIAN_POINT('Origin',(35.,-69.,0.));
#9044=CARTESIAN_POINT('',(35.,-69.,-3.));
#9045=CARTESIAN_POINT('',(-17.5,-69.,-3.));
#9046=CARTESIAN_POINT('',(35.,-69.,0.));
#9047=CARTESIAN_POINT('Origin',(-6.32842520714421,-67.5,0.));
#9048=CARTESIAN_POINT('',(-6.32842520714421,-69.,-3.));
#9049=CARTESIAN_POINT('',(-4.91421182125238,-68.0000004991642,-1.58578661409945));
#9050=CARTESIAN_POINT('Origin',(-6.32842520714421,-67.5,-3.));
#9051=CARTESIAN_POINT('',(-4.91421182126114,-68.0000004991889,0.));
#9052=CARTESIAN_POINT('',(-6.32842520714421,-69.,0.));
#9053=CARTESIAN_POINT('Origin',(3.50000156462194,-68.5000009983778,0.));
#9054=CARTESIAN_POINT('',(3.50000156462194,-67.0000009983778,-1.5));
#9055=CARTESIAN_POINT('',(3.50000156462194,-67.0000009983778,0.));
#9056=CARTESIAN_POINT('',(4.61803466039477,-67.5,-1.5));
#9057=CARTESIAN_POINT('Origin',(3.50000156462194,-68.5000009983778,-1.5));
#9058=CARTESIAN_POINT('Ctrl Pts',(4.91421495049539,-68.0000004991617,-1.58578661410732));
#9059=CARTESIAN_POINT('Ctrl Pts',(4.90824847229813,-67.9831247693448,-1.57982013591079));
#9060=CARTESIAN_POINT('Ctrl Pts',(4.90193296855679,-67.9662245615267,-1.57418537556201));
#9061=CARTESIAN_POINT('Ctrl Pts',(4.85138932286905,-67.8381530370694,-1.53397229284111));
#9062=CARTESIAN_POINT('Ctrl Pts',(4.79148923256407,-67.7283640919891,-1.51445943957476));
#9063=CARTESIAN_POINT('Ctrl Pts',(4.69202700927855,-67.5877033721994,-1.50184566387778));
#9064=CARTESIAN_POINT('Ctrl Pts',(4.65638578817479,-67.54287778731,-1.5));
#9065=CARTESIAN_POINT('Ctrl Pts',(4.61803466039477,-67.5,-1.5));
#9066=CARTESIAN_POINT('Origin',(17.500000782311,-67.5,-3.));
#9067=CARTESIAN_POINT('',(-4.6180315311509,-67.5,-1.5));
#9068=CARTESIAN_POINT('',(17.500000782311,-67.5,-1.5));
#9069=CARTESIAN_POINT('Ctrl Pts',(-4.6180315311509,-67.5,-1.5));
#9070=CARTESIAN_POINT('Ctrl Pts',(-4.65638265893093,-67.54287778731,-1.5));
#9071=CARTESIAN_POINT('Ctrl Pts',(-4.69202388003467,-67.5877033721994,-1.50184566387778));
#9072=CARTESIAN_POINT('Ctrl Pts',(-4.79148610332018,-67.7283640919891,-1.51445943957476));
#9073=CARTESIAN_POINT('Ctrl Pts',(-4.85138619362516,-67.8381530370694,-1.53397229284111));
#9074=CARTESIAN_POINT('Ctrl Pts',(-4.90192983931291,-67.9662245615267,-1.57418537556201));
#9075=CARTESIAN_POINT('Ctrl Pts',(-4.90824534305426,-67.9831247693448,-1.57982013591079));
#9076=CARTESIAN_POINT('Ctrl Pts',(-4.91421182125152,-68.0000004991617,-1.58578661410732));
#9077=CARTESIAN_POINT('',(-17.5,-69.,-3.));
#9078=CARTESIAN_POINT('Origin',(1.564621925354E-6,-69.0000009983778,-1.5));
#9079=CARTESIAN_POINT('',(-3.49999843537807,-67.0000009983778,-1.5));
#9080=CARTESIAN_POINT('',(-4.99999843537807,-67.0000009983778,-1.5));
#9081=CARTESIAN_POINT('Origin',(-3.49999843537807,-68.5000009983778,-1.5));
#9082=CARTESIAN_POINT('Origin',(-4.99999843537807,-67.0000009983778,0.));
#9083=CARTESIAN_POINT('',(-3.49999843537807,-67.0000009983778,0.));
#9084=CARTESIAN_POINT('Origin',(-3.49999843537807,-68.5000009983778,0.));
#9085=CARTESIAN_POINT('Origin',(35.,-69.,0.));
#9086=CARTESIAN_POINT('',(-35.,-69.,-3.));
#9087=CARTESIAN_POINT('',(-35.,-69.,0.));
#9088=CARTESIAN_POINT('',(-17.5,-69.,-3.));
#9089=CARTESIAN_POINT('Origin',(0.,8.88178419700125E-15,-1.));
#9090=CARTESIAN_POINT('',(-37.9999989569187,-60.0000009685755,-1.));
#9091=CARTESIAN_POINT('',(-34.9999989569187,-63.0000009685755,-1.));
#9092=CARTESIAN_POINT('Origin',(-34.9999989569187,-60.0000009685755,-1.));
#9093=CARTESIAN_POINT('',(35.0000022351742,-63.0000009685755,-1.));
#9094=CARTESIAN_POINT('',(-17.4999994784594,-63.0000009685755,-1.));
#9095=CARTESIAN_POINT('',(38.0000022351742,-60.0000009685755,-1.));
#9096=CARTESIAN_POINT('Origin',(35.0000022351742,-60.0000009685755,-1.));
#9097=CARTESIAN_POINT('',(38.0000022351742,60.0000009685755,-1.));
#9098=CARTESIAN_POINT('',(38.0000022351742,-30.0000004842877,-1.));
#9099=CARTESIAN_POINT('',(35.0000022351742,63.0000009685755,-1.));
#9100=CARTESIAN_POINT('Origin',(35.0000022351742,60.0000009685755,-1.));
#9101=CARTESIAN_POINT('',(-34.9999989569187,63.0000009685755,-1.));
#9102=CARTESIAN_POINT('',(17.5000011175871,63.0000009685755,-1.));
#9103=CARTESIAN_POINT('',(-37.9999989569187,60.0000009685755,-1.));
#9104=CARTESIAN_POINT('Origin',(-34.9999989569187,60.0000009685755,-1.));
#9105=CARTESIAN_POINT('',(-37.9999989569187,30.0000004842877,-1.));
#9106=CARTESIAN_POINT('Origin',(-37.9999989569187,60.0000009685755,0.));
#9107=CARTESIAN_POINT('',(-37.9999989569187,60.0000009685755,3.));
#9108=CARTESIAN_POINT('',(-37.9999989569187,60.0000009685755,0.));
#9109=CARTESIAN_POINT('',(-37.9999989569187,-60.0000009685755,3.));
#9110=CARTESIAN_POINT('',(-37.9999989569187,30.0000004842877,3.));
#9111=CARTESIAN_POINT('',(-37.9999989569187,-60.0000009685755,0.));
#9112=CARTESIAN_POINT('Origin',(-34.9999989569187,60.0000009685755,0.));
#9113=CARTESIAN_POINT('',(-34.9999989569187,63.0000009685755,3.));
#9114=CARTESIAN_POINT('',(-34.9999989569187,63.0000009685755,0.));
#9115=CARTESIAN_POINT('Origin',(-34.9999989569187,60.0000009685755,3.));
#9116=CARTESIAN_POINT('Origin',(35.0000022351742,63.0000009685755,0.));
#9117=CARTESIAN_POINT('',(35.0000022351742,63.0000009685755,3.));
#9118=CARTESIAN_POINT('',(35.0000022351742,63.0000009685755,0.));
#9119=CARTESIAN_POINT('',(17.500001937151,63.0000009685755,3.));
#9120=CARTESIAN_POINT('Origin',(35.0000022351742,60.0000009685755,0.));
#9121=CARTESIAN_POINT('',(38.0000022351742,60.0000009685755,3.));
#9122=CARTESIAN_POINT('',(38.0000022351742,60.0000009685755,0.));
#9123=CARTESIAN_POINT('Origin',(35.0000022351742,60.0000009685755,3.));
#9124=CARTESIAN_POINT('Origin',(38.0000022351742,-60.0000009685755,0.));
#9125=CARTESIAN_POINT('',(38.0000022351742,-60.0000009685755,3.));
#9126=CARTESIAN_POINT('',(38.0000022351742,-60.0000009685755,0.));
#9127=CARTESIAN_POINT('',(38.0000022351742,-30.0000004842877,3.));
#9128=CARTESIAN_POINT('Origin',(35.0000022351742,-60.0000009685755,0.));
#9129=CARTESIAN_POINT('',(35.0000022351742,-63.0000009685755,3.));
#9130=CARTESIAN_POINT('',(35.0000022351742,-63.0000009685755,0.));
#9131=CARTESIAN_POINT('Origin',(35.0000022351742,-60.0000009685755,3.));
#9132=CARTESIAN_POINT('Origin',(-34.9999989569187,-63.0000009685755,0.));
#9133=CARTESIAN_POINT('',(-34.9999989569187,-63.0000009685755,3.));
#9134=CARTESIAN_POINT('',(-34.9999989569187,-63.0000009685755,0.));
#9135=CARTESIAN_POINT('',(-17.4999986588955,-63.0000009685755,3.));
#9136=CARTESIAN_POINT('Origin',(-34.9999989569187,-60.0000009685755,0.));
#9137=CARTESIAN_POINT('Origin',(-34.9999989569187,-60.0000009685755,3.));
#9138=CARTESIAN_POINT('Origin',(-39.9999989569187,60.0000009685755,0.));
#9139=CARTESIAN_POINT('',(-39.9999989569187,-60.0000009685755,3.));
#9140=CARTESIAN_POINT('',(-39.9999989569187,-60.0000009685755,0.));
#9141=CARTESIAN_POINT('',(-39.9999989569187,60.0000009685755,3.));
#9142=CARTESIAN_POINT('',(-39.9999989569187,-60.0000009685755,3.));
#9143=CARTESIAN_POINT('',(-39.9999989569187,60.0000009685755,0.));
#9144=CARTESIAN_POINT('Origin',(-34.9999989569187,60.0000009685755,0.));
#9145=CARTESIAN_POINT('',(-34.9999989569187,65.0000009685755,3.));
#9146=CARTESIAN_POINT('Origin',(-34.9999989569187,60.0000009685755,3.));
#9147=CARTESIAN_POINT('',(-34.9999989569187,65.0000009685755,0.));
#9148=CARTESIAN_POINT('Origin',(35.0000022351742,65.0000009685755,0.));
#9149=CARTESIAN_POINT('',(35.0000022351742,65.0000009685755,3.));
#9150=CARTESIAN_POINT('',(-34.9999989569187,65.0000009685755,3.));
#9151=CARTESIAN_POINT('',(35.0000022351742,65.0000009685755,0.));
#9152=CARTESIAN_POINT('Origin',(35.0000022351742,60.0000009685755,0.));
#9153=CARTESIAN_POINT('',(40.0000022351742,60.0000009685755,3.));
#9154=CARTESIAN_POINT('Origin',(35.0000022351742,60.0000009685755,3.));
#9155=CARTESIAN_POINT('',(40.0000022351742,60.0000009685755,0.));
#9156=CARTESIAN_POINT('Origin',(40.0000022351742,-60.0000009685755,0.));
#9157=CARTESIAN_POINT('',(40.0000022351742,-60.0000009685755,3.));
#9158=CARTESIAN_POINT('',(40.0000022351742,60.0000009685755,3.));
#9159=CARTESIAN_POINT('',(40.0000022351742,-60.0000009685755,0.));
#9160=CARTESIAN_POINT('Origin',(35.0000022351742,-60.0000009685755,0.));
#9161=CARTESIAN_POINT('',(35.0000022351742,-65.0000009685755,3.));
#9162=CARTESIAN_POINT('Origin',(35.0000022351742,-60.0000009685755,3.));
#9163=CARTESIAN_POINT('',(35.0000022351742,-65.0000009685755,0.));
#9164=CARTESIAN_POINT('Origin',(-34.9999989569187,-65.0000009685755,0.));
#9165=CARTESIAN_POINT('',(-34.9999989569187,-65.0000009685755,3.));
#9166=CARTESIAN_POINT('',(35.0000022351742,-65.0000009685755,3.));
#9167=CARTESIAN_POINT('',(-34.9999989569187,-65.0000009685755,0.));
#9168=CARTESIAN_POINT('Origin',(-34.9999989569187,-60.0000009685755,0.));
#9169=CARTESIAN_POINT('Origin',(-34.9999989569187,-60.0000009685755,3.));
#9170=CARTESIAN_POINT('Origin',(1.63912773132324E-6,0.,3.));
#9171=CARTESIAN_POINT('Origin',(35.,-60.,0.));
#9172=CARTESIAN_POINT('',(44.,-60.,-3.));
#9173=CARTESIAN_POINT('Origin',(35.,-60.,-3.));
#9174=CARTESIAN_POINT('',(44.,-60.,0.));
#9175=CARTESIAN_POINT('Origin',(44.,60.,0.));
#9176=CARTESIAN_POINT('',(44.,60.,-3.));
#9177=CARTESIAN_POINT('',(44.,-30.,-3.));
#9178=CARTESIAN_POINT('',(44.,60.,0.));
#9179=CARTESIAN_POINT('Origin',(35.,60.,0.));
#9180=CARTESIAN_POINT('',(35.,69.,-3.));
#9181=CARTESIAN_POINT('Origin',(35.,60.,-3.));
#9182=CARTESIAN_POINT('',(35.,69.,0.));
#9183=CARTESIAN_POINT('Origin',(-35.,69.,0.));
#9184=CARTESIAN_POINT('',(-35.,69.,-3.));
#9185=CARTESIAN_POINT('',(17.5,69.,-3.));
#9186=CARTESIAN_POINT('',(-35.,69.,0.));
#9187=CARTESIAN_POINT('Origin',(-35.,60.,0.));
#9188=CARTESIAN_POINT('',(-44.,60.,-3.));
#9189=CARTESIAN_POINT('Origin',(-35.,60.,-3.));
#9190=CARTESIAN_POINT('',(-44.,60.,0.));
#9191=CARTESIAN_POINT('Origin',(-44.,-60.,0.));
#9192=CARTESIAN_POINT('',(-44.,-60.,-3.));
#9193=CARTESIAN_POINT('',(-44.,30.,-3.));
#9194=CARTESIAN_POINT('',(-44.,-60.,0.));
#9195=CARTESIAN_POINT('Origin',(-35.,-60.,0.));
#9196=CARTESIAN_POINT('Origin',(-35.,-60.,-3.));
#9197=CARTESIAN_POINT('Origin',(0.,8.88178419700125E-15,-3.));
#9198=CARTESIAN_POINT('',(0.,0.,0.));
#9199=CARTESIAN_POINT('Origin',(-6.99999999999999,31.2415589778246,8.99431774410627));
#9200=CARTESIAN_POINT('',(-6.99999999999999,31.2415589778246,8.89431774410627));
#9201=CARTESIAN_POINT('',(-6.99999999999999,31.3237011283597,9.05134990262634));
#9202=CARTESIAN_POINT('Origin',(-6.99999999999999,31.2415589778246,8.99431774410627));
#9203=CARTESIAN_POINT('',(7.,31.3237011283597,9.05134990262634));
#9204=CARTESIAN_POINT('',(7.,31.3237011283597,9.05134990262634));
#9205=CARTESIAN_POINT('',(7.,31.2415589778246,8.89431774410627));
#9206=CARTESIAN_POINT('Origin',(7.,31.2415589778246,8.99431774410627));
#9207=CARTESIAN_POINT('',(-6.99999999999999,31.2415589778246,8.89431774410627));
#9208=CARTESIAN_POINT('Origin',(-6.99999999999999,30.889292170635,9.59873973396239));
#9209=CARTESIAN_POINT('',(-6.99999999999999,31.094647546973,9.74132013026257));
#9210=CARTESIAN_POINT('',(-6.99999999999999,31.1039943627437,9.47066565889749));
#9211=CARTESIAN_POINT('Origin',(-6.99999999999999,30.889292170635,9.59873973396239));
#9212=CARTESIAN_POINT('',(7.,31.094647546973,9.74132013026257));
#9213=CARTESIAN_POINT('',(-10.,31.094647546973,9.74132013026258));
#9214=CARTESIAN_POINT('',(7.,31.1039943627437,9.47066565889749));
#9215=CARTESIAN_POINT('Origin',(7.,30.889292170635,9.59873973396239));
#9216=CARTESIAN_POINT('',(-6.99999999999999,31.1039943627437,9.47066565889749));
#9217=CARTESIAN_POINT('Origin',(-10.,29.7,11.75));
#9218=CARTESIAN_POINT('',(-9.75,29.7745825599459,11.6425803963002));
#9219=CARTESIAN_POINT('',(9.75,29.7745825599459,11.6425803963002));
#9220=CARTESIAN_POINT('',(-10.,29.7745825599459,11.6425803963002));
#9221=CARTESIAN_POINT('',(9.74999999999999,44.0553553763379,-8.92569934064223));
#9222=CARTESIAN_POINT('',(9.75,29.7,11.75));
#9223=CARTESIAN_POINT('',(-9.75,44.0553553763379,-8.92569934064223));
#9224=CARTESIAN_POINT('',(-10.,44.0553553763379,-8.92569934064223));
#9225=CARTESIAN_POINT('',(-9.75,29.7,11.75));
#9226=CARTESIAN_POINT('',(8.24598141713973,42.4246455603645,-6.57702423069161));
#9227=CARTESIAN_POINT('',(8.2459814171398,31.8052576439267,8.71784419895551));
#9228=CARTESIAN_POINT('',(8.24598141713973,29.7,11.75));
#9229=CARTESIAN_POINT('Ctrl Pts',(8.24598141713973,31.8052576439267,8.71784419895551));
#9230=CARTESIAN_POINT('Ctrl Pts',(8.24598141563823,31.7797225213859,8.7546218685039));
#9231=CARTESIAN_POINT('Ctrl Pts',(8.24348434645567,31.7542260772402,8.79134383041968));
#9232=CARTESIAN_POINT('Ctrl Pts',(8.23863241998487,31.7289220383954,8.82778867525347));
#9233=CARTESIAN_POINT('Ctrl Pts',(8.23363135255335,31.702840191254,8.8653537800922));
#9234=CARTESIAN_POINT('Ctrl Pts',(8.22612839743016,31.6769620739093,8.9026254574286));
#9235=CARTESIAN_POINT('Ctrl Pts',(8.21622541436887,31.651445523086,8.9393763785384));
#9236=CARTESIAN_POINT('Ctrl Pts',(8.20622718926403,31.6256835665672,8.9764807520178));
#9237=CARTESIAN_POINT('Ctrl Pts',(8.19378235521324,31.6002893920198,9.01305541729706));
#9238=CARTESIAN_POINT('Ctrl Pts',(8.17894369202668,31.5754260824936,9.04886548949164));
#9239=CARTESIAN_POINT('Ctrl Pts',(8.17048142647391,31.5612469125045,9.06928743293523));
#9240=CARTESIAN_POINT('Ctrl Pts',(8.16123969607557,31.5472404679401,9.08946060379091));
#9241=CARTESIAN_POINT('Ctrl Pts',(8.15122117200385,31.5334385712303,9.10933916891872));
#9242=CARTESIAN_POINT('Ctrl Pts',(8.15105160628338,31.5332049710969,9.10967561799981));
#9243=CARTESIAN_POINT('Ctrl Pts',(8.15088180843791,31.5329714130295,9.11001200649418));
#9244=CARTESIAN_POINT('Ctrl Pts',(8.15071177857647,31.5327378971305,9.11034833425447));
#9245=CARTESIAN_POINT('Ctrl Pts',(8.08861809351953,31.4474595667809,9.23317281841749));
#9246=CARTESIAN_POINT('Ctrl Pts',(7.99599161566073,31.368386661024,9.34705976737826));
#9247=CARTESIAN_POINT('Ctrl Pts',(7.88135427444896,31.3029593434602,9.44129327893032));
#9248=CARTESIAN_POINT('Ctrl Pts',(7.88114501400816,31.3028399116139,9.44146529396449));
#9249=CARTESIAN_POINT('Ctrl Pts',(7.88093567634336,31.3027205221055,9.4416372480204));
#9250=CARTESIAN_POINT('Ctrl Pts',(7.88072626151872,31.3026011749612,9.44180914106015));
#9251=CARTESIAN_POINT('Ctrl Pts',(7.76589963730574,31.2371605849277,9.53606176865543));
#9252=CARTESIAN_POINT('Ctrl Pts',(7.62788599072587,31.1844634309213,9.61196030851891));
#9253=CARTESIAN_POINT('Ctrl Pts',(7.47722229227476,31.1488356690391,9.66327418223066));
#9254=CARTESIAN_POINT('Ctrl Pts',(7.47708490704119,31.1488031812638,9.66332097365154));
#9255=CARTESIAN_POINT('Ctrl Pts',(7.47694751164671,31.1487707077307,9.66336774455958));
#9256=CARTESIAN_POINT('Ctrl Pts',(7.47681010610059,31.1487382484409,9.66341449495338));
#9257=CARTESIAN_POINT('Ctrl Pts',(7.43324162312306,31.1384460727944,9.67823808682226));
#9258=CARTESIAN_POINT('Ctrl Pts',(7.38877854483691,31.129613000538,9.69096016450286));
#9259=CARTESIAN_POINT('Ctrl Pts',(7.3436155816667,31.1222347956124,9.70158682909701));
#9260=CARTESIAN_POINT('Ctrl Pts',(7.29833582988612,31.1148375111085,9.71224097358407));
#9261=CARTESIAN_POINT('Ctrl Pts',(7.25235161069103,31.1089025175597,9.72078901290365));
#9262=CARTESIAN_POINT('Ctrl Pts',(7.2058436178124,31.1044540316118,9.72719606835916));
#9263=CARTESIAN_POINT('Ctrl Pts',(7.16021986492728,31.1000901231514,9.73348130873895));
#9264=CARTESIAN_POINT('Ctrl Pts',(7.11409115609895,31.0971567107601,9.73770623741919));
#9265=CARTESIAN_POINT('Ctrl Pts',(7.06762700237836,31.0957048678338,9.7397972945227));
#9266=CARTESIAN_POINT('Ctrl Pts',(7.04515637602104,31.0950027390461,9.74080855501282));
#9267=CARTESIAN_POINT('Ctrl Pts',(7.02260736309679,31.0946475483816,9.74132012823367));
#9268=CARTESIAN_POINT('Ctrl Pts',(7.,31.094647546973,9.74132013026257));
#9269=CARTESIAN_POINT('',(-8.24598141713979,31.8052576439267,8.71784419895551));
#9270=CARTESIAN_POINT('Ctrl Pts',(-6.99999999999999,31.094647546973,9.74132013026257));
#9271=CARTESIAN_POINT('Ctrl Pts',(-7.04477320024563,31.0946475478294,9.74132012902903));
#9272=CARTESIAN_POINT('Ctrl Pts',(-7.08947858192026,31.0960716802839,9.73926898270248));
#9273=CARTESIAN_POINT('Ctrl Pts',(-7.13384660076806,31.0988388386785,9.73528350595688));
#9274=CARTESIAN_POINT('Ctrl Pts',(-7.17957842613574,31.1016910553821,9.73117552161883));
#9275=CARTESIAN_POINT('Ctrl Pts',(-7.22495303234225,31.1059701526381,9.72501243292617));
#9276=CARTESIAN_POINT('Ctrl Pts',(-7.26969366899373,31.1116180376317,9.71687790967189));
#9277=CARTESIAN_POINT('Ctrl Pts',(-7.31486459918695,31.1173202412184,9.70866515255499));
#9278=CARTESIAN_POINT('Ctrl Pts',(-7.35939066167629,31.1244177986973,9.69844269823527));
#9279=CARTESIAN_POINT('Ctrl Pts',(-7.40298590718298,31.1328806086072,9.68625390118638));
#9280=CARTESIAN_POINT('Ctrl Pts',(-7.42784761742669,31.1377068213141,9.6793028142748));
#9281=CARTESIAN_POINT('Ctrl Pts',(-7.45240647147851,31.1429775796491,9.67171145817662));
#9282=CARTESIAN_POINT('Ctrl Pts',(-7.47660667199275,31.1486913601846,9.6634820270498));
#9283=CARTESIAN_POINT('Ctrl Pts',(-7.47701626570179,31.1487880671752,9.66334274212046));
#9284=CARTESIAN_POINT('Ctrl Pts',(-7.47742578565245,31.1488849065516,9.66320326651866));
#9285=CARTESIAN_POINT('Ctrl Pts',(-7.47783523166532,31.1489818782518,9.66306360033395));
#9286=CARTESIAN_POINT('Ctrl Pts',(-7.62736197688873,31.1843952471606,9.61205851209286));
#9287=CARTESIAN_POINT('Ctrl Pts',(-7.76600815090173,31.2372221268327,9.53597313120657));
#9288=CARTESIAN_POINT('Ctrl Pts',(-7.88072819528395,31.3026022769983,9.44180755382068));
#9289=CARTESIAN_POINT('Ctrl Pts',(-7.88093760669216,31.3027216227446,9.44163566279439));
#9290=CARTESIAN_POINT('Ctrl Pts',(-7.88114694386533,31.3028410125334,9.44146370833464));
#9291=CARTESIAN_POINT('Ctrl Pts',(-7.88135620675731,31.3029604463282,9.44129169049415));
#9292=CARTESIAN_POINT('Ctrl Pts',(-7.9960995230445,31.368448548675,9.34697063198047));
#9293=CARTESIAN_POINT('Ctrl Pts',(-8.08849854032141,31.44716071037,9.23360325464629));
#9294=CARTESIAN_POINT('Ctrl Pts',(-8.15096814134483,31.5330874697033,9.10984485266301));
#9295=CARTESIAN_POINT('Ctrl Pts',(-8.15102510530374,31.5331658234675,9.10973200147764));
#9296=CARTESIAN_POINT('Ctrl Pts',(-8.15108204429029,31.5332441830267,9.10961914194588));
#9297=CARTESIAN_POINT('Ctrl Pts',(-8.15113895830276,31.5333225483755,9.10950627407533));
#9298=CARTESIAN_POINT('Ctrl Pts',(-8.16918522538201,31.5581705946546,9.07371818519864));
#9299=CARTESIAN_POINT('Ctrl Pts',(-8.18467310535442,31.5835288479482,9.03719525649668));
#9300=CARTESIAN_POINT('Ctrl Pts',(-8.19761002571209,31.6092862606984,9.00009742729956));
#9301=CARTESIAN_POINT('Ctrl Pts',(-8.21058040014006,31.6351102805138,8.96290366542668));
#9302=CARTESIAN_POINT('Ctrl Pts',(-8.22098679839492,31.6613360733017,8.92513123886961));
#9303=CARTESIAN_POINT('Ctrl Pts',(-8.22878675908935,31.6878605855272,8.88692857334489));
#9304=CARTESIAN_POINT('Ctrl Pts',(-8.2364384218941,31.7138807965975,8.84945224156721));
#9305=CARTESIAN_POINT('Ctrl Pts',(-8.24158185757492,31.7401889949418,8.81156112811848));
#9306=CARTESIAN_POINT('Ctrl Pts',(-8.24412751420659,31.7666885047489,8.77339447302139));
#9307=CARTESIAN_POINT('Ctrl Pts',(-8.24535862452256,31.7795039879865,8.75493661730276));
#9308=CARTESIAN_POINT('Ctrl Pts',(-8.2459814146698,31.7923641767752,8.73641437317239));
#9309=CARTESIAN_POINT('Ctrl Pts',(-8.24598141713972,31.8052576439267,8.71784419895551));
#9310=CARTESIAN_POINT('',(-8.24598141713973,42.4246455603645,-6.57702423069161));
#9311=CARTESIAN_POINT('',(-8.24598141713972,29.7,11.75));
#9312=CARTESIAN_POINT('',(-8.20265781273824,42.6104022663455,-6.84456548638926));
#9313=CARTESIAN_POINT('Origin',(5.6424213266929,41.4654595763353,-5.19552997313047));
#9314=CARTESIAN_POINT('',(-6.99999999999999,43.1508663831476,-7.62298394350557));
#9315=CARTESIAN_POINT('Ctrl Pts',(-8.20265781273824,42.6104022663455,-6.84456548638927));
#9316=CARTESIAN_POINT('Ctrl Pts',(-8.18206861856659,42.65376098426,-6.9070140842745));
#9317=CARTESIAN_POINT('Ctrl Pts',(-8.15492395337308,42.695818397954,-6.96758844260875));
#9318=CARTESIAN_POINT('Ctrl Pts',(-8.12167358809226,42.7360789852878,-7.02557487186601));
#9319=CARTESIAN_POINT('Ctrl Pts',(-8.08798240526045,42.7768733283672,-7.08433005766232));
#9320=CARTESIAN_POINT('Ctrl Pts',(-8.04802214174592,42.8158235810082,-7.1404292409801));
#9321=CARTESIAN_POINT('Ctrl Pts',(-8.00220732476147,42.8524102308429,-7.1931241797006));
#9322=CARTESIAN_POINT('Ctrl Pts',(-7.95717753082277,42.8883699794877,-7.2449162065683));
#9323=CARTESIAN_POINT('Ctrl Pts',(-7.90649147938997,42.9220470470981,-7.29342053866835));
#9324=CARTESIAN_POINT('Ctrl Pts',(-7.85049961802883,42.952934602161,-7.33790719783525));
#9325=CARTESIAN_POINT('Ctrl Pts',(-7.82222527083379,42.9685319663962,-7.36037173493501));
#9326=CARTESIAN_POINT('Ctrl Pts',(-7.7925973256377,42.9834177394048,-7.38181138300435));
#9327=CARTESIAN_POINT('Ctrl Pts',(-7.76165735572926,42.997524557292,-7.40212911932233));
#9328=CARTESIAN_POINT('Ctrl Pts',(-7.76160378317577,42.9975489832452,-7.40216429947987));
#9329=CARTESIAN_POINT('Ctrl Pts',(-7.76155020732985,42.9975734065291,-7.40219947579299));
#9330=CARTESIAN_POINT('Ctrl Pts',(-7.76149662819215,42.9975978271437,-7.40223464826146));
#9331=CARTESIAN_POINT('Ctrl Pts',(-7.69299612797341,43.0288193880872,-7.44720236867566));
#9332=CARTESIAN_POINT('Ctrl Pts',(-7.61924001689678,43.0556239780364,-7.4858084239219));
#9333=CARTESIAN_POINT('Ctrl Pts',(-7.54163529215323,43.0776920454104,-7.51759257095913));
#9334=CARTESIAN_POINT('Ctrl Pts',(-7.46414328660443,43.0997280593908,-7.54933055220592));
#9335=CARTESIAN_POINT('Ctrl Pts',(-7.38281248107744,43.1170416197356,-7.5742668884248));
#9336=CARTESIAN_POINT('Ctrl Pts',(-7.29902126864372,43.1292881989694,-7.59190536434901));
#9337=CARTESIAN_POINT('Ctrl Pts',(-7.21836350229925,43.141076806601,-7.60888423395175));
#9338=CARTESIAN_POINT('Ctrl Pts',(-7.13542471015207,43.1481704300996,-7.61910102224062));
#9339=CARTESIAN_POINT('Ctrl Pts',(-7.05143221780398,43.150234434506,-7.62207376192044));
#9340=CARTESIAN_POINT('Ctrl Pts',(-7.03432834065883,43.1506547396643,-7.62267911809986));
#9341=CARTESIAN_POINT('Ctrl Pts',(-7.01718079501988,43.1508663819981,-7.62298394185001));
#9342=CARTESIAN_POINT('Ctrl Pts',(-6.99999999999999,43.1508663831476,-7.62298394350557));
#9343=CARTESIAN_POINT('',(7.,43.1508663831476,-7.62298394350557));
#9344=CARTESIAN_POINT('',(7.,43.1508663831476,-7.62298394350557));
#9345=CARTESIAN_POINT('',(8.20265781273825,42.6104022663455,-6.84456548638927));
#9346=CARTESIAN_POINT('Ctrl Pts',(7.,43.1508663831476,-7.62298394350557));
#9347=CARTESIAN_POINT('Ctrl Pts',(7.08521783772102,43.1508663774464,-7.62298393529437));
#9348=CARTESIAN_POINT('Ctrl Pts',(7.16961672728283,43.1456620336216,-7.61548823453554));
#9349=CARTESIAN_POINT('Ctrl Pts',(7.25193030341053,43.1356041827035,-7.60100213536604));
#9350=CARTESIAN_POINT('Ctrl Pts',(7.3364131335306,43.1252812718247,-7.58613427622527));
#9351=CARTESIAN_POINT('Ctrl Pts',(7.41870057233313,43.1098454851055,-7.56390245563106));
#9352=CARTESIAN_POINT('Ctrl Pts',(7.4974248485009,43.0896446299574,-7.53480761286916));
#9353=CARTESIAN_POINT('Ctrl Pts',(7.57613284089222,43.0694479532689,-7.5057187882498));
#9354=CARTESIAN_POINT('Ctrl Pts',(7.65128047777301,43.0444878554805,-7.46976931407412));
#9355=CARTESIAN_POINT('Ctrl Pts',(7.72148236544335,43.0150849056491,-7.42742089883091));
#9356=CARTESIAN_POINT('Ctrl Pts',(7.73500746884211,43.0094201301011,-7.41926204849305));
#9357=CARTESIAN_POINT('Ctrl Pts',(7.74834890664234,43.0035903730131,-7.41086557890939));
#9358=CARTESIAN_POINT('Ctrl Pts',(7.76149662819215,42.9975978271437,-7.40223464826147));
#9359=CARTESIAN_POINT('Ctrl Pts',(7.76155020732986,42.9975734065291,-7.402199475793));
#9360=CARTESIAN_POINT('Ctrl Pts',(7.76160378317577,42.9975489832452,-7.40216429947987));
#9361=CARTESIAN_POINT('Ctrl Pts',(7.76165735572926,42.997524557292,-7.40212911932233));
#9362=CARTESIAN_POINT('Ctrl Pts',(7.82316964728555,42.969478547636,-7.36173507485965));
#9363=CARTESIAN_POINT('Ctrl Pts',(7.8794982524418,42.9383551151981,-7.31690868675127));
#9364=CARTESIAN_POINT('Ctrl Pts',(7.93030757887185,42.9046776599475,-7.26840379634166));
#9365=CARTESIAN_POINT('Ctrl Pts',(7.98179681251419,42.8705495483642,-7.21924983563064));
#9366=CARTESIAN_POINT('Ctrl Pts',(8.02761866338482,42.8337979612384,-7.16631734139504));
#9367=CARTESIAN_POINT('Ctrl Pts',(8.06738219286725,42.7949481456398,-7.11036281531752));
#9368=CARTESIAN_POINT('Ctrl Pts',(8.10647275773085,42.7567558308136,-7.05535527299129));
#9369=CARTESIAN_POINT('Ctrl Pts',(8.13970869572073,42.71653502664,-6.99742614253565));
#9370=CARTESIAN_POINT('Ctrl Pts',(8.16667172542954,42.6747760802081,-6.93728165996646));
#9371=CARTESIAN_POINT('Ctrl Pts',(8.18028703660604,42.6536893901658,-6.90691096889157));
#9372=CARTESIAN_POINT('Ctrl Pts',(8.19230205736102,42.6322104183528,-6.87597528309982));
#9373=CARTESIAN_POINT('Ctrl Pts',(8.20265781273824,42.6104022663455,-6.84456548638927));
#9374=CARTESIAN_POINT('Origin',(-5.64242144919149,41.4654595694596,-5.19552996324873));
#9375=CARTESIAN_POINT('Origin',(0.,0.,11.25));
#9376=CARTESIAN_POINT('',(9.5,25.7,11.25));
#9377=CARTESIAN_POINT('',(-9.5,25.7,11.25));
#9378=CARTESIAN_POINT('',(-10.,25.7,11.25));
#9379=CARTESIAN_POINT('',(-9.5,25.2,11.25));
#9380=CARTESIAN_POINT('',(-9.5,0.,11.25));
#9381=CARTESIAN_POINT('',(9.5,25.2,11.25));
#9382=CARTESIAN_POINT('',(-10.,25.2,11.25));
#9383=CARTESIAN_POINT('',(9.5,0.,11.25));
#9384=CARTESIAN_POINT('Origin',(0.,0.,-11.25));
#9385=CARTESIAN_POINT('',(9.49999999999999,34.35,-11.25));
#9386=CARTESIAN_POINT('',(-9.5,34.35,-11.25));
#9387=CARTESIAN_POINT('',(10.,34.35,-11.25));
#9388=CARTESIAN_POINT('',(-9.5,34.85,-11.25));
#9389=CARTESIAN_POINT('',(-9.5,0.,-11.25));
#9390=CARTESIAN_POINT('',(9.49999999999999,34.85,-11.25));
#9391=CARTESIAN_POINT('',(10.,34.85,-11.25));
#9392=CARTESIAN_POINT('',(9.49999999999999,0.,-11.25));
#9393=CARTESIAN_POINT('Origin',(-10.,44.1,-11.75));
#9394=CARTESIAN_POINT('',(-10.,24.95,11.5));
#9395=CARTESIAN_POINT('',(-10.,24.95,9.02530417929726));
#9396=CARTESIAN_POINT('',(-10.,24.95,-11.75));
#9397=CARTESIAN_POINT('',(-10.,34.1,-4.87469582070274));
#9398=CARTESIAN_POINT('',(-10.,40.2807861556297,-14.2640868112222));
#9399=CARTESIAN_POINT('',(-10.,34.1,-11.5));
#9400=CARTESIAN_POINT('',(-10.,34.1,-11.75));
#9401=CARTESIAN_POINT('',(-10.,21.45,-11.5));
#9402=CARTESIAN_POINT('',(-10.,44.1,-11.5));
#9403=CARTESIAN_POINT('',(-10.,21.45,11.5));
#9404=CARTESIAN_POINT('',(-10.,21.45,-11.75));
#9405=CARTESIAN_POINT('',(-10.,44.1,11.5));
#9406=CARTESIAN_POINT('Origin',(10.,44.1,-11.75));
#9407=CARTESIAN_POINT('',(10.,25.95,11.5));
#9408=CARTESIAN_POINT('',(10.,25.95,9.32489860690092));
#9409=CARTESIAN_POINT('',(10.,25.95,-11.75));
#9410=CARTESIAN_POINT('',(10.,35.1,-4.57510139309908));
#9411=CARTESIAN_POINT('',(10.,41.1160579900109,-13.7142495965036));
#9412=CARTESIAN_POINT('',(10.,35.1,-11.5));
#9413=CARTESIAN_POINT('',(10.,35.1,-11.75));
#9414=CARTESIAN_POINT('',(10.,43.85,-11.5));
#9415=CARTESIAN_POINT('',(10.,44.1,-11.5));
#9416=CARTESIAN_POINT('',(10.,43.85,-9.06827973694242));
#9417=CARTESIAN_POINT('',(10.,43.85,-8.99));
#9418=CARTESIAN_POINT('',(10.,29.569227183608,11.5));
#9419=CARTESIAN_POINT('',(10.,45.1876340092004,-10.9948442751936));
#9420=CARTESIAN_POINT('',(10.,44.1,11.5));
#9421=CARTESIAN_POINT('Origin',(-10.,44.1,-11.75));
#9422=CARTESIAN_POINT('',(-9.75,35.1,-11.75));
#9423=CARTESIAN_POINT('',(-9.75,43.85,-11.75));
#9424=CARTESIAN_POINT('',(-9.75,44.1,-11.75));
#9425=CARTESIAN_POINT('',(9.74999999999999,43.85,-11.75));
#9426=CARTESIAN_POINT('',(10.,43.85,-11.75));
#9427=CARTESIAN_POINT('',(9.74999999999999,35.1,-11.75));
#9428=CARTESIAN_POINT('',(9.74999999999999,44.1,-11.75));
#9429=CARTESIAN_POINT('',(-10.,35.1,-11.75));
#9430=CARTESIAN_POINT('Origin',(-10.,44.1,11.75));
#9431=CARTESIAN_POINT('',(-9.75,25.95,11.75));
#9432=CARTESIAN_POINT('',(9.75,25.95,11.75));
#9433=CARTESIAN_POINT('',(-10.,25.95,11.75));
#9434=CARTESIAN_POINT('',(9.75,29.569227183608,11.75));
#9435=CARTESIAN_POINT('',(9.75,44.1,11.75));
#9436=CARTESIAN_POINT('',(-9.75,29.569227183608,11.75));
#9437=CARTESIAN_POINT('',(-10.,29.569227183608,11.75));
#9438=CARTESIAN_POINT('',(-9.75,44.1,11.75));
#9439=CARTESIAN_POINT('Origin',(-10.,15.45,-11.76));
#9440=CARTESIAN_POINT('',(8.96824583655185,15.45,11.5));
#9441=CARTESIAN_POINT('',(9.75,15.45,10.7182458365519));
#9442=CARTESIAN_POINT('Origin',(8.,15.45,9.75));
#9443=CARTESIAN_POINT('',(9.75,15.45,11.5));
#9444=CARTESIAN_POINT('',(9.75,15.45,11.75));
#9445=CARTESIAN_POINT('',(8.,15.45,11.5));
#9446=CARTESIAN_POINT('Origin',(-10.,44.1,-11.75));
#9447=CARTESIAN_POINT('',(-10.,3.2,9.75));
#9448=CARTESIAN_POINT('',(-10.,15.7,9.75));
#9449=CARTESIAN_POINT('',(-10.,44.1,9.75));
#9450=CARTESIAN_POINT('',(-10.,15.7,11.5));
#9451=CARTESIAN_POINT('',(-10.,15.7,11.75));
#9452=CARTESIAN_POINT('',(-10.,18.65,11.5));
#9453=CARTESIAN_POINT('',(-10.,44.1,11.5));
#9454=CARTESIAN_POINT('',(-10.,18.65,-11.5));
#9455=CARTESIAN_POINT('',(-10.,18.65,-11.75));
#9456=CARTESIAN_POINT('',(-10.,0.25,-11.5));
#9457=CARTESIAN_POINT('',(-10.,44.1,-11.5));
#9458=CARTESIAN_POINT('',(-10.,0.25,11.5));
#9459=CARTESIAN_POINT('',(-10.,0.25,-11.75));
#9460=CARTESIAN_POINT('',(-10.,3.2,11.5));
#9461=CARTESIAN_POINT('',(-10.,44.1,11.5));
#9462=CARTESIAN_POINT('',(-10.,3.2,-11.75));
#9463=CARTESIAN_POINT('Origin',(10.,44.1,-11.75));
#9464=CARTESIAN_POINT('',(10.,15.7,9.75));
#9465=CARTESIAN_POINT('',(10.,3.2,9.75));
#9466=CARTESIAN_POINT('',(10.,44.1,9.75));
#9467=CARTESIAN_POINT('',(10.,3.2,11.5));
#9468=CARTESIAN_POINT('',(10.,3.2,-11.75));
#9469=CARTESIAN_POINT('',(10.,0.25,11.5));
#9470=CARTESIAN_POINT('',(10.,44.1,11.5));
#9471=CARTESIAN_POINT('',(10.,0.25,-11.5));
#9472=CARTESIAN_POINT('',(10.,0.25,-11.75));
#9473=CARTESIAN_POINT('',(10.,18.65,-11.5));
#9474=CARTESIAN_POINT('',(10.,44.1,-11.5));
#9475=CARTESIAN_POINT('',(10.,18.65,11.5));
#9476=CARTESIAN_POINT('',(10.,18.65,-11.75));
#9477=CARTESIAN_POINT('',(10.,15.7,11.5));
#9478=CARTESIAN_POINT('',(10.,44.1,11.5));
#9479=CARTESIAN_POINT('',(10.,15.7,9.75));
#9480=CARTESIAN_POINT('Origin',(-10.,44.1,-11.75));
#9481=CARTESIAN_POINT('',(-8.25,18.65,-11.75));
#9482=CARTESIAN_POINT('',(-8.25,21.45,-11.75));
#9483=CARTESIAN_POINT('',(-8.25,21.2,-11.75));
#9484=CARTESIAN_POINT('',(-9.75,21.45,-11.75));
#9485=CARTESIAN_POINT('',(-10.,21.45,-11.75));
#9486=CARTESIAN_POINT('',(-9.75,34.1,-11.75));
#9487=CARTESIAN_POINT('',(-9.75,44.1,-11.75));
#9488=CARTESIAN_POINT('',(9.74999999999999,34.1,-11.75));
#9489=CARTESIAN_POINT('',(-10.,34.1,-11.75));
#9490=CARTESIAN_POINT('',(9.74999999999999,21.45,-11.75));
#9491=CARTESIAN_POINT('',(9.74999999999999,44.1,-11.75));
#9492=CARTESIAN_POINT('',(8.24999999999999,21.45,-11.75));
#9493=CARTESIAN_POINT('',(-10.,21.45,-11.75));
#9494=CARTESIAN_POINT('',(8.24999999999999,18.65,-11.75));
#9495=CARTESIAN_POINT('',(8.24999999999999,18.9,-11.75));
#9496=CARTESIAN_POINT('',(9.74999999999999,18.65,-11.75));
#9497=CARTESIAN_POINT('',(-10.,18.65,-11.75));
#9498=CARTESIAN_POINT('',(9.74999999999999,0.25,-11.75));
#9499=CARTESIAN_POINT('',(9.74999999999999,44.1,-11.75));
#9500=CARTESIAN_POINT('',(-9.75,0.25,-11.75));
#9501=CARTESIAN_POINT('',(-10.,0.25,-11.75));
#9502=CARTESIAN_POINT('',(-9.75,18.65,-11.75));
#9503=CARTESIAN_POINT('',(-9.75,44.1,-11.75));
#9504=CARTESIAN_POINT('',(-10.,18.65,-11.75));
#9505=CARTESIAN_POINT('Origin',(-10.,44.1,11.75));
#9506=CARTESIAN_POINT('',(9.75,3.2,11.75));
#9507=CARTESIAN_POINT('',(8.,3.2,11.75));
#9508=CARTESIAN_POINT('',(-10.,3.2,11.75));
#9509=CARTESIAN_POINT('',(8.,15.7,11.75));
#9510=CARTESIAN_POINT('',(8.,44.1,11.75));
#9511=CARTESIAN_POINT('',(9.75,15.7,11.75));
#9512=CARTESIAN_POINT('',(10.,15.7,11.75));
#9513=CARTESIAN_POINT('',(9.75,18.65,11.75));
#9514=CARTESIAN_POINT('',(9.75,44.1,11.75));
#9515=CARTESIAN_POINT('',(8.25,18.65,11.75));
#9516=CARTESIAN_POINT('',(-10.,18.65,11.75));
#9517=CARTESIAN_POINT('',(8.25,21.45,11.75));
#9518=CARTESIAN_POINT('',(8.25,21.2,11.75));
#9519=CARTESIAN_POINT('',(9.75,21.45,11.75));
#9520=CARTESIAN_POINT('',(-10.,21.45,11.75));
#9521=CARTESIAN_POINT('',(9.75,24.95,11.75));
#9522=CARTESIAN_POINT('',(9.75,44.1,11.75));
#9523=CARTESIAN_POINT('',(-9.75,24.95,11.75));
#9524=CARTESIAN_POINT('',(-10.,24.95,11.75));
#9525=CARTESIAN_POINT('',(-9.75,21.45,11.75));
#9526=CARTESIAN_POINT('',(-9.75,44.1,11.75));
#9527=CARTESIAN_POINT('',(-8.25,21.45,11.75));
#9528=CARTESIAN_POINT('',(-10.,21.45,11.75));
#9529=CARTESIAN_POINT('',(-8.25,18.65,11.75));
#9530=CARTESIAN_POINT('',(-8.25,18.9,11.75));
#9531=CARTESIAN_POINT('',(-9.75,18.65,11.75));
#9532=CARTESIAN_POINT('',(-10.,18.65,11.75));
#9533=CARTESIAN_POINT('',(-9.75,15.7,11.75));
#9534=CARTESIAN_POINT('',(-9.75,44.1,11.75));
#9535=CARTESIAN_POINT('',(-8.,15.7,11.75));
#9536=CARTESIAN_POINT('',(-8.,15.7,11.75));
#9537=CARTESIAN_POINT('',(-8.,3.2,11.75));
#9538=CARTESIAN_POINT('',(-8.,44.1,11.75));
#9539=CARTESIAN_POINT('',(-9.75,3.2,11.75));
#9540=CARTESIAN_POINT('',(-10.,3.2,11.75));
#9541=CARTESIAN_POINT('',(-9.75,0.25,11.75));
#9542=CARTESIAN_POINT('',(-9.75,44.1,11.75));
#9543=CARTESIAN_POINT('',(9.75,0.25,11.75));
#9544=CARTESIAN_POINT('',(-10.,0.25,11.75));
#9545=CARTESIAN_POINT('',(9.75,44.1,11.75));
#9546=CARTESIAN_POINT('',(-4.99999999999999,3.45,11.75));
#9547=CARTESIAN_POINT('',(5.,3.45,11.75));
#9548=CARTESIAN_POINT('',(-4.99999999999999,3.45,11.75));
#9549=CARTESIAN_POINT('',(-6.,4.45000000000001,11.75));
#9550=CARTESIAN_POINT('Origin',(-5.,4.45,11.75));
#9551=CARTESIAN_POINT('',(-6.,20.2,11.75));
#9552=CARTESIAN_POINT('',(-6.,20.2,11.75));
#9553=CARTESIAN_POINT('',(-4.99999999999999,21.2,11.75));
#9554=CARTESIAN_POINT('Origin',(-5.,20.2,11.75));
#9555=CARTESIAN_POINT('',(4.99999999999999,21.2,11.75));
#9556=CARTESIAN_POINT('',(-4.99999999999999,21.2,11.75));
#9557=CARTESIAN_POINT('',(6.,20.2,11.75));
#9558=CARTESIAN_POINT('Origin',(5.,20.2,11.75));
#9559=CARTESIAN_POINT('',(6.00000000000001,4.45000000000001,11.75));
#9560=CARTESIAN_POINT('',(6.,20.2,11.75));
#9561=CARTESIAN_POINT('Origin',(5.,4.45,11.75));
#9562=CARTESIAN_POINT('Origin',(10.,44.1,-11.75));
#9563=CARTESIAN_POINT('',(10.,24.95,9.02530417929725));
#9564=CARTESIAN_POINT('',(10.,24.95,11.5));
#9565=CARTESIAN_POINT('',(10.,24.95,-11.75));
#9566=CARTESIAN_POINT('',(10.,21.45,11.5));
#9567=CARTESIAN_POINT('',(10.,44.1,11.5));
#9568=CARTESIAN_POINT('',(10.,21.45,-11.5));
#9569=CARTESIAN_POINT('',(10.,21.45,-11.75));
#9570=CARTESIAN_POINT('',(10.,34.1,-11.5));
#9571=CARTESIAN_POINT('',(10.,44.1,-11.5));
#9572=CARTESIAN_POINT('',(10.,34.1,-4.87469582070275));
#9573=CARTESIAN_POINT('',(10.,34.1,-11.75));
#9574=CARTESIAN_POINT('',(10.,40.2807861556297,-14.2640868112222));
#9575=CARTESIAN_POINT('Origin',(-10.,44.1,-11.75));
#9576=CARTESIAN_POINT('',(-10.,25.95,11.5));
#9577=CARTESIAN_POINT('',(-10.,29.569227183608,11.5));
#9578=CARTESIAN_POINT('',(-10.,44.1,11.5));
#9579=CARTESIAN_POINT('',(-10.,43.85,-9.06827973694242));
#9580=CARTESIAN_POINT('',(-10.,45.1876340092004,-10.9948442751936));
#9581=CARTESIAN_POINT('',(-10.,43.85,-11.5));
#9582=CARTESIAN_POINT('',(-10.,43.85,-11.75));
#9583=CARTESIAN_POINT('',(-10.,35.1,-11.5));
#9584=CARTESIAN_POINT('',(-10.,44.1,-11.5));
#9585=CARTESIAN_POINT('',(-10.,35.1,-4.57510139309908));
#9586=CARTESIAN_POINT('',(-10.,35.1,-11.75));
#9587=CARTESIAN_POINT('',(-10.,25.95,9.32489860690092));
#9588=CARTESIAN_POINT('',(-10.,41.1160579900109,-13.7142495965036));
#9589=CARTESIAN_POINT('',(-10.,25.95,-11.75));
#9590=CARTESIAN_POINT('Origin',(0.,44.1,0.));
#9591=CARTESIAN_POINT('',(-9.75,44.1,-11.5));
#9592=CARTESIAN_POINT('',(-9.75,44.1,-9.06827973694241));
#9593=CARTESIAN_POINT('',(-9.75,44.1,-8.98999999999999));
#9594=CARTESIAN_POINT('',(9.74999999999999,44.1,-9.06827973694242));
#9595=CARTESIAN_POINT('',(10.,44.1,-9.06827973694242));
#9596=CARTESIAN_POINT('',(9.74999999999999,44.1,-11.5));
#9597=CARTESIAN_POINT('',(9.74999999999999,44.1,-11.75));
#9598=CARTESIAN_POINT('',(-10.,44.1,-11.5));
#9599=CARTESIAN_POINT('Origin',(8.5,21.2,11.75));
#9600=CARTESIAN_POINT('',(9.74999999999999,21.2,-11.5));
#9601=CARTESIAN_POINT('',(9.75,21.2,11.5));
#9602=CARTESIAN_POINT('',(9.75,21.2,11.75));
#9603=CARTESIAN_POINT('',(8.5,21.2,11.5));
#9604=CARTESIAN_POINT('',(8.5,21.2,11.5));
#9605=CARTESIAN_POINT('',(8.49999999999999,21.2,-11.5));
#9606=CARTESIAN_POINT('',(8.5,21.2,11.75));
#9607=CARTESIAN_POINT('',(8.5,21.2,-11.5));
#9608=CARTESIAN_POINT('Origin',(8.5,18.9,11.75));
#9609=CARTESIAN_POINT('',(8.5,18.9,11.5));
#9610=CARTESIAN_POINT('',(8.49999999999999,18.9,-11.5));
#9611=CARTESIAN_POINT('',(8.5,18.9,11.75));
#9612=CARTESIAN_POINT('',(9.75,18.9,11.5));
#9613=CARTESIAN_POINT('',(8.5,18.9,11.5));
#9614=CARTESIAN_POINT('',(9.74999999999999,18.9,-11.5));
#9615=CARTESIAN_POINT('',(9.75,18.9,11.75));
#9616=CARTESIAN_POINT('',(8.5,18.9,-11.5));
#9617=CARTESIAN_POINT('Origin',(8.5,0.,-2.62053971902879E-15));
#9618=CARTESIAN_POINT('',(8.5,18.9,11.5));
#9619=CARTESIAN_POINT('',(8.49999999999999,21.2,-11.5));
#9620=CARTESIAN_POINT('Origin',(-8.5,18.9,-11.75));
#9621=CARTESIAN_POINT('',(-9.75,18.9,-11.5));
#9622=CARTESIAN_POINT('',(-9.75,18.9,11.5));
#9623=CARTESIAN_POINT('',(-9.75,18.9,-11.75));
#9624=CARTESIAN_POINT('',(-8.5,18.9,11.5));
#9625=CARTESIAN_POINT('',(-8.5,18.9,11.5));
#9626=CARTESIAN_POINT('',(-8.5,18.9,-11.5));
#9627=CARTESIAN_POINT('',(-8.5,18.9,-11.75));
#9628=CARTESIAN_POINT('',(-8.5,18.9,-11.5));
#9629=CARTESIAN_POINT('Origin',(-8.5,21.2,11.75));
#9630=CARTESIAN_POINT('',(-8.5,21.2,11.5));
#9631=CARTESIAN_POINT('',(-8.5,21.2,-11.5));
#9632=CARTESIAN_POINT('',(-8.5,21.2,11.75));
#9633=CARTESIAN_POINT('',(-9.75,21.2,11.5));
#9634=CARTESIAN_POINT('',(-8.5,21.2,11.5));
#9635=CARTESIAN_POINT('',(-9.75,21.2,-11.5));
#9636=CARTESIAN_POINT('',(-9.75,21.2,11.75));
#9637=CARTESIAN_POINT('',(-8.5,21.2,-11.5));
#9638=CARTESIAN_POINT('Origin',(-8.5,0.,1.25490634432365E-15));
#9639=CARTESIAN_POINT('',(-8.5,21.2,11.5));
#9640=CARTESIAN_POINT('',(-8.5,18.9,-11.5));
#9641=CARTESIAN_POINT('Origin',(-10.,15.45,-11.76));
#9642=CARTESIAN_POINT('',(-9.75,15.45,10.7182458365519));
#9643=CARTESIAN_POINT('',(-8.96824583655185,15.45,11.5));
#9644=CARTESIAN_POINT('Origin',(-8.,15.45,9.75));
#9645=CARTESIAN_POINT('',(-9.75,15.45,11.5));
#9646=CARTESIAN_POINT('',(-10.,15.45,11.5));
#9647=CARTESIAN_POINT('',(-9.75,15.45,9.75));
#9648=CARTESIAN_POINT('Origin',(8.,44.1,9.75));
#9649=CARTESIAN_POINT('Ctrl Pts',(8.96824583655186,15.45,11.5));
#9650=CARTESIAN_POINT('Ctrl Pts',(8.83774438315942,15.45,11.5722042793778));
#9651=CARTESIAN_POINT('Ctrl Pts',(8.67500229837352,15.48460026991,11.6381536605032));
#9652=CARTESIAN_POINT('Ctrl Pts',(8.36969178754442,15.5695678278343,11.7231212184276));
#9653=CARTESIAN_POINT('Ctrl Pts',(8.16872640631431,15.640346206965,11.75));
#9654=CARTESIAN_POINT('Ctrl Pts',(8.,15.7,11.75));
#9655=CARTESIAN_POINT('',(8.96824583655185,3.45,11.5));
#9656=CARTESIAN_POINT('Ctrl Pts',(8.,3.2,11.75));
#9657=CARTESIAN_POINT('Ctrl Pts',(8.15683032403318,3.25544789280977,11.75));
#9658=CARTESIAN_POINT('Ctrl Pts',(8.32729117829857,3.31625780549232,11.730505737754));
#9659=CARTESIAN_POINT('Ctrl Pts',(8.66031035145597,3.41313716730087,11.6456577287012));
#9660=CARTESIAN_POINT('Ctrl Pts',(8.82269511792621,3.45000000000001,11.580530787038));
#9661=CARTESIAN_POINT('Ctrl Pts',(8.96824583655185,3.45000000000001,11.5));
#9662=CARTESIAN_POINT('',(9.75,3.45,10.7182458365519));
#9663=CARTESIAN_POINT('Origin',(8.,3.45,9.75));
#9664=CARTESIAN_POINT('Ctrl Pts',(9.75,3.45000000000001,10.7182458365519));
#9665=CARTESIAN_POINT('Ctrl Pts',(9.83053078703795,3.45000000000001,10.5726951179262));
#9666=CARTESIAN_POINT('Ctrl Pts',(9.89565772870121,3.41313716730087,10.410310351456));
#9667=CARTESIAN_POINT('Ctrl Pts',(9.98050573775398,3.31625780549232,10.0772911782986));
#9668=CARTESIAN_POINT('Ctrl Pts',(10.,3.25544789280977,9.90683032403318));
#9669=CARTESIAN_POINT('Ctrl Pts',(10.,3.2,9.75));
#9670=CARTESIAN_POINT('Ctrl Pts',(10.,15.7,9.75));
#9671=CARTESIAN_POINT('Ctrl Pts',(10.,15.640346206965,9.91872640631431));
#9672=CARTESIAN_POINT('Ctrl Pts',(9.97312121842759,15.5695678278343,10.1196917875444));
#9673=CARTESIAN_POINT('Ctrl Pts',(9.88815366050325,15.48460026991,10.4250022983735));
#9674=CARTESIAN_POINT('Ctrl Pts',(9.82220427937782,15.45,10.5877443831594));
#9675=CARTESIAN_POINT('Ctrl Pts',(9.75,15.45,10.7182458365519));
#9676=CARTESIAN_POINT('Origin',(-8.,44.1,9.75));
#9677=CARTESIAN_POINT('Ctrl Pts',(-9.75,15.45,10.7182458365519));
#9678=CARTESIAN_POINT('Ctrl Pts',(-9.82220427937782,15.45,10.5877443831594));
#9679=CARTESIAN_POINT('Ctrl Pts',(-9.88815366050325,15.48460026991,10.4250022983735));
#9680=CARTESIAN_POINT('Ctrl Pts',(-9.97312121842759,15.5695678278343,10.1196917875444));
#9681=CARTESIAN_POINT('Ctrl Pts',(-10.,15.640346206965,9.91872640631431));
#9682=CARTESIAN_POINT('Ctrl Pts',(-10.,15.7,9.75));
#9683=CARTESIAN_POINT('',(-9.75,3.45,10.7182458365519));
#9684=CARTESIAN_POINT('Ctrl Pts',(-10.,3.2,9.75));
#9685=CARTESIAN_POINT('Ctrl Pts',(-10.,3.25544789280977,9.90683032403318));
#9686=CARTESIAN_POINT('Ctrl Pts',(-9.98050573775398,3.31625780549232,10.0772911782986));
#9687=CARTESIAN_POINT('Ctrl Pts',(-9.89565772870121,3.41313716730087,10.410310351456));
#9688=CARTESIAN_POINT('Ctrl Pts',(-9.83053078703795,3.45000000000001,10.5726951179262));
#9689=CARTESIAN_POINT('Ctrl Pts',(-9.75,3.45000000000001,10.7182458365519));
#9690=CARTESIAN_POINT('',(-8.96824583655185,3.45,11.5));
#9691=CARTESIAN_POINT('Origin',(-8.,3.45,9.75));
#9692=CARTESIAN_POINT('Ctrl Pts',(-8.96824583655185,3.45000000000001,11.5));
#9693=CARTESIAN_POINT('Ctrl Pts',(-8.82269511792621,3.45000000000001,11.580530787038));
#9694=CARTESIAN_POINT('Ctrl Pts',(-8.66031035145597,3.41313716730087,11.6456577287012));
#9695=CARTESIAN_POINT('Ctrl Pts',(-8.32729117829857,3.31625780549232,11.730505737754));
#9696=CARTESIAN_POINT('Ctrl Pts',(-8.15683032403317,3.25544789280977,11.75));
#9697=CARTESIAN_POINT('Ctrl Pts',(-8.,3.2,11.75));
#9698=CARTESIAN_POINT('Ctrl Pts',(-8.,15.7,11.75));
#9699=CARTESIAN_POINT('Ctrl Pts',(-8.16872640631431,15.640346206965,11.75));
#9700=CARTESIAN_POINT('Ctrl Pts',(-8.36969178754443,15.5695678278343,11.7231212184276));
#9701=CARTESIAN_POINT('Ctrl Pts',(-8.67500229837353,15.48460026991,11.6381536605032));
#9702=CARTESIAN_POINT('Ctrl Pts',(-8.83774438315943,15.45,11.5722042793778));
#9703=CARTESIAN_POINT('Ctrl Pts',(-8.96824583655186,15.45,11.5));
#9704=CARTESIAN_POINT('Origin',(-10.,3.45,-11.76));
#9705=CARTESIAN_POINT('',(9.75,3.45,11.5));
#9706=CARTESIAN_POINT('',(-10.,3.45,11.5));
#9707=CARTESIAN_POINT('',(9.75,3.45,-11.76));
#9708=CARTESIAN_POINT('Origin',(-10.,3.45,-11.76));
#9709=CARTESIAN_POINT('',(-9.75,3.45,11.5));
#9710=CARTESIAN_POINT('',(-9.75,3.45,-11.76));
#9711=CARTESIAN_POINT('',(-10.,3.45,11.5));
#9712=CARTESIAN_POINT('Origin',(0.,0.,0.));
#9713=CARTESIAN_POINT('',(-9.75,0.,-11.5));
#9714=CARTESIAN_POINT('',(9.74999999999999,0.,-11.5));
#9715=CARTESIAN_POINT('',(0.,0.,-11.5));
#9716=CARTESIAN_POINT('',(9.75,0.,11.5));
#9717=CARTESIAN_POINT('',(9.75,0.,-2.15917709243922E-15));
#9718=CARTESIAN_POINT('',(-9.75,0.,11.5));
#9719=CARTESIAN_POINT('',(0.,0.,11.5));
#9720=CARTESIAN_POINT('',(-9.75,0.,1.43945139495948E-15));
#9721=CARTESIAN_POINT('Origin',(-10.,25.7,11.25));
#9722=CARTESIAN_POINT('',(9.5,25.7,9.25));
#9723=CARTESIAN_POINT('',(9.75,25.7,9.25));
#9724=CARTESIAN_POINT('',(9.5,25.7,9.25));
#9725=CARTESIAN_POINT('',(9.75,25.7,11.5));
#9726=CARTESIAN_POINT('',(9.75,25.7,11.25));
#9727=CARTESIAN_POINT('',(-9.75,25.7,11.5));
#9728=CARTESIAN_POINT('',(-10.,25.7,11.5));
#9729=CARTESIAN_POINT('',(-9.75,25.7,9.25000000000001));
#9730=CARTESIAN_POINT('',(-9.75,25.7,11.25));
#9731=CARTESIAN_POINT('',(-9.5,25.7,9.25000000000001));
#9732=CARTESIAN_POINT('',(-9.5,25.7,9.25000000000001));
#9733=CARTESIAN_POINT('',(-9.5,25.7,11.75));
#9734=CARTESIAN_POINT('',(9.5,25.7,11.75));
#9735=CARTESIAN_POINT('Origin',(-10.,25.2,11.25));
#9736=CARTESIAN_POINT('',(-9.75,25.2,11.5));
#9737=CARTESIAN_POINT('',(9.75,25.2,11.5));
#9738=CARTESIAN_POINT('',(-10.,25.2,11.5));
#9739=CARTESIAN_POINT('',(9.75,25.2,9.10020278619817));
#9740=CARTESIAN_POINT('',(9.75,25.2,11.25));
#9741=CARTESIAN_POINT('',(9.5,25.2,9.10020278619817));
#9742=CARTESIAN_POINT('',(9.5,25.2,9.10020278619817));
#9743=CARTESIAN_POINT('',(9.5,25.2,11.75));
#9744=CARTESIAN_POINT('',(-9.5,25.2,9.10020278619817));
#9745=CARTESIAN_POINT('',(-9.5,25.2,9.10020278619817));
#9746=CARTESIAN_POINT('',(-9.75,25.2,9.10020278619817));
#9747=CARTESIAN_POINT('',(-9.5,25.2,9.10020278619817));
#9748=CARTESIAN_POINT('',(-9.75,25.2,11.25));
#9749=CARTESIAN_POINT('Origin',(10.,34.85,-11.25));
#9750=CARTESIAN_POINT('',(-9.75,34.85,-11.5));
#9751=CARTESIAN_POINT('',(9.74999999999999,34.85,-11.5));
#9752=CARTESIAN_POINT('',(10.,34.85,-11.5));
#9753=CARTESIAN_POINT('',(9.75,34.85,-4.65));
#9754=CARTESIAN_POINT('',(9.74999999999999,34.85,-11.25));
#9755=CARTESIAN_POINT('',(9.49999999999999,34.85,-4.65));
#9756=CARTESIAN_POINT('',(9.49999999999999,34.85,-4.65));
#9757=CARTESIAN_POINT('',(9.49999999999999,34.85,-4.65));
#9758=CARTESIAN_POINT('',(-9.5,34.85,-4.65));
#9759=CARTESIAN_POINT('',(-9.5,34.85,-4.65));
#9760=CARTESIAN_POINT('',(-9.75,34.85,-4.65));
#9761=CARTESIAN_POINT('',(-9.5,34.85,-4.65));
#9762=CARTESIAN_POINT('',(-9.75,34.85,-11.25));
#9763=CARTESIAN_POINT('Origin',(10.,34.35,-11.25));
#9764=CARTESIAN_POINT('',(9.49999999999999,34.35,-4.79979721380183));
#9765=CARTESIAN_POINT('',(9.75,34.35,-4.79979721380183));
#9766=CARTESIAN_POINT('',(9.49999999999999,34.35,-4.79979721380183));
#9767=CARTESIAN_POINT('',(9.74999999999999,34.35,-11.5));
#9768=CARTESIAN_POINT('',(9.74999999999999,34.35,-11.25));
#9769=CARTESIAN_POINT('',(-9.75,34.35,-11.5));
#9770=CARTESIAN_POINT('',(10.,34.35,-11.5));
#9771=CARTESIAN_POINT('',(-9.75,34.35,-4.79979721380183));
#9772=CARTESIAN_POINT('',(-9.75,34.35,-11.25));
#9773=CARTESIAN_POINT('',(-9.5,34.35,-4.79979721380183));
#9774=CARTESIAN_POINT('',(-9.5,34.35,-4.79979721380183));
#9775=CARTESIAN_POINT('',(-9.5,34.35,-11.75));
#9776=CARTESIAN_POINT('',(9.49999999999999,34.35,-4.79979721380183));
#9777=CARTESIAN_POINT('Origin',(9.5,25.7,9.25));
#9778=CARTESIAN_POINT('',(9.75,25.7,9.25));
#9779=CARTESIAN_POINT('',(9.5,25.7,9.25));
#9780=CARTESIAN_POINT('Origin',(9.5,25.2,9.10020278619817));
#9781=CARTESIAN_POINT('',(9.75,25.2,9.10020278619817));
#9782=CARTESIAN_POINT('',(9.5,25.2,9.10020278619817));
#9783=CARTESIAN_POINT('Origin',(9.49999999999999,0.,-6.43590026223267E-15));
#9784=CARTESIAN_POINT('Origin',(-9.5,34.35,-4.79979721380183));
#9785=CARTESIAN_POINT('',(-9.75,34.35,-4.79979721380183));
#9786=CARTESIAN_POINT('',(-9.5,34.35,-4.79979721380183));
#9787=CARTESIAN_POINT('Origin',(-9.5,25.7,9.25000000000001));
#9788=CARTESIAN_POINT('',(-9.75,25.7,9.25000000000001));
#9789=CARTESIAN_POINT('',(-9.5,25.7,9.25000000000001));
#9790=CARTESIAN_POINT('Origin',(-9.5,0.,-7.38180202543322E-17));
#9791=CARTESIAN_POINT('Ctrl Pts',(7.,42.8781914414162,-7.51556433980575));
#9792=CARTESIAN_POINT('Ctrl Pts',(7.,42.945912515152,-7.51556433980575));
#9793=CARTESIAN_POINT('Ctrl Pts',(7.29716818399765,42.8781914414162,-7.51556433980575));
#9794=CARTESIAN_POINT('Ctrl Pts',(7.29716818399765,42.945912515152,-7.51556433980575));
#9795=CARTESIAN_POINT('Ctrl Pts',(7.56706406276486,42.8072668576412,-7.41341323789646));
#9796=CARTESIAN_POINT('Ctrl Pts',(7.56706406276486,42.8749879313769,-7.41341323789646));
#9797=CARTESIAN_POINT('Ctrl Pts',(7.76014880151007,42.6784357519242,-7.22786065924581));
#9798=CARTESIAN_POINT('Ctrl Pts',(7.76014880151007,42.74615682566,-7.22786065924581));
#9799=CARTESIAN_POINT('',(7.,42.8785929497585,-7.51556433980576));
#9800=CARTESIAN_POINT('',(7.,42.9455110068097,-7.51556433980576));
#9801=CARTESIAN_POINT('',(7.,42.8262838232017,-7.51556433980576));
#9802=CARTESIAN_POINT('',(7.7567917119793,42.700184605989,-7.23106884300762));
#9803=CARTESIAN_POINT('Ctrl Pts',(7.,42.8785929497585,-7.51556433980576));
#9804=CARTESIAN_POINT('Ctrl Pts',(7.1431783415346,42.8785929497585,-7.51556433980575));
#9805=CARTESIAN_POINT('Ctrl Pts',(7.28463617320258,42.8623663545318,-7.4901968447651));
#9806=CARTESIAN_POINT('Ctrl Pts',(7.54342391723445,42.8012444672987,-7.39350838577555));
#9807=CARTESIAN_POINT('Ctrl Pts',(7.66128020560966,42.7561943739816,-7.32190425902));
#9808=CARTESIAN_POINT('Ctrl Pts',(7.75679229920867,42.7001846081257,-7.23106945840955));
#9809=CARTESIAN_POINT('Ctrl Pts',(7.75679229920867,42.7001846081257,-7.23106945840955));
#9810=CARTESIAN_POINT('Ctrl Pts',(7.66718123044353,42.7759100098234,-7.31629221143541));
#9811=CARTESIAN_POINT('Ctrl Pts',(7.55227567025633,42.8383729920626,-7.38895007465226));
#9812=CARTESIAN_POINT('Ctrl Pts',(7.29282280797591,42.9228565088156,-7.4883098786596));
#9813=CARTESIAN_POINT('Ctrl Pts',(7.14711306571991,42.9455110068097,-7.51556433980575));
#9814=CARTESIAN_POINT('Ctrl Pts',(7.,42.9455110068097,-7.51556433980576));
#9815=CARTESIAN_POINT('Ctrl Pts',(-6.99999999999999,42.8781914414162,-7.51556433980575));
#9816=CARTESIAN_POINT('Ctrl Pts',(-6.99999999999999,42.945912515152,-7.51556433980575));
#9817=CARTESIAN_POINT('Ctrl Pts',(-7.29716818399765,42.8781914414162,-7.51556433980576));
#9818=CARTESIAN_POINT('Ctrl Pts',(-7.29716818399765,42.945912515152,-7.51556433980576));
#9819=CARTESIAN_POINT('Ctrl Pts',(-7.56706406276485,42.8072668576412,-7.41341323789646));
#9820=CARTESIAN_POINT('Ctrl Pts',(-7.56706406276485,42.8749879313769,-7.41341323789646));
#9821=CARTESIAN_POINT('Ctrl Pts',(-7.76014880151007,42.6784357519242,-7.22786065924581));
#9822=CARTESIAN_POINT('Ctrl Pts',(-7.76014880151007,42.74615682566,-7.22786065924581));
#9823=CARTESIAN_POINT('',(-6.99999999999999,42.9455110068097,-7.51556433980575));
#9824=CARTESIAN_POINT('',(-7.75679171190403,42.7001846060332,-7.23106884307928));
#9825=CARTESIAN_POINT('Ctrl Pts',(-6.99999999999999,42.9455110068097,-7.51556433980575));
#9826=CARTESIAN_POINT('Ctrl Pts',(-7.073685123567,42.9455110068097,-7.51556433980576));
#9827=CARTESIAN_POINT('Ctrl Pts',(-7.1457915982557,42.9399911085654,-7.50895613302615));
#9828=CARTESIAN_POINT('Ctrl Pts',(-7.28700494349847,42.9183888724597,-7.48324566358451));
#9829=CARTESIAN_POINT('Ctrl Pts',(-7.35688517391821,42.9019547436637,-7.46372894983279));
#9830=CARTESIAN_POINT('Ctrl Pts',(-7.5518923523325,42.8385804959244,-7.38919148615419));
#9831=CARTESIAN_POINT('Ctrl Pts',(-7.66702890996398,42.7760387275104,-7.3164370726762));
#9832=CARTESIAN_POINT('Ctrl Pts',(-7.75679229920867,42.7001846081257,-7.23106945840955));
#9833=CARTESIAN_POINT('',(-6.99999999999999,42.8785929497585,-7.51556433980575));
#9834=CARTESIAN_POINT('Ctrl Pts',(-7.75679229920866,42.7001846081257,-7.23106945840955));
#9835=CARTESIAN_POINT('Ctrl Pts',(-7.71627900531215,42.7239422236899,-7.26959878840846));
#9836=CARTESIAN_POINT('Ctrl Pts',(-7.67181770610478,42.745647097859,-7.3046144515017));
#9837=CARTESIAN_POINT('Ctrl Pts',(-7.62414678735186,42.7651007589286,-7.33585402895501));
#9838=CARTESIAN_POINT('Ctrl Pts',(-7.57986870835008,42.7831698619425,-7.3648702198455));
#9839=CARTESIAN_POINT('Ctrl Pts',(-7.53282354680359,42.7992968933318,-7.39062779022466));
#9840=CARTESIAN_POINT('Ctrl Pts',(-7.48363268699593,42.8133242805049,-7.41292908296003));
#9841=CARTESIAN_POINT('Ctrl Pts',(-7.44673954214019,42.8238448208848,-7.42965505251156));
#9842=CARTESIAN_POINT('Ctrl Pts',(-7.4086400613864,42.83318435086,-7.44443727857856));
#9843=CARTESIAN_POINT('Ctrl Pts',(-7.36959999161763,42.8412760072266,-7.45719875925312));
#9844=CARTESIAN_POINT('Ctrl Pts',(-7.31103988696448,42.8534134917765,-7.47634098026495));
#9845=CARTESIAN_POINT('Ctrl Pts',(-7.25036413115992,42.86274317608,-7.49093583992563));
#9846=CARTESIAN_POINT('Ctrl Pts',(-7.18846770232982,42.8690380612454,-7.50074147021601));
#9847=CARTESIAN_POINT('Ctrl Pts',(-7.12657127349973,42.8753329464108,-7.51054710050639));
#9848=CARTESIAN_POINT('Ctrl Pts',(-7.0634549329985,42.8785929458252,-7.51556433980576));
#9849=CARTESIAN_POINT('Ctrl Pts',(-6.99999999999999,42.8785929497585,-7.51556433980575));
#9850=CARTESIAN_POINT('',(-6.99999999999999,42.8262838232017,-7.51556433980575));
#9851=CARTESIAN_POINT('Origin',(-6.99999999999999,42.8262838232017,-7.51556433980576));
#9852=CARTESIAN_POINT('',(-6.99999999999999,42.8785929497585,-7.51556433980576));
#9853=CARTESIAN_POINT('',(-6.99999999999999,42.9455110068097,-7.51556433980576));
#9854=CARTESIAN_POINT('Origin',(7.,42.255962238001,-6.69414283445414));
#9855=CARTESIAN_POINT('',(7.,31.107733089052,9.36240387035146));
#9856=CARTESIAN_POINT('',(7.92726848541959,31.6365743215632,8.60072559519298));
#9857=CARTESIAN_POINT('Ctrl Pts',(7.,31.107733089052,9.36240387035146));
#9858=CARTESIAN_POINT('Ctrl Pts',(7.03766745054991,31.107733089052,9.36240387035146));
#9859=CARTESIAN_POINT('Ctrl Pts',(7.07511644685555,31.1090557920312,9.36049881064396));
#9860=CARTESIAN_POINT('Ctrl Pts',(7.11218318570264,31.1116410149544,9.3567753715171));
#9861=CARTESIAN_POINT('Ctrl Pts',(7.14978301616587,31.1142634183987,9.35299838211192));
#9862=CARTESIAN_POINT('Ctrl Pts',(7.18699052741057,31.1181849854101,9.34735023629132));
#9863=CARTESIAN_POINT('Ctrl Pts',(7.22363931524581,31.1233734478616,9.33987740912158));
#9864=CARTESIAN_POINT('Ctrl Pts',(7.26014380552926,31.1285414817403,9.33243400477122));
#9865=CARTESIAN_POINT('Ctrl Pts',(7.29609497367269,31.134966584816,9.32318007159136));
#9866=CARTESIAN_POINT('Ctrl Pts',(7.33131767102927,31.1426453352637,9.31212053796053));
#9867=CARTESIAN_POINT('Ctrl Pts',(7.33919758018195,31.1443632007446,9.30964633448316));
#9868=CARTESIAN_POINT('Ctrl Pts',(7.34704095298238,31.1461439192264,9.30708160522525));
#9869=CARTESIAN_POINT('Ctrl Pts',(7.35484567490025,31.1479876389498,9.30442613667923));
#9870=CARTESIAN_POINT('Ctrl Pts',(7.46708946813744,31.1745031378485,9.26623645284876));
#9871=CARTESIAN_POINT('Ctrl Pts',(7.56991104993774,31.2137473653719,9.20971386404068));
#9872=CARTESIAN_POINT('Ctrl Pts',(7.65544338893591,31.2624934364076,9.13950598117404));
#9873=CARTESIAN_POINT('Ctrl Pts',(7.70313245953731,31.2896721018152,9.10036115335781));
#9874=CARTESIAN_POINT('Ctrl Pts',(7.74566547699406,31.3199893776036,9.05669585475699));
#9875=CARTESIAN_POINT('Ctrl Pts',(7.78199799841217,31.3525007399411,9.00987046205707));
#9876=CARTESIAN_POINT('Ctrl Pts',(7.81089118151573,31.3783551730577,8.97263289658218));
#9877=CARTESIAN_POINT('Ctrl Pts',(7.83586291047312,31.405598051299,8.93339558444853));
#9878=CARTESIAN_POINT('Ctrl Pts',(7.85636967669003,31.4337627645824,8.89283057378901));
#9879=CARTESIAN_POINT('Ctrl Pts',(7.88107701997554,31.4676966980105,8.84395628355993));
#9880=CARTESIAN_POINT('Ctrl Pts',(7.89962292135043,31.5033790443373,8.79256379308638));
#9881=CARTESIAN_POINT('Ctrl Pts',(7.91154258547054,31.5399060659157,8.7399547356186));
#9882=CARTESIAN_POINT('Ctrl Pts',(7.92191418280144,31.5716891393053,8.69417828130612));
#9883=CARTESIAN_POINT('Ctrl Pts',(7.92726848542722,31.6041122239834,8.64748003295723));
#9884=CARTESIAN_POINT('Ctrl Pts',(7.92726848543051,31.6365743215618,8.600725595195));
#9885=CARTESIAN_POINT('',(7.92726848541959,42.2559622380005,-6.6941428344535));
#9886=CARTESIAN_POINT('',(7.92726848541959,42.255962238001,-6.69414283445414));
#9887=CARTESIAN_POINT('',(7.89502674209685,42.3942037374665,-6.89324899410098));
#9888=CARTESIAN_POINT('Origin',(7.00403021790529,42.2562679751599,-6.69458318089074));
#9889=CARTESIAN_POINT('',(7.68787815852752,42.6180424575905,-7.21563892850186));
#9890=CARTESIAN_POINT('Origin',(6.72647355938285,42.139717862832,-6.52671864410658));
#9891=CARTESIAN_POINT('',(7.,42.7964507992233,-7.47259649832583));
#9892=CARTESIAN_POINT('Origin',(7.04624634782653,42.3478842306649,-6.82653603777717));
#9893=CARTESIAN_POINT('',(-6.99999999999999,42.7964507992233,-7.47259649832583));
#9894=CARTESIAN_POINT('',(7.,42.7964507992233,-7.47259649832583));
#9895=CARTESIAN_POINT('',(-7.68787815852752,42.6180424575905,-7.21563892850186));
#9896=CARTESIAN_POINT('Origin',(-7.03922294253068,42.3390572098288,-6.81382267582281));
#9897=CARTESIAN_POINT('',(-7.89502674209685,42.3942037374665,-6.89324899410097));
#9898=CARTESIAN_POINT('Origin',(-6.726473559725,42.1397178629505,-6.52671864427717));
#9899=CARTESIAN_POINT('',(-7.92726848541958,42.255962238001,-6.69414283445413));
#9900=CARTESIAN_POINT('Origin',(-7.0040302179161,42.2562679751615,-6.69458318089147));
#9901=CARTESIAN_POINT('',(-7.92726848541958,31.6365743215632,8.60072559519298));
#9902=CARTESIAN_POINT('',(-7.92726848541958,42.255962238001,-6.69414283445413));
#9903=CARTESIAN_POINT('',(-6.99999999999999,31.107733089052,9.36240387035146));
#9904=CARTESIAN_POINT('Ctrl Pts',(-7.92726848541958,31.6365743215632,8.60072559519299));
#9905=CARTESIAN_POINT('Ctrl Pts',(-7.92726848541958,31.6150917614553,8.63166644912624));
#9906=CARTESIAN_POINT('Ctrl Pts',(-7.92494926234708,31.5937337905182,8.66242786004529));
#9907=CARTESIAN_POINT('Ctrl Pts',(-7.92041634093882,31.5725938292609,8.69287527646733));
#9908=CARTESIAN_POINT('Ctrl Pts',(-7.91581822732653,31.5511498343476,8.72376058580766));
#9909=CARTESIAN_POINT('Ctrl Pts',(-7.90894216456967,31.529929587553,8.75432363570492));
#9910=CARTESIAN_POINT('Ctrl Pts',(-7.89984473149648,31.509027992779,8.78442773817811));
#9911=CARTESIAN_POINT('Ctrl Pts',(-7.89078311781569,31.4882086940129,8.81441331153975));
#9912=CARTESIAN_POINT('Ctrl Pts',(-7.87951736312103,31.4677049668069,8.84394437419617));
#9913=CARTESIAN_POINT('Ctrl Pts',(-7.86605346722931,31.4476167022149,8.87287705528221));
#9914=CARTESIAN_POINT('Ctrl Pts',(-7.86304136752054,31.4431226199363,8.87934978211952));
#9915=CARTESIAN_POINT('Ctrl Pts',(-7.85991906156575,31.4386493751281,8.88579249721136));
#9916=CARTESIAN_POINT('Ctrl Pts',(-7.85668628944042,31.4341981737525,8.89220346363708));
#9917=CARTESIAN_POINT('Ctrl Pts',(-7.81019410049521,31.3701831156645,8.98440292924437));
#9918=CARTESIAN_POINT('Ctrl Pts',(-7.74138340045891,31.3115417481393,9.0688627877494));
#9919=CARTESIAN_POINT('Ctrl Pts',(-7.65591219912157,31.262760808976,9.13912089040541));
#9920=CARTESIAN_POINT('Ctrl Pts',(-7.60825721618912,31.2355627026328,9.17829371856918));
#9921=CARTESIAN_POINT('Ctrl Pts',(-7.55509900409181,31.2113052046926,9.21323125379686));
#9922=CARTESIAN_POINT('Ctrl Pts',(-7.49809368782363,31.1905839834826,9.24307556823415));
#9923=CARTESIAN_POINT('Ctrl Pts',(-7.45276060945818,31.1741055774945,9.26680905019193));
#9924=CARTESIAN_POINT('Ctrl Pts',(-7.40499303595781,31.1598636614512,9.28732136538213));
#9925=CARTESIAN_POINT('Ctrl Pts',(-7.35560911991332,31.1481682100356,9.30416606415712));
#9926=CARTESIAN_POINT('Ctrl Pts',(-7.29610947215467,31.1340770788466,9.32446120727233));
#9927=CARTESIAN_POINT('Ctrl Pts',(-7.23354416294422,31.1234999509754,9.33969520949798));
#9928=CARTESIAN_POINT('Ctrl Pts',(-7.16949780291353,31.1167019092393,9.34948627794279));
#9929=CARTESIAN_POINT('Ctrl Pts',(-7.11376946610542,31.1107867634087,9.35800573103493));
#9930=CARTESIAN_POINT('Ctrl Pts',(-7.05691893559971,31.1077330890477,9.36240387035773));
#9931=CARTESIAN_POINT('Ctrl Pts',(-7.00000000000245,31.1077330890458,9.36240387036043));
#9932=CARTESIAN_POINT('',(7.,31.107733089052,9.36240387035146));
#9933=CARTESIAN_POINT('',(-6.99999999999999,42.6522727322161,-7.2649400323724));
#9934=CARTESIAN_POINT('',(7.,42.6522727322161,-7.26494003237241));
#9935=CARTESIAN_POINT('',(7.,42.6522727322161,-7.26494003237241));
#9936=CARTESIAN_POINT('',(7.6,42.2976808885068,-6.75422927969659));
#9937=CARTESIAN_POINT('Ctrl Pts',(7.,42.6522727322161,-7.26494003237241));
#9938=CARTESIAN_POINT('Ctrl Pts',(7.16155880489551,42.6522727322161,-7.2649400323724));
#9939=CARTESIAN_POINT('Ctrl Pts',(7.31859407145323,42.6124267268875,-7.20755071636437));
#9940=CARTESIAN_POINT('Ctrl Pts',(7.53846755007876,42.4800332970277,-7.01686740141354));
#9941=CARTESIAN_POINT('Ctrl Pts',(7.6,42.3897215378469,-6.88679338159338));
#9942=CARTESIAN_POINT('Ctrl Pts',(7.6,42.2976808885068,-6.75422927969659));
#9943=CARTESIAN_POINT('',(7.6,31.6782929720691,8.54063914995053));
#9944=CARTESIAN_POINT('',(7.6,42.255962238001,-6.69414283445414));
#9945=CARTESIAN_POINT('Ctrl Pts',(7.6,31.6782929720691,8.54063914995053));
#9946=CARTESIAN_POINT('Ctrl Pts',(7.6,31.5863118517958,8.67311751345523));
#9947=CARTESIAN_POINT('Ctrl Pts',(7.5377968394571,31.4954325978938,8.80400888331134));
#9948=CARTESIAN_POINT('Ctrl Pts',(7.31860337664845,31.3636571589895,8.99380211962202));
#9949=CARTESIAN_POINT('Ctrl Pts',(7.16143204048377,31.3237011283597,9.05134990262634));
#9950=CARTESIAN_POINT('Ctrl Pts',(7.,31.3237011283597,9.05134990262634));
#9951=CARTESIAN_POINT('',(-7.6,31.6782929720691,8.54063914995053));
#9952=CARTESIAN_POINT('Ctrl Pts',(-6.99999999999999,31.3237011283597,9.05134990262634));
#9953=CARTESIAN_POINT('Ctrl Pts',(-7.16155880489551,31.3237011283597,9.05134990262634));
#9954=CARTESIAN_POINT('Ctrl Pts',(-7.31859407145322,31.3635471336884,8.99396058661831));
#9955=CARTESIAN_POINT('Ctrl Pts',(-7.53846755007875,31.4959405635481,8.80327727166748));
#9956=CARTESIAN_POINT('Ctrl Pts',(-7.59999999999999,31.586252322729,8.67320325184732));
#9957=CARTESIAN_POINT('Ctrl Pts',(-7.6,31.6782929720691,8.54063914995053));
#9958=CARTESIAN_POINT('',(-7.6,42.2976808885068,-6.75422927969659));
#9959=CARTESIAN_POINT('',(-7.6,42.255962238001,-6.69414283445413));
#9960=CARTESIAN_POINT('Ctrl Pts',(-7.6,42.2976808885068,-6.75422927969659));
#9961=CARTESIAN_POINT('Ctrl Pts',(-7.6,42.3896620087801,-6.8867076432013));
#9962=CARTESIAN_POINT('Ctrl Pts',(-7.53779683945709,42.4805412626821,-7.0175990130574));
#9963=CARTESIAN_POINT('Ctrl Pts',(-7.31860337664844,42.6123167015863,-7.20739224936808));
#9964=CARTESIAN_POINT('Ctrl Pts',(-7.16143204048376,42.6522727322161,-7.2649400323724));
#9965=CARTESIAN_POINT('Ctrl Pts',(-6.99999999999999,42.6522727322161,-7.2649400323724));
#9966=CARTESIAN_POINT('Ctrl Pts',(7.,30.9327302065993,8.89431774410627));
#9967=CARTESIAN_POINT('Ctrl Pts',(7.,31.3132595878676,8.89431774410627));
#9968=CARTESIAN_POINT('Ctrl Pts',(7.29289321881346,30.9327302065993,8.89431774410627));
#9969=CARTESIAN_POINT('Ctrl Pts',(7.29289321881346,31.3132595878675,8.89431774410627));
#9970=CARTESIAN_POINT('Ctrl Pts',(7.50000000000001,31.0508476743514,8.72419578013549));
#9971=CARTESIAN_POINT('Ctrl Pts',(7.50000000000001,31.4313770556197,8.72419578013549));
#9972=CARTESIAN_POINT('Ctrl Pts',(7.5,31.2178909991997,8.48360699143045));
#9973=CARTESIAN_POINT('Ctrl Pts',(7.5,31.5984203804679,8.48360699143045));
#9974=CARTESIAN_POINT('',(7.,30.9327302065993,8.89431774410627));
#9975=CARTESIAN_POINT('',(7.,30.9327302065993,8.89431774410627));
#9976=CARTESIAN_POINT('',(7.5,31.5961508215339,8.48360699143046));
#9977=CARTESIAN_POINT('Ctrl Pts',(7.,31.2415589778246,8.89431774410627));
#9978=CARTESIAN_POINT('Ctrl Pts',(7.13812305986803,31.2415589778246,8.89431774410627));
#9979=CARTESIAN_POINT('Ctrl Pts',(7.27170821136646,31.2810629915304,8.84475626554435));
#9980=CARTESIAN_POINT('Ctrl Pts',(7.4522749205745,31.412647080012,8.68908879028711));
#9981=CARTESIAN_POINT('Ctrl Pts',(7.5,31.5039434004421,8.58604676703497));
#9982=CARTESIAN_POINT('Ctrl Pts',(7.5,31.5961508215339,8.48360699143046));
#9983=CARTESIAN_POINT('',(7.5,31.2178909991997,8.48360699143046));
#9984=CARTESIAN_POINT('',(7.5,31.2178909991997,8.48360699143046));
#9985=CARTESIAN_POINT('Origin',(7.,31.2178909991997,8.48360699143046));
#9986=CARTESIAN_POINT('Origin',(-6.99999999999999,30.9327302065993,8.89431774410627));
#9987=CARTESIAN_POINT('',(-6.99999999999999,30.9327302065993,8.89431774410627));
#9988=CARTESIAN_POINT('',(-6.99999999999999,30.9327302065993,8.89431774410627));
#9989=CARTESIAN_POINT('',(-6.99999999999999,30.9327302065993,8.89431774410627));
#9990=CARTESIAN_POINT('Ctrl Pts',(-7.5,31.2178909991997,8.48360699143045));
#9991=CARTESIAN_POINT('Ctrl Pts',(-7.5,31.5984203804679,8.48360699143045));
#9992=CARTESIAN_POINT('Ctrl Pts',(-7.5,31.0508476743514,8.72419578013548));
#9993=CARTESIAN_POINT('Ctrl Pts',(-7.5,31.4313770556197,8.72419578013548));
#9994=CARTESIAN_POINT('Ctrl Pts',(-7.29289321881345,30.9327302065993,8.89431774410627));
#9995=CARTESIAN_POINT('Ctrl Pts',(-7.29289321881345,31.3132595878676,8.89431774410627));
#9996=CARTESIAN_POINT('Ctrl Pts',(-6.99999999999999,30.9327302065993,8.89431774410627));
#9997=CARTESIAN_POINT('Ctrl Pts',(-6.99999999999999,31.3132595878676,8.89431774410627));
#9998=CARTESIAN_POINT('',(-7.5,31.2178909991997,8.48360699143045));
#9999=CARTESIAN_POINT('',(-7.5,31.5961508215339,8.48360699143045));
#10000=CARTESIAN_POINT('',(-7.5,31.2178909991997,8.48360699143045));
#10001=CARTESIAN_POINT('Ctrl Pts',(-7.5,31.5961508215339,8.48360699143045));
#10002=CARTESIAN_POINT('Ctrl Pts',(-7.5,31.5729969518564,8.50933027038192));
#10003=CARTESIAN_POINT('Ctrl Pts',(-7.49696686768821,31.5499291265608,8.53505966980094));
#10004=CARTESIAN_POINT('Ctrl Pts',(-7.49103187727317,31.5273248972879,8.56039900807178));
#10005=CARTESIAN_POINT('Ctrl Pts',(-7.48490139420866,31.5039761073061,8.58657299880678));
#10006=CARTESIAN_POINT('Ctrl Pts',(-7.47567480754303,31.481120817821,8.61233198664326));
#10007=CARTESIAN_POINT('Ctrl Pts',(-7.46344350353849,31.459159955954,8.63725694708213));
#10008=CARTESIAN_POINT('Ctrl Pts',(-7.45147765308515,31.4376757062918,8.661640966076));
#10009=CARTESIAN_POINT('Ctrl Pts',(-7.43663575198465,31.4170463372177,8.68522796865595));
#10010=CARTESIAN_POINT('Ctrl Pts',(-7.41895594031313,31.3976502117356,8.70762418890312));
#10011=CARTESIAN_POINT('Ctrl Pts',(-7.4027071085368,31.3798239822526,8.72820768956384));
#10012=CARTESIAN_POINT('Ctrl Pts',(-7.38406059137534,31.3630388230043,8.74778603261216));
#10013=CARTESIAN_POINT('Ctrl Pts',(-7.36301257228073,31.3476028798691,8.76603969639494));
#10014=CARTESIAN_POINT('Ctrl Pts',(-7.36275666515391,31.3474152057778,8.76626162904484));
#10015=CARTESIAN_POINT('Ctrl Pts',(-7.36250040949777,31.3472277394222,8.7664833389192));
#10016=CARTESIAN_POINT('Ctrl Pts',(-7.3622438060244,31.3470404810901,8.76670482554965));
#10017=CARTESIAN_POINT('Ctrl Pts',(-7.34230534673222,31.3324902390985,8.78391465559235));
#10018=CARTESIAN_POINT('Ctrl Pts',(-7.3202959010058,31.3192307964733,8.79975106110425));
#10019=CARTESIAN_POINT('Ctrl Pts',(-7.29660553682632,31.3074016792565,8.8139774733768));
#10020=CARTESIAN_POINT('Ctrl Pts',(-7.27563851660796,31.2969323872703,8.82656847752909));
#10021=CARTESIAN_POINT('Ctrl Pts',(-7.25335559497165,31.2875823820858,8.83789752436597));
#10022=CARTESIAN_POINT('Ctrl Pts',(-7.23003774711379,31.2794465306277,8.84780107594653));
#10023=CARTESIAN_POINT('Ctrl Pts',(-7.19779412899591,31.2681963805678,8.86149557884924));
#10024=CARTESIAN_POINT('Ctrl Pts',(-7.1635716888229,31.2592674359469,8.87246221795332));
#10025=CARTESIAN_POINT('Ctrl Pts',(-7.12813105489256,31.2529109703586,8.88029306759769));
#10026=CARTESIAN_POINT('Ctrl Pts',(-7.12512690386022,31.2523721599441,8.88095685524578));
#10027=CARTESIAN_POINT('Ctrl Pts',(-7.12211400114074,31.2518518136333,8.88159813585879));
#10028=CARTESIAN_POINT('Ctrl Pts',(-7.1190928098833,31.2513500732251,8.88221667491618));
#10029=CARTESIAN_POINT('Ctrl Pts',(-7.08440342975528,31.2455890795437,8.88931875308922));
#10030=CARTESIAN_POINT('Ctrl Pts',(-7.04862428999003,31.2422832760561,8.89341891725639));
#10031=CARTESIAN_POINT('Ctrl Pts',(-7.01244652067157,31.2416653153193,8.89418575850046));
#10032=CARTESIAN_POINT('Ctrl Pts',(-7.00830256174231,31.2415945314109,8.89427359582931));
#10033=CARTESIAN_POINT('Ctrl Pts',(-7.00415337490645,31.2415589785781,8.89431774410627));
#10034=CARTESIAN_POINT('Ctrl Pts',(-6.99999999999999,31.2415589778246,8.89431774410627));
#10035=CARTESIAN_POINT('Origin',(-6.99999999999999,31.2178909991997,8.48360699143046));
#10036=CARTESIAN_POINT('Origin',(-7.5,41.8372789156374,-6.81126143821667));
#10037=CARTESIAN_POINT('',(-7.5,41.8372789156374,-6.81126143821667));
#10038=CARTESIAN_POINT('',(-7.5,42.2155387379717,-6.81126143821667));
#10039=CARTESIAN_POINT('',(-7.5,41.8372789156374,-6.81126143821667));
#10040=CARTESIAN_POINT('',(-7.5,42.0925034098293,-6.63405638921168));
#10041=CARTESIAN_POINT('',(-7.5,41.8372789156374,-6.81126143821667));
#10042=CARTESIAN_POINT('Ctrl Pts',(-6.99999999999999,42.1224397082378,-7.22197219089248));
#10043=CARTESIAN_POINT('Ctrl Pts',(-6.99999999999999,42.5728167269216,-7.22197219089248));
#10044=CARTESIAN_POINT('Ctrl Pts',(-7.29289321881345,42.1224397082378,-7.22197219089248));
#10045=CARTESIAN_POINT('Ctrl Pts',(-7.29289321881345,42.5728167269217,-7.22197219089248));
#10046=CARTESIAN_POINT('Ctrl Pts',(-7.5,42.0043222404856,-7.0518502269217));
#10047=CARTESIAN_POINT('Ctrl Pts',(-7.5,42.4546992591695,-7.0518502269217));
#10048=CARTESIAN_POINT('Ctrl Pts',(-7.5,41.8372789156374,-6.81126143821666));
#10049=CARTESIAN_POINT('Ctrl Pts',(-7.5,42.2876559343213,-6.81126143821666));
#10050=CARTESIAN_POINT('',(-6.99999999999999,42.1224397082378,-7.22197219089248));
#10051=CARTESIAN_POINT('',(-6.99999999999999,42.570130581681,-7.22197219089248));
#10052=CARTESIAN_POINT('',(-6.99999999999999,42.1224397082378,-7.22197219089248));
#10053=CARTESIAN_POINT('Ctrl Pts',(-6.99999999999999,42.570130581681,-7.22197219089248));
#10054=CARTESIAN_POINT('Ctrl Pts',(-7.13812305986802,42.570130581681,-7.22197219089248));
#10055=CARTESIAN_POINT('Ctrl Pts',(-7.27170821136645,42.5306265679752,-7.17241071233056));
#10056=CARTESIAN_POINT('Ctrl Pts',(-7.45227492057449,42.3990424794936,-7.01674323707333));
#10057=CARTESIAN_POINT('Ctrl Pts',(-7.5,42.3077461590634,-6.91370121382118));
#10058=CARTESIAN_POINT('Ctrl Pts',(-7.5,42.2155387379717,-6.81126143821667));
#10059=CARTESIAN_POINT('Origin',(-7.,41.8372789156374,-6.81126143821667));
#10060=CARTESIAN_POINT('Origin',(-6.99999999999999,42.1224397082378,-7.22197219089248));
#10061=CARTESIAN_POINT('',(7.,42.1224397082378,-7.22197219089248));
#10062=CARTESIAN_POINT('',(7.,42.570130581681,-7.22197219089248));
#10063=CARTESIAN_POINT('',(7.,42.1224397082378,-7.22197219089248));
#10064=CARTESIAN_POINT('',(-6.99999999999999,42.570130581681,-7.22197219089248));
#10065=CARTESIAN_POINT('',(-6.99999999999999,42.1224397082378,-7.22197219089248));
#10066=CARTESIAN_POINT('Ctrl Pts',(7.5,41.8372789156374,-6.81126143821666));
#10067=CARTESIAN_POINT('Ctrl Pts',(7.5,42.2876559343213,-6.81126143821666));
#10068=CARTESIAN_POINT('Ctrl Pts',(7.5,42.0043222404857,-7.0518502269217));
#10069=CARTESIAN_POINT('Ctrl Pts',(7.5,42.4546992591695,-7.0518502269217));
#10070=CARTESIAN_POINT('Ctrl Pts',(7.29289321881345,42.1224397082378,-7.22197219089248));
#10071=CARTESIAN_POINT('Ctrl Pts',(7.29289321881345,42.5728167269217,-7.22197219089248));
#10072=CARTESIAN_POINT('Ctrl Pts',(7.,42.1224397082378,-7.22197219089248));
#10073=CARTESIAN_POINT('Ctrl Pts',(7.,42.5728167269216,-7.22197219089248));
#10074=CARTESIAN_POINT('',(7.5,41.8372789156374,-6.81126143821666));
#10075=CARTESIAN_POINT('',(7.5,42.2155387379716,-6.81126143821666));
#10076=CARTESIAN_POINT('',(7.5,41.8372789156374,-6.81126143821666));
#10077=CARTESIAN_POINT('Ctrl Pts',(7.5,42.2155387379716,-6.81126143821666));
#10078=CARTESIAN_POINT('Ctrl Pts',(7.5,42.2386803546534,-6.83697109770848));
#10079=CARTESIAN_POINT('Ctrl Pts',(7.49697008626545,42.2617363202083,-6.86268665565232));
#10080=CARTESIAN_POINT('Ctrl Pts',(7.49104141083765,42.2843295193088,-6.88801272029068));
#10081=CARTESIAN_POINT('Ctrl Pts',(7.48491790153816,42.3076651979915,-6.91417107458436));
#10082=CARTESIAN_POINT('Ctrl Pts',(7.47570204689985,42.3305083339354,-6.9399151022197));
#10083=CARTESIAN_POINT('Ctrl Pts',(7.46348503344073,42.3524584616779,-6.96482670845326));
#10084=CARTESIAN_POINT('Ctrl Pts',(7.45152725162716,42.3739428317495,-6.98920971768569));
#10085=CARTESIAN_POINT('Ctrl Pts',(7.43669398072938,42.3945728305857,-7.01279646118696));
#10086=CARTESIAN_POINT('Ctrl Pts',(7.41902322770548,42.4139699148175,-7.03519337034469));
#10087=CARTESIAN_POINT('Ctrl Pts',(7.40275888883344,42.4318231863022,-7.05580771087307));
#10088=CARTESIAN_POINT('Ctrl Pts',(7.3840901803779,42.4486326141729,-7.07541475167203));
#10089=CARTESIAN_POINT('Ctrl Pts',(7.36301320107527,42.4640885093305,-7.0936935978569));
#10090=CARTESIAN_POINT('Ctrl Pts',(7.3627572895552,42.4642761710237,-7.09391553513003));
#10091=CARTESIAN_POINT('Ctrl Pts',(7.36250102947243,42.4644636248834,-7.09413724963661));
#10092=CARTESIAN_POINT('Ctrl Pts',(7.36224442153911,42.4646508706212,-7.09435874090803));
#10093=CARTESIAN_POINT('Ctrl Pts',(7.35227501862031,42.4719255023173,-7.1029638362349));
#10094=CARTESIAN_POINT('Ctrl Pts',(7.3417887181377,42.4788790685574,-7.11122493985384));
#10095=CARTESIAN_POINT('Ctrl Pts',(7.33083396699387,42.4854951519364,-7.11911277176343));
#10096=CARTESIAN_POINT('Ctrl Pts',(7.3009469044532,42.5035453381184,-7.1406325783293));
#10097=CARTESIAN_POINT('Ctrl Pts',(7.26756688285483,42.5190781130025,-7.15937551063951));
#10098=CARTESIAN_POINT('Ctrl Pts',(7.23170433874195,42.531720016996,-7.17474393080553));
#10099=CARTESIAN_POINT('Ctrl Pts',(7.19999205276721,42.5428989136589,-7.18833381259839));
#10100=CARTESIAN_POINT('Ctrl Pts',(7.1663405792902,42.5518156165554,-7.19928284616921));
#10101=CARTESIAN_POINT('Ctrl Pts',(7.13148117312034,42.5582274275749,-7.20719679425513));
#10102=CARTESIAN_POINT('Ctrl Pts',(7.11363348712961,42.5615102141247,-7.21124866076417));
#10103=CARTESIAN_POINT('Ctrl Pts',(7.09546952295764,42.5641368209002,-7.21450547168186));
#10104=CARTESIAN_POINT('Ctrl Pts',(7.077087785804,42.5660781234319,-7.21691871876781));
#10105=CARTESIAN_POINT('Ctrl Pts',(7.05172239106263,42.5687569728037,-7.22024881561514));
#10106=CARTESIAN_POINT('Ctrl Pts',(7.02594315402309,42.570130581681,-7.22197219089248));
#10107=CARTESIAN_POINT('Ctrl Pts',(7.,42.570130581681,-7.22197219089248));
#10108=CARTESIAN_POINT('Origin',(7.,41.8372789156374,-6.81126143821667));
#10109=CARTESIAN_POINT('Origin',(7.5,41.8372789156374,-6.81126143821667));
#10110=CARTESIAN_POINT('',(7.5,42.0925034098293,-6.63405638921168));
#10111=CARTESIAN_POINT('',(7.5,41.8372789156374,-6.81126143821667));
#10112=CARTESIAN_POINT('Origin',(7.,31.2178909991997,8.48360699143046));
#10113=CARTESIAN_POINT('Origin',(-5.,4.45,11.5));
#10114=CARTESIAN_POINT('',(-4.99999999999999,3.45,11.5));
#10115=CARTESIAN_POINT('',(-4.99999999999999,3.45,11.5));
#10116=CARTESIAN_POINT('',(-6.,4.45000000000001,11.5));
#10117=CARTESIAN_POINT('Origin',(-5.,4.45,11.5));
#10118=CARTESIAN_POINT('',(-6.,4.45000000000001,11.5));
#10119=CARTESIAN_POINT('Origin',(-6.,20.2,11.5));
#10120=CARTESIAN_POINT('',(-6.,20.2,11.5));
#10121=CARTESIAN_POINT('',(-6.,20.2,11.5));
#10122=CARTESIAN_POINT('',(-6.,20.2,11.5));
#10123=CARTESIAN_POINT('Origin',(-5.,20.2,11.5));
#10124=CARTESIAN_POINT('',(-4.99999999999999,21.2,11.5));
#10125=CARTESIAN_POINT('Origin',(-5.,20.2,11.5));
#10126=CARTESIAN_POINT('',(-4.99999999999999,21.2,11.5));
#10127=CARTESIAN_POINT('Origin',(-4.99999999999999,21.2,11.5));
#10128=CARTESIAN_POINT('',(4.99999999999999,21.2,11.5));
#10129=CARTESIAN_POINT('',(-4.99999999999999,21.2,11.5));
#10130=CARTESIAN_POINT('',(4.99999999999999,21.2,11.5));
#10131=CARTESIAN_POINT('Origin',(5.,20.2,11.5));
#10132=CARTESIAN_POINT('',(6.,20.2,11.5));
#10133=CARTESIAN_POINT('Origin',(5.,20.2,11.5));
#10134=CARTESIAN_POINT('',(6.,20.2,11.5));
#10135=CARTESIAN_POINT('Origin',(6.,20.2,11.5));
#10136=CARTESIAN_POINT('',(6.00000000000001,4.45000000000001,11.5));
#10137=CARTESIAN_POINT('',(6.,20.2,11.5));
#10138=CARTESIAN_POINT('',(6.00000000000001,4.45000000000001,11.5));
#10139=CARTESIAN_POINT('Origin',(5.,4.45,11.5));
#10140=CARTESIAN_POINT('',(5.,3.45,11.5));
#10141=CARTESIAN_POINT('Origin',(5.,4.45,11.5));
#10142=CARTESIAN_POINT('',(5.,3.45,11.5));
#10143=CARTESIAN_POINT('Origin',(-4.99999999999999,3.45,11.5));
#10144=CARTESIAN_POINT('',(-4.99999999999999,3.45,11.5));
#10145=CARTESIAN_POINT('Origin',(-5.,4.45,11.5));
#10146=CARTESIAN_POINT('Origin',(-9.75,35.1,-11.25));
#10147=CARTESIAN_POINT('Origin',(-9.75,35.1,-11.5));
#10148=CARTESIAN_POINT('Origin',(-9.75000000000004,35.1,-4.57510139309908));
#10149=CARTESIAN_POINT('Origin',(-9.75,25.9088179585953,9.38745930367964));
#10150=CARTESIAN_POINT('Origin',(-9.74999999999986,25.9500000000001,9.32489860690095));
#10151=CARTESIAN_POINT('Origin',(-9.75,35.1,-11.5));
#10152=CARTESIAN_POINT('Origin',(-9.75,35.1,-11.5));
#10153=CARTESIAN_POINT('Origin',(-9.75,35.1,-11.5));
#10154=CARTESIAN_POINT('Origin',(-9.75,25.95,-11.75));
#10155=CARTESIAN_POINT('Origin',(-9.75,25.95,11.5));
#10156=CARTESIAN_POINT('Origin',(-9.75,44.1,-11.5));
#10157=CARTESIAN_POINT('Origin',(-9.75,43.85,-11.5));
#10158=CARTESIAN_POINT('Origin',(10.,35.1,-11.5));
#10159=CARTESIAN_POINT('Origin',(9.74999999999999,35.1,-11.5));
#10160=CARTESIAN_POINT('Origin',(9.74999999999999,35.1,-11.75));
#10161=CARTESIAN_POINT('Origin',(9.74999999999999,35.1,-11.5));
#10162=CARTESIAN_POINT('Origin',(9.74999999999962,35.1000000000003,-4.57510139309899));
#10163=CARTESIAN_POINT('Origin',(9.75,25.9088179585953,9.38745930367964));
#10164=CARTESIAN_POINT('Origin',(9.74999999999984,25.9500000000001,9.32489860690097));
#10165=CARTESIAN_POINT('Origin',(-9.75,25.95,11.5));
#10166=CARTESIAN_POINT('Origin',(-9.75,25.95,11.5));
#10167=CARTESIAN_POINT('Origin',(-9.75,25.95,11.5));
#10168=CARTESIAN_POINT('Origin',(-9.75,43.85,-11.5));
#10169=CARTESIAN_POINT('Origin',(-9.75,43.85,-11.5));
#10170=CARTESIAN_POINT('Origin',(-9.75,43.85,-11.5));
#10171=CARTESIAN_POINT('Origin',(9.74999999999999,35.1,-11.5));
#10172=CARTESIAN_POINT('Origin',(9.74999999999999,35.1,-11.5));
#10173=CARTESIAN_POINT('Origin',(9.75,25.95,11.25));
#10174=CARTESIAN_POINT('Origin',(9.75,25.95,11.5));
#10175=CARTESIAN_POINT('Origin',(-10.,25.95,11.5));
#10176=CARTESIAN_POINT('Origin',(9.75,25.95,11.5));
#10177=CARTESIAN_POINT('Origin',(-9.75,44.1,11.5));
#10178=CARTESIAN_POINT('Origin',(-9.75,29.569227183608,11.5));
#10179=CARTESIAN_POINT('Origin',(-9.75,45.1876340092004,-10.9948442751936));
#10180=CARTESIAN_POINT('Origin',(-9.75,43.85,-9.06827973694242));
#10181=CARTESIAN_POINT('Origin',(-9.75,29.569227183608,11.5));
#10182=CARTESIAN_POINT('Origin',(-9.75,43.85,1.43945139495948E-15));
#10183=CARTESIAN_POINT('Origin',(-9.75,43.85,-9.06827973694241));
#10184=CARTESIAN_POINT('Origin',(0.,43.85,-11.5));
#10185=CARTESIAN_POINT('Origin',(9.74999999999999,43.85,-11.5));
#10186=CARTESIAN_POINT('Origin',(9.74999999999999,44.1,-11.5));
#10187=CARTESIAN_POINT('Origin',(9.74999999999999,43.85,-11.5));
#10188=CARTESIAN_POINT('Origin',(9.75,25.95,11.5));
#10189=CARTESIAN_POINT('Origin',(9.75,25.95,11.5));
#10190=CARTESIAN_POINT('Origin',(-9.75,29.569227183608,11.5));
#10191=CARTESIAN_POINT('Origin',(-9.75,29.569227183608,11.5));
#10192=CARTESIAN_POINT('Origin',(-9.75,43.85,-9.06827973694241));
#10193=CARTESIAN_POINT('Origin',(-9.75,43.85,-9.06827973694241));
#10194=CARTESIAN_POINT('Origin',(9.74999999999999,43.85,-11.5));
#10195=CARTESIAN_POINT('Origin',(9.74999999999999,43.85,-11.5));
#10196=CARTESIAN_POINT('Origin',(9.75,44.1,11.5));
#10197=CARTESIAN_POINT('Origin',(9.75,29.569227183608,11.5));
#10198=CARTESIAN_POINT('Origin',(-10.,29.569227183608,11.5));
#10199=CARTESIAN_POINT('Origin',(9.75,29.569227183608,11.5));
#10200=CARTESIAN_POINT('Origin',(-2.0082073718807E-15,43.85,-9.06827973694242));
#10201=CARTESIAN_POINT('Origin',(9.74999999999999,43.85,-9.06827973694242));
#10202=CARTESIAN_POINT('Origin',(9.75,43.85,-2.15917709243922E-15));
#10203=CARTESIAN_POINT('Origin',(9.74999999999999,43.85,-9.06827973694242));
#10204=CARTESIAN_POINT('Origin',(9.75,29.569227183608,11.5));
#10205=CARTESIAN_POINT('Origin',(9.75,29.569227183608,11.5));
#10206=CARTESIAN_POINT('Origin',(9.74999999999999,43.85,-9.06827973694241));
#10207=CARTESIAN_POINT('Origin',(9.74999999999999,43.85,-9.06827973694242));
#10208=CARTESIAN_POINT('Origin',(9.75,29.4946446236621,11.6074196036998));
#10209=CARTESIAN_POINT('Origin',(-9.75,3.2,-11.75));
#10210=CARTESIAN_POINT('Origin',(-9.75,3.2,11.5));
#10211=CARTESIAN_POINT('Origin',(-10.,3.2,11.5));
#10212=CARTESIAN_POINT('Origin',(-9.75,3.2,11.5));
#10213=CARTESIAN_POINT('Origin',(-10.,15.7,11.5));
#10214=CARTESIAN_POINT('Origin',(-9.75,15.7,11.5));
#10215=CARTESIAN_POINT('Origin',(-9.75,15.7,-11.76));
#10216=CARTESIAN_POINT('Origin',(-9.75,15.7,11.5));
#10217=CARTESIAN_POINT('Origin',(-9.75,3.2,11.5));
#10218=CARTESIAN_POINT('Origin',(-9.75,3.2,11.5));
#10219=CARTESIAN_POINT('Origin',(-9.75,15.7,11.5));
#10220=CARTESIAN_POINT('Origin',(-9.75,15.7,11.5));
#10221=CARTESIAN_POINT('Origin',(-9.75,44.1,11.5));
#10222=CARTESIAN_POINT('Origin',(-9.75,0.25,11.5));
#10223=CARTESIAN_POINT('Origin',(-10.,3.2,11.5));
#10224=CARTESIAN_POINT('Origin',(9.75,3.2,11.5));
#10225=CARTESIAN_POINT('Origin',(9.74999999999999,3.2,-11.75));
#10226=CARTESIAN_POINT('Origin',(9.75,3.2,11.5));
#10227=CARTESIAN_POINT('Origin',(-9.75,44.1,11.5));
#10228=CARTESIAN_POINT('Origin',(-9.75,18.65,11.5));
#10229=CARTESIAN_POINT('Origin',(-9.75,18.65,-11.75));
#10230=CARTESIAN_POINT('Origin',(-9.75,18.65,-11.5));
#10231=CARTESIAN_POINT('Origin',(-9.75,18.65,11.5));
#10232=CARTESIAN_POINT('Origin',(-9.75,18.65,-11.5));
#10233=CARTESIAN_POINT('Origin',(-9.75,18.65,-11.5));
#10234=CARTESIAN_POINT('Origin',(-9.75,18.65,-11.5));
#10235=CARTESIAN_POINT('Origin',(-9.75,0.25,11.5));
#10236=CARTESIAN_POINT('Origin',(-9.75,0.25,11.5));
#10237=CARTESIAN_POINT('Origin',(-9.75,0.25,11.5));
#10238=CARTESIAN_POINT('Origin',(9.75,3.2,11.5));
#10239=CARTESIAN_POINT('Origin',(9.75,3.2,11.5));
#10240=CARTESIAN_POINT('Origin',(-9.75,18.65,11.5));
#10241=CARTESIAN_POINT('Origin',(-9.75,18.65,11.5));
#10242=CARTESIAN_POINT('Origin',(-8.5,18.65,-11.5));
#10243=CARTESIAN_POINT('Origin',(-8.2500000000003,18.6500000000003,-11.5000000000003));
#10244=CARTESIAN_POINT('Origin',(-9.75,44.1,-11.5));
#10245=CARTESIAN_POINT('Origin',(-9.75,0.25,-11.5));
#10246=CARTESIAN_POINT('Origin',(-9.75,0.25,-11.75));
#10247=CARTESIAN_POINT('Origin',(-9.75,0.25,-11.5));
#10248=CARTESIAN_POINT('Origin',(-10.,0.25,11.5));
#10249=CARTESIAN_POINT('Origin',(9.75,0.25,11.5));
#10250=CARTESIAN_POINT('Origin',(9.75,44.1,11.5));
#10251=CARTESIAN_POINT('Origin',(9.75,0.25,11.5));
#10252=CARTESIAN_POINT('Origin',(-10.,18.65,11.5));
#10253=CARTESIAN_POINT('Origin',(-8.25000000000018,18.6500000000002,11.5000000000002));
#10254=CARTESIAN_POINT('Origin',(-8.25,0.,-11.5));
#10255=CARTESIAN_POINT('Origin',(-8.25000000000021,21.4499999999998,-11.5000000000002));
#10256=CARTESIAN_POINT('Origin',(-9.75,0.25,-11.5));
#10257=CARTESIAN_POINT('Origin',(-9.75,0.25,-11.5));
#10258=CARTESIAN_POINT('Origin',(9.75,0.25,11.5));
#10259=CARTESIAN_POINT('Origin',(9.75,0.25,11.5));
#10260=CARTESIAN_POINT('Origin',(-8.25,0.,11.5));
#10261=CARTESIAN_POINT('Origin',(-8.25000000000009,21.4499999999999,11.5000000000001));
#10262=CARTESIAN_POINT('Origin',(-10.,21.45,-11.5));
#10263=CARTESIAN_POINT('Origin',(-9.75,21.45,-11.5));
#10264=CARTESIAN_POINT('Origin',(-10.,0.25,-11.5));
#10265=CARTESIAN_POINT('Origin',(9.74999999999999,0.25,-11.5));
#10266=CARTESIAN_POINT('Origin',(9.74999999999999,0.25,-11.75));
#10267=CARTESIAN_POINT('Origin',(9.74999999999999,0.25,-11.5));
#10268=CARTESIAN_POINT('Origin',(9.75,15.7,-11.76));
#10269=CARTESIAN_POINT('Origin',(9.75,15.7,11.5));
#10270=CARTESIAN_POINT('Origin',(-10.,15.7,11.5));
#10271=CARTESIAN_POINT('Origin',(9.75,15.7,11.5));
#10272=CARTESIAN_POINT('Origin',(-8.5,21.45,11.5));
#10273=CARTESIAN_POINT('Origin',(-9.75,21.45,11.5));
#10274=CARTESIAN_POINT('Origin',(-9.75,21.45,11.75));
#10275=CARTESIAN_POINT('Origin',(-9.75,21.45,-11.5));
#10276=CARTESIAN_POINT('Origin',(-9.75,21.45,11.5));
#10277=CARTESIAN_POINT('Origin',(-9.75,21.45,-11.5));
#10278=CARTESIAN_POINT('Origin',(-9.75,21.45,-11.5));
#10279=CARTESIAN_POINT('Origin',(9.74999999999999,0.25,-11.5));
#10280=CARTESIAN_POINT('Origin',(9.74999999999999,0.25,-11.5));
#10281=CARTESIAN_POINT('Origin',(9.75,15.7,11.5));
#10282=CARTESIAN_POINT('Origin',(9.75,15.7,11.5));
#10283=CARTESIAN_POINT('Origin',(-9.75,21.45,11.5));
#10284=CARTESIAN_POINT('Origin',(-9.75,21.45,11.5));
#10285=CARTESIAN_POINT('Origin',(-9.75,34.1411820414047,-4.93725651748147));
#10286=CARTESIAN_POINT('Origin',(-9.74999999999998,24.95,9.02530417929724));
#10287=CARTESIAN_POINT('Origin',(-9.75000000000023,34.1000000000002,-4.87469582070268));
#10288=CARTESIAN_POINT('Origin',(-9.75,34.1,-11.75));
#10289=CARTESIAN_POINT('Origin',(-9.75,34.1,-11.5));
#10290=CARTESIAN_POINT('Origin',(-9.75,44.1,-11.5));
#10291=CARTESIAN_POINT('Origin',(-9.75,34.1,-11.5));
#10292=CARTESIAN_POINT('Origin',(9.74999999999999,44.1,-11.5));
#10293=CARTESIAN_POINT('Origin',(9.74999999999999,18.65,-11.5));
#10294=CARTESIAN_POINT('Origin',(9.75,18.65,11.75));
#10295=CARTESIAN_POINT('Origin',(9.75,18.65,11.5));
#10296=CARTESIAN_POINT('Origin',(9.74999999999999,18.65,-11.5));
#10297=CARTESIAN_POINT('Origin',(9.75,44.1,11.5));
#10298=CARTESIAN_POINT('Origin',(9.75,18.65,11.5));
#10299=CARTESIAN_POINT('Origin',(-9.75,44.1,11.5));
#10300=CARTESIAN_POINT('Origin',(-9.75,24.95,11.5));
#10301=CARTESIAN_POINT('Origin',(-9.75,24.95,11.25));
#10302=CARTESIAN_POINT('Origin',(-9.75,24.95,11.5));
#10303=CARTESIAN_POINT('Origin',(-9.75,34.1,-11.5));
#10304=CARTESIAN_POINT('Origin',(-9.75,34.1,-11.5));
#10305=CARTESIAN_POINT('Origin',(9.74999999999999,18.65,-11.5));
#10306=CARTESIAN_POINT('Origin',(9.74999999999999,18.65,-11.5));
#10307=CARTESIAN_POINT('Origin',(9.75,18.65,11.5));
#10308=CARTESIAN_POINT('Origin',(9.75,18.65,11.5));
#10309=CARTESIAN_POINT('Origin',(-9.75,24.95,11.5));
#10310=CARTESIAN_POINT('Origin',(-9.75,24.95,11.5));
#10311=CARTESIAN_POINT('Origin',(9.75,24.9911820414047,8.96274348251853));
#10312=CARTESIAN_POINT('Origin',(9.74999999999992,24.9499999999999,9.02530417929721));
#10313=CARTESIAN_POINT('Origin',(9.75000000000034,34.1000000000003,-4.87469582070269));
#10314=CARTESIAN_POINT('Origin',(9.74999999999999,34.1,-11.25));
#10315=CARTESIAN_POINT('Origin',(9.74999999999999,34.1,-11.5));
#10316=CARTESIAN_POINT('Origin',(10.,34.1,-11.5));
#10317=CARTESIAN_POINT('Origin',(9.74999999999999,34.1,-11.5));
#10318=CARTESIAN_POINT('Origin',(-10.,18.65,-11.5));
#10319=CARTESIAN_POINT('Origin',(8.25000000000004,18.65,-11.5000000000001));
#10320=CARTESIAN_POINT('Origin',(8.5,18.65,11.5));
#10321=CARTESIAN_POINT('Origin',(8.25000000000025,18.6500000000002,11.5000000000002));
#10322=CARTESIAN_POINT('Origin',(-10.,24.95,11.5));
#10323=CARTESIAN_POINT('Origin',(9.75,24.95,11.5));
#10324=CARTESIAN_POINT('Origin',(9.74999999999999,24.95,-11.75));
#10325=CARTESIAN_POINT('Origin',(9.75,24.95,11.5));
#10326=CARTESIAN_POINT('Origin',(9.74999999999999,34.1,-11.5));
#10327=CARTESIAN_POINT('Origin',(9.74999999999999,34.1,-11.5));
#10328=CARTESIAN_POINT('Origin',(8.24999999999999,0.,-11.5));
#10329=CARTESIAN_POINT('Origin',(8.24999999999994,21.4500000000001,-11.5));
#10330=CARTESIAN_POINT('Origin',(8.25,0.,11.5));
#10331=CARTESIAN_POINT('Origin',(8.25000000000004,21.45,11.5));
#10332=CARTESIAN_POINT('Origin',(9.75,24.95,11.5));
#10333=CARTESIAN_POINT('Origin',(9.75,24.95,11.5));
#10334=CARTESIAN_POINT('Origin',(9.74999999999999,44.1,-11.5));
#10335=CARTESIAN_POINT('Origin',(9.74999999999999,21.45,-11.5));
#10336=CARTESIAN_POINT('Origin',(8.5,21.45,-11.5));
#10337=CARTESIAN_POINT('Origin',(9.74999999999999,21.45,-11.5));
#10338=CARTESIAN_POINT('Origin',(-10.,21.45,11.5));
#10339=CARTESIAN_POINT('Origin',(9.75,21.45,11.5));
#10340=CARTESIAN_POINT('Origin',(9.75,44.1,11.5));
#10341=CARTESIAN_POINT('Origin',(9.75,21.45,11.5));
#10342=CARTESIAN_POINT('Origin',(9.74999999999999,21.45,-11.5));
#10343=CARTESIAN_POINT('Origin',(9.74999999999999,21.45,-11.5));
#10344=CARTESIAN_POINT('Origin',(9.75,21.45,11.5));
#10345=CARTESIAN_POINT('Origin',(9.75,21.45,11.5));
#10346=CARTESIAN_POINT('Origin',(9.75,21.45,11.75));
#10347=CARTESIAN_POINT('Ctrl Pts',(-8.24598141713972,31.8052576439267,8.71784419895551));
#10348=CARTESIAN_POINT('Ctrl Pts',(-8.08489964425039,31.8052576439267,8.71784419895551));
#10349=CARTESIAN_POINT('Ctrl Pts',(-8.01832932305434,31.684769556525,8.6341880534114));
#10350=CARTESIAN_POINT('Ctrl Pts',(-8.24598139931932,31.7122316218964,8.85182751124094));
#10351=CARTESIAN_POINT('Ctrl Pts',(-8.08489962873338,31.7242581227318,8.83450600934456));
#10352=CARTESIAN_POINT('Ctrl Pts',(-8.01832931837986,31.6087402306405,8.7436913987951));
#10353=CARTESIAN_POINT('Ctrl Pts',(-8.21354899525948,31.6191672530886,8.98586605353768));
#10354=CARTESIAN_POINT('Ctrl Pts',(-8.05666011958703,31.6432252122695,8.95121590955039));
#10355=CARTESIAN_POINT('Ctrl Pts',(-7.99182260156658,31.5326795649408,8.85323988745805));
#10356=CARTESIAN_POINT('Ctrl Pts',(-8.08838796447452,31.4470075262173,9.23382388237873));
#10357=CARTESIAN_POINT('Ctrl Pts',(-7.94768003697421,31.49332247386,9.16711749251034));
#10358=CARTESIAN_POINT('Ctrl Pts',(-7.88952961899934,31.3919749824526,9.05589357295619));
#10359=CARTESIAN_POINT('Ctrl Pts',(-7.99575929769638,31.3681596915238,9.34738666651367));
#10360=CARTESIAN_POINT('Ctrl Pts',(-7.86702650051058,31.4246681691904,9.26599876187396));
#10361=CARTESIAN_POINT('Ctrl Pts',(-7.8138250531187,31.3275333593932,9.1487074090241));
#10362=CARTESIAN_POINT('Ctrl Pts',(-7.76569833005759,31.2370441563797,9.53622945810308));
#10363=CARTESIAN_POINT('Ctrl Pts',(-7.66670805397346,31.3105033867586,9.43042776101614));
#10364=CARTESIAN_POINT('Ctrl Pts',(-7.62579830641502,31.220373822377,9.30304690993361));
#10365=CARTESIAN_POINT('Ctrl Pts',(-7.62661071444324,31.18410798397,9.61247225086545));
#10366=CARTESIAN_POINT('Ctrl Pts',(-7.54560182987578,31.2644108577357,9.49681380628872));
#10367=CARTESIAN_POINT('Ctrl Pts',(-7.51212325955607,31.1771095672992,9.36535945453706));
#10368=CARTESIAN_POINT('Ctrl Pts',(-7.32660434419772,31.1132723743319,9.71449520530261));
#10369=CARTESIAN_POINT('Ctrl Pts',(-7.28438059505276,31.2027329493507,9.5856471271161));
#10370=CARTESIAN_POINT('Ctrl Pts',(-7.26693077129708,31.1192162654444,9.44874189072711));
#10371=CARTESIAN_POINT('Ctrl Pts',(-7.16178869100824,31.0946475500678,9.74132012580516));
#10372=CARTESIAN_POINT('Ctrl Pts',(-7.14087248084434,31.18651596173,9.60900409401031));
#10373=CARTESIAN_POINT('Ctrl Pts',(-7.13222843130867,31.1039943631079,9.47066565741809));
#10374=CARTESIAN_POINT('Ctrl Pts',(-6.99999999999999,31.094647546973,9.74132013026257));
#10375=CARTESIAN_POINT('Ctrl Pts',(-6.99999999999999,31.1865159590341,9.60900409789111));
#10376=CARTESIAN_POINT('Ctrl Pts',(-6.99999999999999,31.1039943627443,9.47066565889839));
#10377=CARTESIAN_POINT('',(-8.01832932305397,31.6847695565242,8.63418805341084));
#10378=CARTESIAN_POINT('Ctrl Pts',(-6.99999999999999,31.1039943627443,9.47066565889839));
#10379=CARTESIAN_POINT('Ctrl Pts',(-7.03568664616933,31.1039943629922,9.47066565874992));
#10380=CARTESIAN_POINT('Ctrl Pts',(-7.071286662197,31.1051006283485,9.46907232942074));
#10381=CARTESIAN_POINT('Ctrl Pts',(-7.10662829401701,31.1072493420937,9.46597758477096));
#10382=CARTESIAN_POINT('Ctrl Pts',(-7.14288391319099,31.1094536247838,9.46280280540496));
#10383=CARTESIAN_POINT('Ctrl Pts',(-7.17886884299378,31.1127550164973,9.45804788421748));
#10384=CARTESIAN_POINT('Ctrl Pts',(-7.21441062854431,31.1171154615389,9.45176763204771));
#10385=CARTESIAN_POINT('Ctrl Pts',(-7.24996881454507,31.1214779186703,9.44548448190976));
#10386=CARTESIAN_POINT('Ctrl Pts',(-7.28508474959279,31.1269005499362,9.4376743865173));
#10387=CARTESIAN_POINT('Ctrl Pts',(-7.31957930063096,31.1333741052038,9.42835066869956));
#10388=CARTESIAN_POINT('Ctrl Pts',(-7.3327668378261,31.1358489961158,9.42478613830801));
#10389=CARTESIAN_POINT('Ctrl Pts',(-7.34586338450131,31.1384777783337,9.42099996169704));
#10390=CARTESIAN_POINT('Ctrl Pts',(-7.35885806606611,31.141260986577,9.41699136872609));
#10391=CARTESIAN_POINT('Ctrl Pts',(-7.36914812122975,31.1434649164088,9.4138170975757));
#10392=CARTESIAN_POINT('Ctrl Pts',(-7.37937964763134,31.145766983972,9.41050148082646));
#10393=CARTESIAN_POINT('Ctrl Pts',(-7.38952701542658,31.1481629163718,9.40705067263209));
#10394=CARTESIAN_POINT('Ctrl Pts',(-7.3960931505396,31.1497132707273,9.40481773170488));
#10395=CARTESIAN_POINT('Ctrl Pts',(-7.40263320605017,31.1513046025413,9.40252577185658));
#10396=CARTESIAN_POINT('Ctrl Pts',(-7.40914103929538,31.152935084903,9.40017742434576));
#10397=CARTESIAN_POINT('Ctrl Pts',(-7.44717012131756,31.1624629484996,9.3864546541486));
#10398=CARTESIAN_POINT('Ctrl Pts',(-7.48411498328167,31.1733282361162,9.37080562190375));
#10399=CARTESIAN_POINT('Ctrl Pts',(-7.51976016195913,31.1854137667182,9.35339912193747));
#10400=CARTESIAN_POINT('Ctrl Pts',(-7.55614557822496,31.1977502755551,9.33563114403687));
#10401=CARTESIAN_POINT('Ctrl Pts',(-7.59117797332359,31.2113585795686,9.3160314498265));
#10402=CARTESIAN_POINT('Ctrl Pts',(-7.62460850552121,31.2261431048927,9.29473771465033));
#10403=CARTESIAN_POINT('Ctrl Pts',(-7.65803903771883,31.2409276302167,9.27344397947416));
#10404=CARTESIAN_POINT('Ctrl Pts',(-7.68986889930585,31.2568888102279,9.25045557914964));
#10405=CARTESIAN_POINT('Ctrl Pts',(-7.71981178857927,31.2739538074017,9.22587744237119));
#10406=CARTESIAN_POINT('Ctrl Pts',(-7.72003468699855,31.2740808412648,9.2256944798058));
#10407=CARTESIAN_POINT('Ctrl Pts',(-7.72025748823329,31.274207939454,9.2255114245966));
#10408=CARTESIAN_POINT('Ctrl Pts',(-7.720480192216,31.2743351019309,9.22532827679898));
#10409=CARTESIAN_POINT('Ctrl Pts',(-7.75575538589218,31.2944770003678,9.19631858440802));
#10410=CARTESIAN_POINT('Ctrl Pts',(-7.78837588146871,31.3161055379231,9.16516745723082));
#10411=CARTESIAN_POINT('Ctrl Pts',(-7.8180885709029,31.3389872468262,9.13221134041063));
#10412=CARTESIAN_POINT('Ctrl Pts',(-7.84771552392226,31.3618029302121,9.09935031896405));
#10413=CARTESIAN_POINT('Ctrl Pts',(-7.8744521648583,31.3858651758446,9.06469382724737));
#10414=CARTESIAN_POINT('Ctrl Pts',(-7.89800864562044,31.4109610488867,9.02854873566603));
#10415=CARTESIAN_POINT('Ctrl Pts',(-7.91367008173135,31.4276459440654,9.00451780981423));
#10416=CARTESIAN_POINT('Ctrl Pts',(-7.92792500948399,31.4447880896872,8.97982836525258));
#10417=CARTESIAN_POINT('Ctrl Pts',(-7.94067621745872,31.4623274583471,8.95456691251066));
#10418=CARTESIAN_POINT('Ctrl Pts',(-7.94078293312916,31.4624742464388,8.95435549780617));
#10419=CARTESIAN_POINT('Ctrl Pts',(-7.94088954305877,31.4626210614787,8.95414404429614));
#10420=CARTESIAN_POINT('Ctrl Pts',(-7.94099604722711,31.4627679034245,8.95393255204126));
#10421=CARTESIAN_POINT('Ctrl Pts',(-7.95473857140436,31.4817153213767,8.92664312786865));
#10422=CARTESIAN_POINT('Ctrl Pts',(-7.96662414517434,31.5009715043757,8.89890889900462));
#10423=CARTESIAN_POINT('Ctrl Pts',(-7.976697509567,31.5204833079183,8.87080645176812));
#10424=CARTESIAN_POINT('Ctrl Pts',(-7.98683757718754,31.5401243136051,8.84251791735469));
#10425=CARTESIAN_POINT('Ctrl Pts',(-7.99514154289075,31.5600248428474,8.81385554243242));
#10426=CARTESIAN_POINT('Ctrl Pts',(-8.00160563251157,31.5801417706873,8.7848814832597));
#10427=CARTESIAN_POINT('Ctrl Pts',(-8.0079803305154,31.5999805023984,8.75630810510349));
#10428=CARTESIAN_POINT('Ctrl Pts',(-8.01256575440941,31.6200301860489,8.72743088767604));
#10429=CARTESIAN_POINT('Ctrl Pts',(-8.01530876478289,31.6402527063092,8.69830477017161));
#10430=CARTESIAN_POINT('Ctrl Pts',(-8.01730977305507,31.6550049036455,8.67705745640773));
#10431=CARTESIAN_POINT('Ctrl Pts',(-8.01832932242615,31.6698491746274,8.65567754839403));
#10432=CARTESIAN_POINT('Ctrl Pts',(-8.01832932305434,31.684769556525,8.6341880534114));
#10433=CARTESIAN_POINT('Origin',(-8.24598141713979,31.5999022675888,8.57526380265532));
#10434=CARTESIAN_POINT('Ctrl Pts',(6.99999999999999,31.094647546973,9.74132013026257));
#10435=CARTESIAN_POINT('Ctrl Pts',(6.99999999999999,31.1865159590341,9.60900409789111));
#10436=CARTESIAN_POINT('Ctrl Pts',(6.99999999999999,31.1039943627443,9.4706656588984));
#10437=CARTESIAN_POINT('Ctrl Pts',(7.16311152241852,31.0946475571366,9.74132011562416));
#10438=CARTESIAN_POINT('Ctrl Pts',(7.14202429523488,31.1865159678847,9.60900408514506));
#10439=CARTESIAN_POINT('Ctrl Pts',(7.1333095684662,31.1039943639362,9.47066565403513));
#10440=CARTESIAN_POINT('Ctrl Pts',(7.32629028195178,31.1131444572315,9.71467944145957));
#10441=CARTESIAN_POINT('Ctrl Pts',(7.28410713510043,31.2026215695054,9.58580754503139));
#10442=CARTESIAN_POINT('Ctrl Pts',(7.26667409236623,31.1191117176676,9.44889246748878));
#10443=CARTESIAN_POINT('Ctrl Pts',(7.62815458331843,31.1845264947143,9.6118694791407));
#10444=CARTESIAN_POINT('Ctrl Pts',(7.546946105778,31.2647752629766,9.49628896151889));
#10445=CARTESIAN_POINT('Ctrl Pts',(7.51338504830256,31.1774516146284,9.36486681244791));
#10446=CARTESIAN_POINT('Ctrl Pts',(7.76640611848687,31.2373546227864,9.53578230023678));
#10447=CARTESIAN_POINT('Ctrl Pts',(7.66732433877998,31.3107737157446,9.43003841218443));
#10448=CARTESIAN_POINT('Ctrl Pts',(7.62637677785911,31.2206275619041,9.30268145346328));
#10449=CARTESIAN_POINT('Ctrl Pts',(7.9963036684768,31.3685633585425,9.34680527387701));
#10450=CARTESIAN_POINT('Ctrl Pts',(7.86750049446979,31.4250196497183,9.26549253228068));
#10451=CARTESIAN_POINT('Ctrl Pts',(7.81426996005208,31.3278632746447,9.14823224048708));
#10452=CARTESIAN_POINT('Ctrl Pts',(8.08912177984304,31.4478880279615,9.23255571528329));
#10453=CARTESIAN_POINT('Ctrl Pts',(7.9483189839292,31.4940891434231,9.16601327537546));
#10454=CARTESIAN_POINT('Ctrl Pts',(7.89012936278054,31.3926946073057,9.05485711219448));
#10455=CARTESIAN_POINT('Ctrl Pts',(8.2133247058348,31.6189881366107,8.98612403102043));
#10456=CARTESIAN_POINT('Ctrl Pts',(8.05646482653225,31.6430692521564,8.95144053543577));
#10457=CARTESIAN_POINT('Ctrl Pts',(7.99163928872282,31.5325331759112,8.85345072940197));
#10458=CARTESIAN_POINT('Ctrl Pts',(8.24598141171404,31.7129860612032,8.85074090907263));
#10459=CARTESIAN_POINT('Ctrl Pts',(8.08489963952545,31.7249150273398,8.83355988423365));
#10460=CARTESIAN_POINT('Ctrl Pts',(8.01832932163075,31.6093568275222,8.74280333019521));
#10461=CARTESIAN_POINT('Ctrl Pts',(8.24598141713973,31.8052576439267,8.71784419895551));
#10462=CARTESIAN_POINT('Ctrl Pts',(8.08489964425041,31.8052576439267,8.71784419895551));
#10463=CARTESIAN_POINT('Ctrl Pts',(8.01832932305435,31.684769556525,8.6341880534114));
#10464=CARTESIAN_POINT('',(8.01832932305397,31.6847695565242,8.63418805341083));
#10465=CARTESIAN_POINT('Origin',(8.2459814171398,31.5999022675888,8.57526380265532));
#10466=CARTESIAN_POINT('Ctrl Pts',(8.01832932305435,31.684769556525,8.6341880534114));
#10467=CARTESIAN_POINT('Ctrl Pts',(8.01832932279118,31.6644166920061,8.66350183210053));
#10468=CARTESIAN_POINT('Ctrl Pts',(8.01638960080297,31.6441132344667,8.69274445088645));
#10469=CARTESIAN_POINT('Ctrl Pts',(8.01262205316381,31.6239571389846,8.72177482730416));
#10470=CARTESIAN_POINT('Ctrl Pts',(8.00875707111882,31.6032797767861,8.75155597259015));
#10471=CARTESIAN_POINT('Ctrl Pts',(8.00296842164222,31.5827567945437,8.78111476778083));
#10472=CARTESIAN_POINT('Ctrl Pts',(7.99532283152054,31.5624865470299,8.8103095547499));
#10473=CARTESIAN_POINT('Ctrl Pts',(7.98767371340718,31.5422069459851,8.83951781340187));
#10474=CARTESIAN_POINT('Ctrl Pts',(7.97816568943073,31.5221795702012,8.8683627976075));
#10475=CARTESIAN_POINT('Ctrl Pts',(7.96681497880006,31.5025065831592,8.89669736364409));
#10476=CARTESIAN_POINT('Ctrl Pts',(7.96247551317592,31.4949854460454,8.90752989028421));
#10477=CARTESIAN_POINT('Ctrl Pts',(7.95786621504755,31.4875162027931,8.9182876753575));
#10478=CARTESIAN_POINT('Ctrl Pts',(7.95298614684296,31.4801050554179,8.92896178624275));
#10479=CARTESIAN_POINT('Ctrl Pts',(7.94912178350086,31.4742364148499,8.93741425884871));
#10480=CARTESIAN_POINT('Ctrl Pts',(7.94508534577767,31.4684011544959,8.94581865466914));
#10481=CARTESIAN_POINT('Ctrl Pts',(7.94088432575168,31.4626138916084,8.95415392079823));
#10482=CARTESIAN_POINT('Ctrl Pts',(7.9381659395002,31.4588690830215,8.95954748538673));
#10483=CARTESIAN_POINT('Ctrl Pts',(7.93537570350867,31.4551391481956,8.96491962762945));
#10484=CARTESIAN_POINT('Ctrl Pts',(7.93251682107605,31.4514275904238,8.97026530181092));
#10485=CARTESIAN_POINT('Ctrl Pts',(7.91581069625016,31.4297387840824,9.00150320762168));
#10486=CARTESIAN_POINT('Ctrl Pts',(7.89675953656541,31.4086683318658,9.03185051177545));
#10487=CARTESIAN_POINT('Ctrl Pts',(7.87556882418482,31.3883391269825,9.0611302350012));
#10488=CARTESIAN_POINT('Ctrl Pts',(7.85393804775607,31.3675877488359,9.09101800543652));
#10489=CARTESIAN_POINT('Ctrl Pts',(7.83007732791798,31.3476080381825,9.11979438235077));
#10490=CARTESIAN_POINT('Ctrl Pts',(7.80415426199765,31.3285419253412,9.14725496908763));
#10491=CARTESIAN_POINT('Ctrl Pts',(7.77823119607733,31.3094758125,9.17471555582449));
#10492=CARTESIAN_POINT('Ctrl Pts',(7.75024502419372,31.2913226174822,9.200861331757));
#10493=CARTESIAN_POINT('Ctrl Pts',(7.72032347784536,31.2742456348351,9.22545712980399));
#10494=CARTESIAN_POINT('Ctrl Pts',(7.72010073830532,31.2741185117508,9.22564022384197));
#10495=CARTESIAN_POINT('Ctrl Pts',(7.71987788597909,31.2739914440946,9.2258232380517));
#10496=CARTESIAN_POINT('Ctrl Pts',(7.71965492093405,31.2738644319051,9.22600617237773));
#10497=CARTESIAN_POINT('Ctrl Pts',(7.6843383762971,31.2537463382453,9.25498205193729));
#10498=CARTESIAN_POINT('Ctrl Pts',(7.64641494869613,31.2351421537074,9.28177722033051));
#10499=CARTESIAN_POINT('Ctrl Pts',(7.60629415311617,31.2181963187364,9.30618382989566));
#10500=CARTESIAN_POINT('Ctrl Pts',(7.56628912669906,31.2012993812287,9.33052001381952));
#10501=CARTESIAN_POINT('Ctrl Pts',(7.52409832103356,31.1860508162505,9.35248200905201));
#10502=CARTESIAN_POINT('Ctrl Pts',(7.48009524740388,31.1726160171348,9.37183178834231));
#10503=CARTESIAN_POINT('Ctrl Pts',(7.45083997224311,31.16368394234,9.3846964150773));
#10504=CARTESIAN_POINT('Ctrl Pts',(7.42078299585454,31.1555540525502,9.39640572151815));
#10505=CARTESIAN_POINT('Ctrl Pts',(7.39002961477236,31.1482818150177,9.40687987380616));
#10506=CARTESIAN_POINT('Ctrl Pts',(7.38977223777039,31.1482209531993,9.40696753265274));
#10507=CARTESIAN_POINT('Ctrl Pts',(7.38951481352362,31.1481601516906,9.40705510464388));
#10508=CARTESIAN_POINT('Ctrl Pts',(7.38925734210591,31.1480994105033,9.4071425897628));
#10509=CARTESIAN_POINT('Ctrl Pts',(7.35603510078034,31.1402618089451,9.41843103396818));
#10510=CARTESIAN_POINT('Ctrl Pts',(7.32227139194463,31.1334832207251,9.42819410754078));
#10511=CARTESIAN_POINT('Ctrl Pts',(7.28805943470542,31.1277381494335,9.43646857586472));
#10512=CARTESIAN_POINT('Ctrl Pts',(7.2536209346855,31.1219550357577,9.44479783558951));
#10513=CARTESIAN_POINT('Ctrl Pts',(7.21872734214646,31.1172190651065,9.4516188639868));
#10514=CARTESIAN_POINT('Ctrl Pts',(7.18345430867003,31.1135324107399,9.45692857529836));
#10515=CARTESIAN_POINT('Ctrl Pts',(7.14866906445449,31.1098967389577,9.46216485884085));
#10516=CARTESIAN_POINT('Ctrl Pts',(7.11351392968289,31.1072815241932,9.46593139093668));
#10517=CARTESIAN_POINT('Ctrl Pts',(7.07805577058612,31.1057170929245,9.4681845355652));
#10518=CARTESIAN_POINT('Ctrl Pts',(7.05218927355831,31.1045758504631,9.46982818995452));
#10519=CARTESIAN_POINT('Ctrl Pts',(7.0261613491747,31.1039943633382,9.47066565854747));
#10520=CARTESIAN_POINT('Ctrl Pts',(7.,31.1039943627457,9.47066565890086));
#10521=CARTESIAN_POINT('Origin',(-8.24598141713973,42.2192901840266,-6.71960462699179));
#10522=CARTESIAN_POINT('',(-8.01832932305396,42.3041574729619,-6.66068037623628));
#10523=CARTESIAN_POINT('',(-8.01832932305391,42.304157472962,-6.66068037623627));
#10524=CARTESIAN_POINT('Origin',(-8.24598141713979,42.2192901840266,-6.71960462699179));
#10525=CARTESIAN_POINT('Origin',(8.24598141713973,42.2192901840266,-6.71960462699179));
#10526=CARTESIAN_POINT('',(8.01832932305397,42.3041574729619,-6.66068037623628));
#10527=CARTESIAN_POINT('Origin',(8.2459814171398,42.2192901840266,-6.71960462699179));
#10528=CARTESIAN_POINT('',(8.01832932305391,42.304157472962,-6.66068037623627));
#10529=CARTESIAN_POINT('Ctrl Pts',(-8.01832932305435,42.3041574729628,-6.66068037623574));
#10530=CARTESIAN_POINT('Ctrl Pts',(-8.08489964425041,42.4246455603645,-6.57702423069164));
#10531=CARTESIAN_POINT('Ctrl Pts',(-8.24598141713973,42.4246455603645,-6.57702423069164));
#10532=CARTESIAN_POINT('Ctrl Pts',(-8.01832932128152,42.3553893575279,-6.73446852228154));
#10533=CARTESIAN_POINT('Ctrl Pts',(-8.08489963836534,42.4792265835315,-6.65563606544695));
#10534=CARTESIAN_POINT('Ctrl Pts',(-8.24598141038165,42.4873305662584,-6.66730805168048));
#10535=CARTESIAN_POINT('Ctrl Pts',(-8.00663135980647,42.406043857187,-6.8074250734338));
#10536=CARTESIAN_POINT('Ctrl Pts',(-8.0724369547177,42.5331924688694,-6.73336193085755));
#10537=CARTESIAN_POINT('Ctrl Pts',(-8.23166831486477,42.5493091009988,-6.75657435796632));
#10538=CARTESIAN_POINT('Ctrl Pts',(-7.98292133370912,42.4559747457185,-6.87933942046859));
#10539=CARTESIAN_POINT('Ctrl Pts',(-8.04717696046374,42.5863874462897,-6.80997747472553));
#10540=CARTESIAN_POINT('Ctrl Pts',(-8.20265781273824,42.6104022663455,-6.84456548638926));
#10541=CARTESIAN_POINT('',(-7.98292133370869,42.4559747457176,-6.87933942046905));
#10542=CARTESIAN_POINT('Origin',(-7.00400686390021,42.3044618006334,-6.66111791952438));
#10543=CARTESIAN_POINT('Origin',(-8.20265781273824,42.4050468900076,-6.98714588268945));
#10544=CARTESIAN_POINT('Ctrl Pts',(8.24598141713973,42.4246455603645,-6.57702423069164));
#10545=CARTESIAN_POINT('Ctrl Pts',(8.08489964425042,42.4246455603645,-6.57702423069163));
#10546=CARTESIAN_POINT('Ctrl Pts',(8.01832932305436,42.3041574729628,-6.66068037623573));
#10547=CARTESIAN_POINT('Ctrl Pts',(8.24598141038195,42.4873305662585,-6.66730805168068));
#10548=CARTESIAN_POINT('Ctrl Pts',(8.08489963836717,42.4792265835299,-6.65563606544768));
#10549=CARTESIAN_POINT('Ctrl Pts',(8.0183293212821,42.3553893575273,-6.73446852228171));
#10550=CARTESIAN_POINT('Ctrl Pts',(8.23166831486396,42.5493091009986,-6.75657435796606));
#10551=CARTESIAN_POINT('Ctrl Pts',(8.07243695471698,42.5331924688703,-6.73336193085744));
#10552=CARTESIAN_POINT('Ctrl Pts',(8.0066313598065,42.4060438571886,-6.80742507343307));
#10553=CARTESIAN_POINT('Ctrl Pts',(8.20265781273825,42.6104022663455,-6.84456548638928));
#10554=CARTESIAN_POINT('Ctrl Pts',(8.04717696046375,42.5863874462897,-6.80997747472555));
#10555=CARTESIAN_POINT('Ctrl Pts',(7.98292133370913,42.4559747457185,-6.8793394204686));
#10556=CARTESIAN_POINT('',(7.9829213337087,42.4559747457176,-6.87933942046907));
#10557=CARTESIAN_POINT('Origin',(8.20265781273824,42.4050468900076,-6.98714588268946));
#10558=CARTESIAN_POINT('Origin',(7.00400686387426,42.3044618006658,-6.66111791949776));
#10559=CARTESIAN_POINT('Ctrl Pts',(-6.95868832756567,43.1504581004857,-7.62239590306066));
#10560=CARTESIAN_POINT('Ctrl Pts',(-6.9631564104573,43.0758755928926,-7.51497637476205));
#10561=CARTESIAN_POINT('Ctrl Pts',(-6.96566233300356,42.945093278683,-7.51506860819472));
#10562=CARTESIAN_POINT('Ctrl Pts',(-7.24949752110907,43.1562097690395,-7.63067990346387));
#10563=CARTESIAN_POINT('Ctrl Pts',(-7.22238049309004,43.0815846318233,-7.52319897667637));
#10564=CARTESIAN_POINT('Ctrl Pts',(-7.20745205942211,42.9508449450276,-7.5220574400057));
#10565=CARTESIAN_POINT('Ctrl Pts',(-7.5347287103451,43.1009907306396,-7.55114914954614));
#10566=CARTESIAN_POINT('Ctrl Pts',(-7.4813376151664,43.0260614621616,-7.44323018925337));
#10567=CARTESIAN_POINT('Ctrl Pts',(-7.44312886731408,42.8956260073405,-7.4547954163906));
#10568=CARTESIAN_POINT('Ctrl Pts',(-7.97782948408087,42.8989631637674,-7.2601733344816));
#10569=CARTESIAN_POINT('Ctrl Pts',(-7.85548187397132,42.8367146082393,-7.17051812325469));
#10570=CARTESIAN_POINT('Ctrl Pts',(-7.79713143470192,42.6935979847758,-7.22233055513986));
#10571=CARTESIAN_POINT('Ctrl Pts',(-8.1306472868109,42.7620490017413,-7.06297890945239));
#10572=CARTESIAN_POINT('Ctrl Pts',(-7.96909578696576,42.7048543410198,-6.98060271060573));
#10573=CARTESIAN_POINT('Ctrl Pts',(-7.91211222367375,42.5563645631779,-7.06996892248653));
#10574=CARTESIAN_POINT('Ctrl Pts',(-8.20265781273824,42.6104022663455,-6.84456548638926));
#10575=CARTESIAN_POINT('Ctrl Pts',(-8.00119385752015,42.5792851187256,-6.79974815016446));
#10576=CARTESIAN_POINT('Ctrl Pts',(-7.96522708268979,42.4050359873353,-6.90887297352035));
#10577=CARTESIAN_POINT('Ctrl Pts',(-7.98292133370869,42.4559747457176,-6.87933942046905));
#10578=CARTESIAN_POINT('Ctrl Pts',(-7.97339752267832,42.4760343817054,-6.90823239389018));
#10579=CARTESIAN_POINT('Ctrl Pts',(-7.96216224700425,42.4957263582674,-6.93662118908011));
#10580=CARTESIAN_POINT('Ctrl Pts',(-7.9493149555055,42.5150122918971,-6.96442171282908));
#10581=CARTESIAN_POINT('Ctrl Pts',(-7.93580329904211,42.5352955484733,-6.99365986987054));
#10582=CARTESIAN_POINT('Ctrl Pts',(-7.92050841337302,42.5551301427706,-7.0222477790288));
#10583=CARTESIAN_POINT('Ctrl Pts',(-7.90348916834132,42.5744600747079,-7.05009128799208));
#10584=CARTESIAN_POINT('Ctrl Pts',(-7.8859185822037,42.5944162028151,-7.0788367917851));
#10585=CARTESIAN_POINT('Ctrl Pts',(-7.86650956190094,42.6138348993176,-7.10678927462307));
#10586=CARTESIAN_POINT('Ctrl Pts',(-7.84527366106489,42.6326355515122,-7.13384234642651));
#10587=CARTESIAN_POINT('Ctrl Pts',(-7.82287859535958,42.6524624401594,-7.16237211425908));
#10588=CARTESIAN_POINT('Ctrl Pts',(-7.79845105424753,42.6716025527807,-7.18990190457478));
#10589=CARTESIAN_POINT('Ctrl Pts',(-7.77195579223,42.6899321758464,-7.21629823465102));
#10590=CARTESIAN_POINT('Ctrl Pts',(-7.7669738553228,42.6933787175558,-7.22126156926286));
#10591=CARTESIAN_POINT('Ctrl Pts',(-7.76191870042476,42.6967965108026,-7.22618479958602));
#10592=CARTESIAN_POINT('Ctrl Pts',(-7.75678995092729,42.7001846014133,-7.23106699619719));
#10593=CARTESIAN_POINT('Origin',(-6.99999999999999,42.9455110068097,-7.76556433980575));
#10594=CARTESIAN_POINT('Ctrl Pts',(6.94808876819023,42.9445632326283,-7.51443003018714));
#10595=CARTESIAN_POINT('Ctrl Pts',(6.94430802695801,43.0753514915413,-7.51422152323176));
#10596=CARTESIAN_POINT('Ctrl Pts',(6.93755484532256,43.1499328787337,-7.62163943784286));
#10597=CARTESIAN_POINT('Ctrl Pts',(7.19600659436521,42.9534859060266,-7.52528429484532));
#10598=CARTESIAN_POINT('Ctrl Pts',(7.20990160167196,43.0842273128832,-7.52700517148124));
#10599=CARTESIAN_POINT('Ctrl Pts',(7.23565051730677,43.1588555614416,-7.63449057946519));
#10600=CARTESIAN_POINT('Ctrl Pts',(7.43873761239954,42.8981265159119,-7.45767853948149));
#10601=CARTESIAN_POINT('Ctrl Pts',(7.47690413546588,43.028302750466,-7.44645826699159));
#10602=CARTESIAN_POINT('Ctrl Pts',(7.52923399637511,43.1034959930083,-7.55475742326339));
#10603=CARTESIAN_POINT('Ctrl Pts',(7.79712939323604,42.6935929775524,-7.22233236795095));
#10604=CARTESIAN_POINT('Ctrl Pts',(7.85547884298421,42.8367130661205,-7.17051590217546));
#10605=CARTESIAN_POINT('Ctrl Pts',(7.97782948408063,42.8989631637675,-7.26017333448177));
#10606=CARTESIAN_POINT('Ctrl Pts',(7.91211030131828,42.5563595536793,-7.06997193742341));
#10607=CARTESIAN_POINT('Ctrl Pts',(7.96909163640013,42.7048528715839,-6.98060059420159));
#10608=CARTESIAN_POINT('Ctrl Pts',(8.13064728681257,42.7620490017414,-7.0629789094526));
#10609=CARTESIAN_POINT('Ctrl Pts',(7.96522593325693,42.4050304182397,-6.90887646123606));
#10610=CARTESIAN_POINT('Ctrl Pts',(8.00118839394811,42.5792842748487,-6.79974693474733));
#10611=CARTESIAN_POINT('Ctrl Pts',(8.20265781273825,42.6104022663455,-6.84456548638927));
#10612=CARTESIAN_POINT('Ctrl Pts',(7.75678995092713,42.7001846014133,-7.23106699619702));
#10613=CARTESIAN_POINT('Ctrl Pts',(7.78357558494064,42.6824898095059,-7.20556902019454));
#10614=CARTESIAN_POINT('Ctrl Pts',(7.80835650370999,42.66398734729,-7.17895260652743));
#10615=CARTESIAN_POINT('Ctrl Pts',(7.83117340454858,42.6448004837563,-7.15134612778385));
#10616=CARTESIAN_POINT('Ctrl Pts',(7.85308802674681,42.626372351536,-7.12483132824255));
#10617=CARTESIAN_POINT('Ctrl Pts',(7.87319162561709,42.6073124452872,-7.09740301578688));
#10618=CARTESIAN_POINT('Ctrl Pts',(7.89148282658646,42.5877049582567,-7.06916717539005));
#10619=CARTESIAN_POINT('Ctrl Pts',(7.90918420864506,42.568729735158,-7.04184182920601));
#10620=CARTESIAN_POINT('Ctrl Pts',(7.92518870656228,42.5492412694172,-7.01375987181951));
#10621=CARTESIAN_POINT('Ctrl Pts',(7.93945041040089,42.5292979619139,-6.98501380398263));
#10622=CARTESIAN_POINT('Ctrl Pts',(7.95312791005185,42.5101715949313,-6.9574452653806));
#10623=CARTESIAN_POINT('Ctrl Pts',(7.96520272568591,42.4906264908688,-6.9292655331392));
#10624=CARTESIAN_POINT('Ctrl Pts',(7.97558733650378,42.4707032131158,-6.9005579405647));
#10625=CARTESIAN_POINT('Ctrl Pts',(7.97813452349149,42.4658163363002,-6.89351640501399));
#10626=CARTESIAN_POINT('Ctrl Pts',(7.98057978049026,42.4609066689842,-6.88644313501015));
#10627=CARTESIAN_POINT('Ctrl Pts',(7.98292133370869,42.4559747457176,-6.87933942046907));
#10628=CARTESIAN_POINT('Origin',(7.,42.9455110068097,-7.76556433980575));
#10629=CARTESIAN_POINT('Origin',(-10.,42.9455110068097,-7.76556433980575));
#10630=CARTESIAN_POINT('Ctrl Pts',(-7.89502674209687,42.3942037374665,-6.89324899410097));
#10631=CARTESIAN_POINT('Ctrl Pts',(-7.95721908300696,42.4038096654888,-6.90708419876653));
#10632=CARTESIAN_POINT('Ctrl Pts',(-7.98292133370869,42.4559747457176,-6.87933942046905));
#10633=CARTESIAN_POINT('Ctrl Pts',(-7.91651227156341,42.3489573908289,-6.82808168651331));
#10634=CARTESIAN_POINT('Ctrl Pts',(-7.98019756828263,42.3554193052901,-6.83738863831354));
#10635=CARTESIAN_POINT('Ctrl Pts',(-8.00651682230599,42.4062850598881,-6.80777247933543));
#10636=CARTESIAN_POINT('Ctrl Pts',(-7.92726847278935,42.30283850169,-6.76165767535072));
#10637=CARTESIAN_POINT('Ctrl Pts',(-7.99170118106808,42.3060957726009,-6.76634905026067));
#10638=CARTESIAN_POINT('Ctrl Pts',(-8.01832932068502,42.3556371320745,-6.73482539441579));
#10639=CARTESIAN_POINT('Ctrl Pts',(-7.92726848541958,42.255962238001,-6.69414283445413));
#10640=CARTESIAN_POINT('Ctrl Pts',(-7.99170119457561,42.2559622380009,-6.69414283445413));
#10641=CARTESIAN_POINT('Ctrl Pts',(-8.01832932305391,42.3041574729619,-6.66068037623627));
#10642=CARTESIAN_POINT('Origin',(-7.92726848541958,42.3381043885361,-6.63711067593406));
#10643=CARTESIAN_POINT('Origin',(-7.89502674209687,42.4763458880016,-6.8362168355809));
#10644=CARTESIAN_POINT('Ctrl Pts',(-7.65773411818062,42.637042701093,-7.24300455699091));
#10645=CARTESIAN_POINT('Ctrl Pts',(-7.70454776473852,42.6623873830311,-7.27950793917053));
#10646=CARTESIAN_POINT('Ctrl Pts',(-7.72382647954526,42.7211392885827,-7.26099542309363));
#10647=CARTESIAN_POINT('Ctrl Pts',(-7.78161517194086,42.5624883608025,-7.13562559743362));
#10648=CARTESIAN_POINT('Ctrl Pts',(-7.83682213226677,42.5827768327034,-7.16484663266055));
#10649=CARTESIAN_POINT('Ctrl Pts',(-7.85955739571337,42.6394465117396,-7.14333517942465));
#10650=CARTESIAN_POINT('Ctrl Pts',(-7.86597268204214,42.4703385358562,-7.00290425233734));
#10651=CARTESIAN_POINT('Ctrl Pts',(-7.92647386664616,42.4846687877507,-7.0235437956844));
#10652=CARTESIAN_POINT('Ctrl Pts',(-7.95138937080688,42.538884733739,-6.99849824154783));
#10653=CARTESIAN_POINT('Ctrl Pts',(-7.90594071522902,42.3690849070012,-6.85707090077815));
#10654=CARTESIAN_POINT('Ctrl Pts',(-7.96892042943736,42.3771475423181,-6.86868333525702));
#10655=CARTESIAN_POINT('Ctrl Pts',(-7.99485663280246,42.4287823902245,-6.83992029005818));
#10656=CARTESIAN_POINT('Origin',(-7.68787815852752,42.7001846081257,-7.15860676998179));
#10657=CARTESIAN_POINT('Origin',(-7.92726848541958,42.3381043885361,-6.63711067593406));
#10658=CARTESIAN_POINT('Origin',(-7.92726848541958,31.7187164720984,8.65775775371306));
#10659=CARTESIAN_POINT('Ctrl Pts',(-7.75679229920867,42.7001846081257,-7.23106945840955));
#10660=CARTESIAN_POINT('Ctrl Pts',(-7.73664033663395,42.6420625719971,-7.25023456550131));
#10661=CARTESIAN_POINT('Ctrl Pts',(-7.68787815852752,42.6180424575905,-7.21563892850186));
#10662=CARTESIAN_POINT('Ctrl Pts',(-7.56452183065223,42.8129349534319,-7.41392430973263));
#10663=CARTESIAN_POINT('Ctrl Pts',(-7.55416834804749,42.7549519275352,-7.4128265956453));
#10664=CARTESIAN_POINT('Ctrl Pts',(-7.51693484798432,42.7309179200456,-7.37821094873225));
#10665=CARTESIAN_POINT('Ctrl Pts',(-7.28561255968996,42.8785929320547,-7.51556433980576));
#10666=CARTESIAN_POINT('Ctrl Pts',(-7.27763687492774,42.826283805042,-7.51556431364157));
#10667=CARTESIAN_POINT('Ctrl Pts',(-7.26276857930233,42.7964507814775,-7.47259647276693));
#10668=CARTESIAN_POINT('Ctrl Pts',(-6.99999999999999,42.8785929497585,-7.51556433980575));
#10669=CARTESIAN_POINT('Ctrl Pts',(-6.99999999999999,42.8262838232017,-7.51556433980575));
#10670=CARTESIAN_POINT('Ctrl Pts',(-6.99999999999999,42.7964507992233,-7.47259649832583));
#10671=CARTESIAN_POINT('Origin',(-6.99999999999999,42.8785929497585,-7.41556433980575));
#10672=CARTESIAN_POINT('Ctrl Pts',(-7.92726848541958,31.6365743215632,8.60072559519299));
#10673=CARTESIAN_POINT('Ctrl Pts',(-7.99170119457561,31.6365743215632,8.60072559519299));
#10674=CARTESIAN_POINT('Ctrl Pts',(-8.01832932305391,31.6847695565242,8.63418805341085));
#10675=CARTESIAN_POINT('Ctrl Pts',(-7.9272684615283,31.5674041641474,8.70034983580444));
#10676=CARTESIAN_POINT('Ctrl Pts',(-7.99170116902487,31.5625977669661,8.70727238285654));
#10677=CARTESIAN_POINT('Ctrl Pts',(-8.01832931857306,31.6088066535391,8.7435957172042));
#10678=CARTESIAN_POINT('Ctrl Pts',(-7.90317847110331,31.4982132338009,8.80000399520621));
#10679=CARTESIAN_POINT('Ctrl Pts',(-7.96593724772482,31.4885989959973,8.81385116826459));
#10680=CARTESIAN_POINT('Ctrl Pts',(-7.99187359628,31.5328209471753,8.85303625299128));
#10681=CARTESIAN_POINT('Ctrl Pts',(-7.81019410034662,31.3701831154598,8.98440292953912));
#10682=CARTESIAN_POINT('Ctrl Pts',(-7.86649171171636,31.3516725035128,9.01106335257987));
#10683=CARTESIAN_POINT('Ctrl Pts',(-7.88975783869135,31.3922178556633,9.05554377284096));
#10684=CARTESIAN_POINT('Ctrl Pts',(-7.7413833975104,31.311541749727,9.06886278546261));
#10685=CARTESIAN_POINT('Ctrl Pts',(-7.79289958895947,31.2889563502512,9.10139203442959));
#10686=CARTESIAN_POINT('Ctrl Pts',(-7.81418970621819,31.3278177063175,9.1482978680496));
#10687=CARTESIAN_POINT('Ctrl Pts',(-7.57044099691065,31.2139798704042,9.20937899220947));
#10688=CARTESIAN_POINT('Ctrl Pts',(-7.61007898680109,31.1846152302877,9.25167223082207));
#10689=CARTESIAN_POINT('Ctrl Pts',(-7.62646019027076,31.2206749329271,9.30261322951628));
#10690=CARTESIAN_POINT('Ctrl Pts',(-7.46709198238421,31.174570382992,9.26613960116287));
#10691=CARTESIAN_POINT('Ctrl Pts',(-7.49954860344972,31.1424673126511,9.31237693997294));
#10692=CARTESIAN_POINT('Ctrl Pts',(-7.512961962829,31.1773953001068,9.36494791970464));
#10693=CARTESIAN_POINT('Ctrl Pts',(-7.24412624699236,31.1217660514316,9.34219250647979));
#10694=CARTESIAN_POINT('Ctrl Pts',(-7.26108974322933,31.0859937890798,9.39371450100627));
#10695=CARTESIAN_POINT('Ctrl Pts',(-7.26810025318879,31.1194054088225,9.44846947193865));
#10696=CARTESIAN_POINT('Ctrl Pts',(-7.12198735069104,31.1077330991065,9.36240385587024));
#10697=CARTESIAN_POINT('Ctrl Pts',(-7.13046383362654,31.0709857348068,9.41533026806128));
#10698=CARTESIAN_POINT('Ctrl Pts',(-7.13396691284328,31.1039943587976,9.47066565230098));
#10699=CARTESIAN_POINT('Ctrl Pts',(-7.00000000000245,31.1077330890458,9.36240387036043));
#10700=CARTESIAN_POINT('Ctrl Pts',(-7.00000000000262,31.0709857242217,9.41533028330851));
#10701=CARTESIAN_POINT('Ctrl Pts',(-7.00000000000269,31.1039943627368,9.47066565890536));
#10702=CARTESIAN_POINT('Origin',(-6.99999999999999,31.1898752395872,9.41943602887153));
#10703=CARTESIAN_POINT('Origin',(-6.99999999999999,42.8785929497585,-7.41556433980576));
#10704=CARTESIAN_POINT('Origin',(7.,42.8785929497585,-7.41556433980576));
#10705=CARTESIAN_POINT('Origin',(-6.99999999999999,31.1898752395872,9.41943602887153));
#10706=CARTESIAN_POINT('Origin',(7.,31.1898752395872,9.41943602887154));
#10707=CARTESIAN_POINT('Ctrl Pts',(6.91472306568524,42.8768954666247,-7.51253228039608));
#10708=CARTESIAN_POINT('Ctrl Pts',(6.91713048114486,42.8241681982274,-7.51263914135789));
#10709=CARTESIAN_POINT('Ctrl Pts',(6.92149518582334,42.7944153301064,-7.46966470412063));
#10710=CARTESIAN_POINT('Ctrl Pts',(7.25575017118778,42.8926750291098,-7.53685341444214));
#10711=CARTESIAN_POINT('Ctrl Pts',(7.24795015103996,42.8413053061467,-7.53731855449247));
#10712=CARTESIAN_POINT('Ctrl Pts',(7.23571891766385,42.8101612705242,-7.49234323541356));
#10713=CARTESIAN_POINT('Ctrl Pts',(7.60162277785228,42.812602584837,-7.41404260215087));
#10714=CARTESIAN_POINT('Ctrl Pts',(7.59373396573082,42.7522272081035,-7.40903500932681));
#10715=CARTESIAN_POINT('Ctrl Pts',(7.55111916356381,42.7302811195393,-7.37729361395133));
#10716=CARTESIAN_POINT('Ctrl Pts',(7.81227673584766,42.6649948133183,-7.17327012203973));
#10717=CARTESIAN_POINT('Ctrl Pts',(7.79163252336017,42.6048536150643,-7.19683202607394));
#10718=CARTESIAN_POINT('Ctrl Pts',(7.73680389035808,42.5824664880092,-7.16439942801845));
#10719=CARTESIAN_POINT('Origin',(7.68787815852752,42.7001846081257,-7.15860676998179));
#10720=CARTESIAN_POINT('Ctrl Pts',(7.,31.107733089052,9.36240387035146));
#10721=CARTESIAN_POINT('Ctrl Pts',(7.,31.0709857242274,9.41533028330029));
#10722=CARTESIAN_POINT('Ctrl Pts',(7.,31.1039943627437,9.47066565889749));
#10723=CARTESIAN_POINT('Ctrl Pts',(7.12128272751852,31.1077331026782,9.36240385072598));
#10724=CARTESIAN_POINT('Ctrl Pts',(7.12971024859857,31.0709857387996,9.41533026231168));
#10725=CARTESIAN_POINT('Ctrl Pts',(7.13319309113711,31.1039943571887,9.47066564958515));
#10726=CARTESIAN_POINT('Ctrl Pts',(7.24260187822567,31.1214721442044,9.34261581452785));
#10727=CARTESIAN_POINT('Ctrl Pts',(7.25945945130861,31.0856794592365,9.39416722329446));
#10728=CARTESIAN_POINT('Ctrl Pts',(7.26642618929568,31.1190826320445,9.44893435409015));
#10729=CARTESIAN_POINT('Ctrl Pts',(7.46708946849624,31.1745031379332,9.26623645272672));
#10730=CARTESIAN_POINT('Ctrl Pts',(7.49954591487251,31.1423953949737,9.31248052140561));
#10731=CARTESIAN_POINT('Ctrl Pts',(7.51295919913098,31.1773214582475,9.36505427856267));
#10732=CARTESIAN_POINT('Ctrl Pts',(7.56991104715374,31.2137473670537,9.20971386161847));
#10733=CARTESIAN_POINT('Ctrl Pts',(7.60951221263956,31.184366571083,9.25203036914838));
#10734=CARTESIAN_POINT('Ctrl Pts',(7.62587820290687,31.2204195912373,9.3029809865744));
#10735=CARTESIAN_POINT('Ctrl Pts',(7.74097572689675,31.3112395079415,9.06929809758986));
#10736=CARTESIAN_POINT('Ctrl Pts',(7.79246359072425,31.288633106713,9.10185759491495));
#10737=CARTESIAN_POINT('Ctrl Pts',(7.81374199578445,31.327485789127,9.14877592690647));
#10738=CARTESIAN_POINT('Ctrl Pts',(7.81007619308088,31.3701816817352,8.98440499450082));
#10739=CARTESIAN_POINT('Ctrl Pts',(7.86636561149632,31.3516709701581,9.01106556103493));
#10740=CARTESIAN_POINT('Ctrl Pts',(7.88962835963155,31.392216276623,9.05554604102774));
#10741=CARTESIAN_POINT('Ctrl Pts',(7.90266313513336,31.4973438533895,8.80125614449322));
#10742=CARTESIAN_POINT('Ctrl Pts',(7.96538610280673,31.4876692053258,8.81519032510839));
#10743=CARTESIAN_POINT('Ctrl Pts',(7.99130764551991,31.5318661952457,8.85441136704863));
#10744=CARTESIAN_POINT('Ctrl Pts',(7.92726846779002,31.5670023023426,8.70092862843157));
#10745=CARTESIAN_POINT('Ctrl Pts',(7.9917011760243,31.5621679811571,8.70789139380427));
#10746=CARTESIAN_POINT('Ctrl Pts',(8.01832931988576,31.6083653286737,8.74423135263138));
#10747=CARTESIAN_POINT('Ctrl Pts',(7.92726848543051,31.6365743215618,8.600725595195));
#10748=CARTESIAN_POINT('Ctrl Pts',(7.99170119458562,31.6365743215617,8.60072559519514));
#10749=CARTESIAN_POINT('Ctrl Pts',(8.0183293230643,31.6847695565217,8.63418805341239));
#10750=CARTESIAN_POINT('Origin',(7.92726848541959,31.7187164720984,8.65775775371306));
#10751=CARTESIAN_POINT('Ctrl Pts',(7.72382647954494,42.721139288582,-7.26099542309395));
#10752=CARTESIAN_POINT('Ctrl Pts',(7.70454776473788,42.6623873830308,-7.27950793917025));
#10753=CARTESIAN_POINT('Ctrl Pts',(7.65773411818033,42.6370427010931,-7.243004556991));
#10754=CARTESIAN_POINT('Ctrl Pts',(7.85955739571363,42.6394465117393,-7.14333517942436));
#10755=CARTESIAN_POINT('Ctrl Pts',(7.83682213226753,42.5827768327039,-7.16484663266015));
#10756=CARTESIAN_POINT('Ctrl Pts',(7.78161517194213,42.5624883608023,-7.1356255974333));
#10757=CARTESIAN_POINT('Ctrl Pts',(7.95138937080574,42.538884733737,-6.99849824154917));
#10758=CARTESIAN_POINT('Ctrl Pts',(7.92647386664418,42.484668787747,-7.02354379568626));
#10759=CARTESIAN_POINT('Ctrl Pts',(7.8659726820401,42.4703385358562,-7.00290425233737));
#10760=CARTESIAN_POINT('Ctrl Pts',(7.99485663280241,42.4287823902243,-6.83992029005822));
#10761=CARTESIAN_POINT('Ctrl Pts',(7.96892042943727,42.377147542319,-6.8686833352564));
#10762=CARTESIAN_POINT('Ctrl Pts',(7.90594071522955,42.3690849070012,-6.85707090077816));
#10763=CARTESIAN_POINT('Origin',(7.89502674209687,42.4763458880016,-6.83621683558091));
#10764=CARTESIAN_POINT('Origin',(7.92726848541959,42.3381043885361,-6.63711067593406));
#10765=CARTESIAN_POINT('Origin',(7.92726848541959,42.3381043885357,-6.63711067593342));
#10766=CARTESIAN_POINT('Ctrl Pts',(7.98292133370869,42.4559747457176,-6.87933942046907));
#10767=CARTESIAN_POINT('Ctrl Pts',(7.95721908300697,42.4038096654888,-6.90708419876654));
#10768=CARTESIAN_POINT('Ctrl Pts',(7.89502674209688,42.3942037374665,-6.89324899410098));
#10769=CARTESIAN_POINT('Ctrl Pts',(8.00651682230593,42.4062850598879,-6.80777247933548));
#10770=CARTESIAN_POINT('Ctrl Pts',(7.98019756828215,42.3554193052899,-6.8373886383129));
#10771=CARTESIAN_POINT('Ctrl Pts',(7.91651227156303,42.3489573908286,-6.82808168651281));
#10772=CARTESIAN_POINT('Ctrl Pts',(8.01832932068467,42.3556371320731,-6.73482539441514));
#10773=CARTESIAN_POINT('Ctrl Pts',(7.99170118106701,42.3060957726008,-6.76634905025961));
#10774=CARTESIAN_POINT('Ctrl Pts',(7.92726847278829,42.3028385016895,-6.76165767535002));
#10775=CARTESIAN_POINT('Ctrl Pts',(8.01832932305392,42.3041574729619,-6.66068037623627));
#10776=CARTESIAN_POINT('Ctrl Pts',(7.99170119457562,42.2559622380009,-6.69414283445413));
#10777=CARTESIAN_POINT('Ctrl Pts',(7.92726848541959,42.255962238001,-6.69414283445413));
#10778=CARTESIAN_POINT('Ctrl Pts',(-7.60019828724097,31.6782928105864,8.54063903783138));
#10779=CARTESIAN_POINT('Ctrl Pts',(-7.5,31.6784560112763,8.54075234978581));
#10780=CARTESIAN_POINT('Ctrl Pts',(-7.5,31.5961508215339,8.48360699143045));
#10781=CARTESIAN_POINT('Ctrl Pts',(-7.60021538826672,31.5871530367772,8.67190557000406));
#10782=CARTESIAN_POINT('Ctrl Pts',(-7.48102633786913,31.5932291408026,8.66360063731857));
#10783=CARTESIAN_POINT('Ctrl Pts',(-7.5,31.5053459174275,8.58448858483213));
#10784=CARTESIAN_POINT('Ctrl Pts',(-7.5386907416794,31.4958847580104,8.80335718761682));
#10785=CARTESIAN_POINT('Ctrl Pts',(-7.40086158484373,31.5304746381858,8.75410564282776));
#10786=CARTESIAN_POINT('Ctrl Pts',(-7.45328553901698,31.413798419389,8.68775127044288));
#10787=CARTESIAN_POINT('Ctrl Pts',(-7.31874333344662,31.3634334141724,8.9941238478912));
#10788=CARTESIAN_POINT('Ctrl Pts',(-7.20929112972464,31.4469919491853,8.87454837024956));
#10789=CARTESIAN_POINT('Ctrl Pts',(-7.27274041780586,31.2814049767776,8.84432741789825));
#10790=CARTESIAN_POINT('Ctrl Pts',(-7.16233339520308,31.3235593134379,9.05155361458867));
#10791=CARTESIAN_POINT('Ctrl Pts',(-7.10708352385821,31.4333100045303,8.89431772695112));
#10792=CARTESIAN_POINT('Ctrl Pts',(-7.13976270056382,31.2415590031798,8.89431774410627));
#10793=CARTESIAN_POINT('Ctrl Pts',(-6.99999999999999,31.3235592106834,9.05155376258319));
#10794=CARTESIAN_POINT('Ctrl Pts',(-6.99999999999999,31.433309675347,8.89431774410627));
#10795=CARTESIAN_POINT('Ctrl Pts',(-6.99999999999999,31.2415589778246,8.89431774410627));
#10796=CARTESIAN_POINT('Origin',(-7.6,31.5961508215339,8.48360699143045));
#10797=CARTESIAN_POINT('Origin',(-7.6,42.0925034098293,-6.63405638921168));
#10798=CARTESIAN_POINT('Origin',(-7.6,42.2155387379716,-6.81126143821666));
#10799=CARTESIAN_POINT('Ctrl Pts',(6.90395893335148,31.3284967924014,9.04444246673289));
#10800=CARTESIAN_POINT('Ctrl Pts',(6.93809532598693,31.4347370448298,8.89209001761024));
#10801=CARTESIAN_POINT('Ctrl Pts',(6.91709241147344,31.2464658574494,8.88812567746814));
#10802=CARTESIAN_POINT('Ctrl Pts',(7.09499635100644,31.3086337698016,9.07305073240289));
#10803=CARTESIAN_POINT('Ctrl Pts',(7.06192668489956,31.4288289357719,8.90062723122622));
#10804=CARTESIAN_POINT('Ctrl Pts',(7.08239468111355,31.2266138966467,8.91325072521345));
#10805=CARTESIAN_POINT('Ctrl Pts',(7.29680274204362,31.3503866704799,9.01291496577686));
#10806=CARTESIAN_POINT('Ctrl Pts',(7.18637688675084,31.4369766292965,8.88884039045743));
#10807=CARTESIAN_POINT('Ctrl Pts',(7.25474040438086,31.2683374701682,8.85978959898761));
#10808=CARTESIAN_POINT('Ctrl Pts',(7.55990598331497,31.5085727148926,8.78508317274923));
#10809=CARTESIAN_POINT('Ctrl Pts',(7.41616366074606,31.5370107308142,8.74456689339701));
#10810=CARTESIAN_POINT('Ctrl Pts',(7.47074242880209,31.4264679856449,8.67275973623866));
#10811=CARTESIAN_POINT('Ctrl Pts',(7.62315844455074,31.624347617281,8.61833520057917));
#10812=CARTESIAN_POINT('Ctrl Pts',(7.50886755847827,31.6154380535925,8.63149129005412));
#10813=CARTESIAN_POINT('Ctrl Pts',(7.51719337181551,31.5426662090168,8.54251816917675));
#10814=CARTESIAN_POINT('Ctrl Pts',(7.59256475537012,31.7330301486797,8.46180221163701));
#10815=CARTESIAN_POINT('Ctrl Pts',(7.5042059863062,31.7271650427826,8.47048816896491));
#10816=CARTESIAN_POINT('Ctrl Pts',(7.49429295412172,31.6505935140999,8.42330061399623));
#10817=CARTESIAN_POINT('Origin',(7.6,31.5961508215339,8.48360699143045));
#10818=CARTESIAN_POINT('Ctrl Pts',(-6.90396755822276,42.6474625654593,-7.25801231029037));
#10819=CARTESIAN_POINT('Ctrl Pts',(-6.91239028783737,42.6175072271392,-7.21471063833978));
#10820=CARTESIAN_POINT('Ctrl Pts',(-6.91709426880044,42.5652030533686,-7.2157805444454));
#10821=CARTESIAN_POINT('Ctrl Pts',(-7.09499227891666,42.6673131613304,-7.28660267083879));
#10822=CARTESIAN_POINT('Ctrl Pts',(-7.08585761269548,42.6379461054905,-7.24415629727969));
#10823=CARTESIAN_POINT('Ctrl Pts',(-7.08239330546879,42.5850546656382,-7.24090387880705));
#10824=CARTESIAN_POINT('Ctrl Pts',(-7.29675232404238,42.6255979961375,-7.22652126752785));
#10825=CARTESIAN_POINT('Ctrl Pts',(-7.27546749583424,42.5932849307449,-7.17981639895453));
#10826=CARTESIAN_POINT('Ctrl Pts',(-7.25473226109718,42.5433324726103,-7.18744703981485));
#10827=CARTESIAN_POINT('Ctrl Pts',(-7.55989748222359,42.467432424592,-6.99871904534159));
#10828=CARTESIAN_POINT('Ctrl Pts',(-7.4985910406044,42.4442542080205,-6.96506506906617));
#10829=CARTESIAN_POINT('Ctrl Pts',(-7.47073234120597,42.3852001958049,-7.00042698197013));
#10830=CARTESIAN_POINT('Ctrl Pts',(-7.62324158011973,42.3517002152638,-6.83203263971634));
#10831=CARTESIAN_POINT('Ctrl Pts',(-7.52934741609196,42.3296312812019,-6.79986296907771));
#10832=CARTESIAN_POINT('Ctrl Pts',(-7.51718930602153,42.2690030980494,-6.87019610739932));
#10833=CARTESIAN_POINT('Ctrl Pts',(-7.59268742253562,42.2429295732628,-6.6753728217503));
#10834=CARTESIAN_POINT('Ctrl Pts',(-7.48159518230106,42.2529321089719,-6.6892491896774));
#10835=CARTESIAN_POINT('Ctrl Pts',(-7.49429673259397,42.1610686782094,-6.75097345019182));
#10836=CARTESIAN_POINT('Origin',(-6.99999999999999,42.570130581681,-7.32197219089248));
#10837=CARTESIAN_POINT('Origin',(7.6,42.0925034098293,-6.63405638921168));
#10838=CARTESIAN_POINT('Origin',(7.6,42.2155387379716,-6.81126143821667));
#10839=CARTESIAN_POINT('Origin',(-6.99999999999999,42.570130581681,-7.32197219089248));
#10840=CARTESIAN_POINT('Origin',(7.,42.570130581681,-7.32197219089248));
#10841=CARTESIAN_POINT('Ctrl Pts',(7.60024980887225,42.2976806322045,-6.75422945764995));
#10842=CARTESIAN_POINT('Ctrl Pts',(7.5,42.29788634383,-6.7540866299061));
#10843=CARTESIAN_POINT('Ctrl Pts',(7.5,42.2155387379716,-6.81126143821666));
#10844=CARTESIAN_POINT('Ctrl Pts',(7.60022875631729,42.388864516877,-6.88555948723107));
#10845=CARTESIAN_POINT('Ctrl Pts',(7.51580253093719,42.3688212708738,-6.85635670208627));
#10846=CARTESIAN_POINT('Ctrl Pts',(7.5,42.3063436420777,-6.91214303161854));
#10847=CARTESIAN_POINT('Ctrl Pts',(7.53863893281768,42.4800996054707,-7.016963268718));
#10848=CARTESIAN_POINT('Ctrl Pts',(7.47915388426708,42.4571369695132,-6.98363749529353));
#10849=CARTESIAN_POINT('Ctrl Pts',(7.45328553901683,42.3978911401165,-7.01540571722923));
#10850=CARTESIAN_POINT('Ctrl Pts',(7.31867402966607,42.6125214586045,-7.2076874146677));
#10851=CARTESIAN_POINT('Ctrl Pts',(7.2927602870626,42.5818462425836,-7.1633390852816));
#10852=CARTESIAN_POINT('Ctrl Pts',(7.27274041780602,42.530284582728,-7.17198186468432));
#10853=CARTESIAN_POINT('Ctrl Pts',(7.1623069185628,42.6523659813153,-7.26507457220348));
#10854=CARTESIAN_POINT('Ctrl Pts',(7.14788540206256,42.6225440781622,-7.2219721557461));
#10855=CARTESIAN_POINT('Ctrl Pts',(7.13976270056374,42.5701305563305,-7.22197219089248));
#10856=CARTESIAN_POINT('Ctrl Pts',(7.,42.6523660414358,-7.26507465879387));
#10857=CARTESIAN_POINT('Ctrl Pts',(7.,42.6225440636873,-7.22197219089248));
#10858=CARTESIAN_POINT('Ctrl Pts',(7.,42.570130581681,-7.22197219089248));
#10859=CARTESIAN_POINT('Origin',(6.75,-3.1733303762741,-5.05));
#10860=CARTESIAN_POINT('',(6.75,-3.1733303762741,-5.05));
#10861=CARTESIAN_POINT('',(5.25,-3.1733303762741,-5.05));
#10862=CARTESIAN_POINT('',(6.75,-3.1733303762741,-5.05));
#10863=CARTESIAN_POINT('',(5.25,-3.1733303762741,-6.12));
#10864=CARTESIAN_POINT('',(5.25,-3.1733303762741,-5.05));
#10865=CARTESIAN_POINT('',(5.75,-3.1733303762741,-6.12));
#10866=CARTESIAN_POINT('',(6.75,-3.1733303762741,-6.12));
#10867=CARTESIAN_POINT('',(5.75,-3.1733303762741,-9.75));
#10868=CARTESIAN_POINT('',(5.75,-3.1733303762741,-11.2194276023861));
#10869=CARTESIAN_POINT('',(6.75,-3.1733303762741,-9.75));
#10870=CARTESIAN_POINT('',(6.75,-3.1733303762741,-9.75));
#10871=CARTESIAN_POINT('',(6.75,-3.1733303762741,-5.05));
#10872=CARTESIAN_POINT('Origin',(0.,-1.05,0.));
#10873=CARTESIAN_POINT('',(-10.,-1.05,11.65));
#10874=CARTESIAN_POINT('',(-10.,-1.05,-11.65));
#10875=CARTESIAN_POINT('',(-10.,-1.05,11.75));
#10876=CARTESIAN_POINT('',(-9.9,-1.05,-11.75));
#10877=CARTESIAN_POINT('Origin',(-9.9,-1.05,-11.65));
#10878=CARTESIAN_POINT('',(9.9,-1.05,-11.75));
#10879=CARTESIAN_POINT('',(-10.,-1.05,-11.75));
#10880=CARTESIAN_POINT('',(10.,-1.05,-11.65));
#10881=CARTESIAN_POINT('Origin',(9.9,-1.05,-11.65));
#10882=CARTESIAN_POINT('',(10.,-1.05,11.65));
#10883=CARTESIAN_POINT('',(10.,-1.05,-11.75));
#10884=CARTESIAN_POINT('',(9.9,-1.05,11.75));
#10885=CARTESIAN_POINT('Origin',(9.9,-1.05,11.65));
#10886=CARTESIAN_POINT('',(-9.9,-1.05,11.75));
#10887=CARTESIAN_POINT('',(10.,-1.05,11.75));
#10888=CARTESIAN_POINT('Origin',(-9.9,-1.05,11.65));
#10889=CARTESIAN_POINT('',(-7.35,-1.05,-0.0999999999999979));
#10890=CARTESIAN_POINT('',(1.2,-1.05,-0.0999999999999982));
#10891=CARTESIAN_POINT('',(-7.35,-1.05,-0.0999999999999979));
#10892=CARTESIAN_POINT('',(-8.,-1.05,0.550000000000002));
#10893=CARTESIAN_POINT('Origin',(-7.35,-1.05,0.550000000000002));
#10894=CARTESIAN_POINT('',(-8.,-1.05,9.1));
#10895=CARTESIAN_POINT('',(-8.,-1.05,9.1));
#10896=CARTESIAN_POINT('',(-7.35,-1.05,9.75));
#10897=CARTESIAN_POINT('Origin',(-7.35,-1.05,9.1));
#10898=CARTESIAN_POINT('',(1.2,-1.05,9.75));
#10899=CARTESIAN_POINT('',(-7.35,-1.05,9.75));
#10900=CARTESIAN_POINT('',(1.85,-1.05,9.1));
#10901=CARTESIAN_POINT('Origin',(1.2,-1.05,9.1));
#10902=CARTESIAN_POINT('',(1.85,-1.05,0.550000000000002));
#10903=CARTESIAN_POINT('',(1.85,-1.05,9.1));
#10904=CARTESIAN_POINT('Origin',(1.2,-1.05,0.550000000000002));
#10905=CARTESIAN_POINT('',(6.75,-1.05,-9.75));
#10906=CARTESIAN_POINT('',(6.75,-1.05,-5.05));
#10907=CARTESIAN_POINT('',(6.75,-1.05,-9.75));
#10908=CARTESIAN_POINT('',(-6.75,-1.05,-9.75));
#10909=CARTESIAN_POINT('',(6.75,-1.05,-9.75));
#10910=CARTESIAN_POINT('',(-6.75,-1.05,-5.05));
#10911=CARTESIAN_POINT('',(-6.75,-1.05,-9.75));
#10912=CARTESIAN_POINT('',(6.75,-1.05,-5.05));
#10913=CARTESIAN_POINT('Origin',(-10.,-1.05,11.75));
#10914=CARTESIAN_POINT('',(-10.,0.,11.65));
#10915=CARTESIAN_POINT('',(-10.,0.,-11.65));
#10916=CARTESIAN_POINT('',(-10.,0.,11.75));
#10917=CARTESIAN_POINT('',(-10.,-1.05,-11.65));
#10918=CARTESIAN_POINT('',(-10.,-1.05,11.65));
#10919=CARTESIAN_POINT('Origin',(-10.,-1.05,-11.75));
#10920=CARTESIAN_POINT('',(-9.9,0.,-11.75));
#10921=CARTESIAN_POINT('',(-9.9,-1.05,-11.75));
#10922=CARTESIAN_POINT('',(9.9,0.,-11.75));
#10923=CARTESIAN_POINT('',(-10.,0.,-11.75));
#10924=CARTESIAN_POINT('',(9.9,-1.05,-11.75));
#10925=CARTESIAN_POINT('Origin',(10.,-1.05,-11.75));
#10926=CARTESIAN_POINT('',(10.,0.,-11.65));
#10927=CARTESIAN_POINT('',(10.,-1.05,-11.65));
#10928=CARTESIAN_POINT('',(10.,0.,11.65));
#10929=CARTESIAN_POINT('',(10.,0.,-11.75));
#10930=CARTESIAN_POINT('',(10.,-1.05,11.65));
#10931=CARTESIAN_POINT('Origin',(10.,-1.05,11.75));
#10932=CARTESIAN_POINT('',(9.9,0.,11.75));
#10933=CARTESIAN_POINT('',(9.9,-1.05,11.75));
#10934=CARTESIAN_POINT('',(-9.9,0.,11.75));
#10935=CARTESIAN_POINT('',(10.,0.,11.75));
#10936=CARTESIAN_POINT('',(-9.9,-1.05,11.75));
#10937=CARTESIAN_POINT('Origin',(0.,0.,0.));
#10938=CARTESIAN_POINT('Origin',(-9.9,0.,-11.65));
#10939=CARTESIAN_POINT('Origin',(-9.9,0.,11.65));
#10940=CARTESIAN_POINT('Origin',(9.9,0.,11.65));
#10941=CARTESIAN_POINT('Origin',(9.9,0.,-11.65));
#10942=CARTESIAN_POINT('Origin',(-7.35,-3.05,0.550000000000002));
#10943=CARTESIAN_POINT('',(-7.35,-2.4,-0.0999999999999979));
#10944=CARTESIAN_POINT('',(-7.35,-3.05,-0.0999999999999979));
#10945=CARTESIAN_POINT('',(-8.,-2.4,0.550000000000002));
#10946=CARTESIAN_POINT('Origin',(-7.35,-2.4,0.550000000000002));
#10947=CARTESIAN_POINT('',(-8.,-3.05,0.550000000000002));
#10948=CARTESIAN_POINT('Origin',(-7.35,-3.05,-0.0999999999999979));
#10949=CARTESIAN_POINT('',(1.2,-2.4,-0.0999999999999982));
#10950=CARTESIAN_POINT('',(1.2,-3.05,-0.0999999999999982));
#10951=CARTESIAN_POINT('',(-7.35,-2.4,-0.0999999999999979));
#10952=CARTESIAN_POINT('Origin',(1.2,-3.05,0.550000000000002));
#10953=CARTESIAN_POINT('',(1.85,-2.4,0.550000000000002));
#10954=CARTESIAN_POINT('',(1.85,-3.05,0.550000000000002));
#10955=CARTESIAN_POINT('Origin',(1.2,-2.4,0.550000000000002));
#10956=CARTESIAN_POINT('Origin',(1.85,-3.05,9.1));
#10957=CARTESIAN_POINT('',(1.85,-2.4,9.1));
#10958=CARTESIAN_POINT('',(1.85,-3.05,9.1));
#10959=CARTESIAN_POINT('',(1.85,-2.4,0.550000000000002));
#10960=CARTESIAN_POINT('Origin',(1.2,-3.05,9.1));
#10961=CARTESIAN_POINT('',(1.2,-2.4,9.75));
#10962=CARTESIAN_POINT('',(1.2,-3.05,9.75));
#10963=CARTESIAN_POINT('Origin',(1.2,-2.4,9.1));
#10964=CARTESIAN_POINT('Origin',(-7.35,-3.05,9.75));
#10965=CARTESIAN_POINT('',(-7.35,-2.4,9.75));
#10966=CARTESIAN_POINT('',(-7.35,-3.05,9.75));
#10967=CARTESIAN_POINT('',(1.2,-2.4,9.75));
#10968=CARTESIAN_POINT('Origin',(-7.35,-3.05,9.1));
#10969=CARTESIAN_POINT('',(-8.,-2.4,9.1));
#10970=CARTESIAN_POINT('',(-8.,-3.05,9.1));
#10971=CARTESIAN_POINT('Origin',(-7.35,-2.4,9.1));
#10972=CARTESIAN_POINT('Origin',(-8.,-3.05,9.1));
#10973=CARTESIAN_POINT('',(-8.,-2.4,9.1));
#10974=CARTESIAN_POINT('Origin',(-7.35,-3.05,0.550000000000002));
#10975=CARTESIAN_POINT('',(1.2,-3.05,0.550000000000002));
#10976=CARTESIAN_POINT('',(1.2,-3.05,9.1));
#10977=CARTESIAN_POINT('',(1.2,-3.05,9.1));
#10978=CARTESIAN_POINT('',(-7.35,-3.05,9.1));
#10979=CARTESIAN_POINT('',(-7.35,-3.05,9.1));
#10980=CARTESIAN_POINT('',(-7.35,-3.05,0.550000000000002));
#10981=CARTESIAN_POINT('',(-7.35,-3.05,0.550000000000002));
#10982=CARTESIAN_POINT('',(1.2,-3.05,0.550000000000002));
#10983=CARTESIAN_POINT('Origin',(-7.35,-2.4,0.550000000000002));
#10984=CARTESIAN_POINT('Origin',(-7.35,-2.4,0.550000000000002));
#10985=CARTESIAN_POINT('Origin',(1.2,-2.4,0.550000000000002));
#10986=CARTESIAN_POINT('Origin',(1.2,-2.4,0.550000000000002));
#10987=CARTESIAN_POINT('Origin',(1.2,-2.4,0.550000000000002));
#10988=CARTESIAN_POINT('Origin',(-7.35,-2.4,0.550000000000002));
#10989=CARTESIAN_POINT('Origin',(-7.35,-2.4,0.550000000000002));
#10990=CARTESIAN_POINT('Origin',(1.2,-2.4,0.550000000000003));
#10991=CARTESIAN_POINT('Origin',(1.2,-2.4,9.1));
#10992=CARTESIAN_POINT('Origin',(-7.35,-2.4,0.550000000000002));
#10993=CARTESIAN_POINT('Origin',(-7.35,-2.4,9.1));
#10994=CARTESIAN_POINT('Origin',(1.2,-2.4,9.1));
#10995=CARTESIAN_POINT('Origin',(1.2,-2.4,9.1));
#10996=CARTESIAN_POINT('Origin',(-7.35,-2.4,9.1));
#10997=CARTESIAN_POINT('Origin',(-7.35,-2.4,9.1));
#10998=CARTESIAN_POINT('Origin',(-7.35,-2.4,9.1));
#10999=CARTESIAN_POINT('Origin',(-9.9,-1.05,-11.65));
#11000=CARTESIAN_POINT('Origin',(9.9,-1.05,-11.65));
#11001=CARTESIAN_POINT('Origin',(9.9,-1.05,11.65));
#11002=CARTESIAN_POINT('Origin',(-9.9,-1.05,11.65));
#11003=CARTESIAN_POINT('Origin',(6.75,-4.25,-9.75));
#11004=CARTESIAN_POINT('',(6.75,-4.25,-9.75));
#11005=CARTESIAN_POINT('',(5.75,-4.25,-9.75));
#11006=CARTESIAN_POINT('',(5.75,-3.1733303762741,-9.75));
#11007=CARTESIAN_POINT('',(-5.75,-4.25,-9.75));
#11008=CARTESIAN_POINT('',(6.75,-4.25,-9.75));
#11009=CARTESIAN_POINT('',(-5.75,-3.1733303762741,-9.75));
#11010=CARTESIAN_POINT('',(-5.75,-3.1733303762741,-9.75));
#11011=CARTESIAN_POINT('',(-6.75,-3.1733303762741,-9.75));
#11012=CARTESIAN_POINT('',(-6.75,-3.1733303762741,-9.75));
#11013=CARTESIAN_POINT('',(-6.75,-4.25,-9.75));
#11014=CARTESIAN_POINT('Origin',(6.75,-1.05,-5.05));
#11015=CARTESIAN_POINT('',(5.25,-1.55,-5.05));
#11016=CARTESIAN_POINT('',(-5.25,-1.55,-5.05));
#11017=CARTESIAN_POINT('',(5.25,-1.55,-5.05));
#11018=CARTESIAN_POINT('',(5.25,-1.55,-5.05));
#11019=CARTESIAN_POINT('',(6.75,-1.05,-5.05));
#11020=CARTESIAN_POINT('',(-6.75,-3.1733303762741,-5.05));
#11021=CARTESIAN_POINT('',(-6.75,-1.05,-5.05));
#11022=CARTESIAN_POINT('',(-5.25,-3.1733303762741,-5.05));
#11023=CARTESIAN_POINT('',(6.75,-3.1733303762741,-5.05));
#11024=CARTESIAN_POINT('',(-5.25,-1.55,-5.05));
#11025=CARTESIAN_POINT('Origin',(6.75,-3.1733303762741,-5.05));
#11026=CARTESIAN_POINT('',(-5.25,-3.1733303762741,-6.12));
#11027=CARTESIAN_POINT('',(-5.75,-3.1733303762741,-6.12));
#11028=CARTESIAN_POINT('',(6.75,-3.1733303762741,-6.12));
#11029=CARTESIAN_POINT('',(-5.25,-3.1733303762741,-5.05));
#11030=CARTESIAN_POINT('',(-6.75,-3.1733303762741,-5.05));
#11031=CARTESIAN_POINT('',(-5.75,-3.1733303762741,-11.2194276023861));
#11032=CARTESIAN_POINT('Origin',(6.75,-3.1733303762741,-6.12));
#11033=CARTESIAN_POINT('',(5.75,-4.25,-6.12));
#11034=CARTESIAN_POINT('',(-5.75,-4.25,-6.12));
#11035=CARTESIAN_POINT('',(6.75,-4.25,-6.12));
#11036=CARTESIAN_POINT('',(5.75,-3.1733303762741,-6.12));
#11037=CARTESIAN_POINT('',(5.25,-3.75,-6.12));
#11038=CARTESIAN_POINT('',(5.25,-3.1733303762741,-6.12));
#11039=CARTESIAN_POINT('',(-5.25,-3.75,-6.12));
#11040=CARTESIAN_POINT('',(6.75,-3.75,-6.12));
#11041=CARTESIAN_POINT('',(-5.25,-3.1733303762741,-6.12));
#11042=CARTESIAN_POINT('',(-5.75,-3.1733303762741,-6.12));
#11043=CARTESIAN_POINT('Origin',(6.75,-4.25,-6.12));
#11044=CARTESIAN_POINT('',(5.75,-4.25,-11.2194276023861));
#11045=CARTESIAN_POINT('',(-5.75,-4.25,-11.2194276023861));
#11046=CARTESIAN_POINT('Origin',(6.75,0.,0.));
#11047=CARTESIAN_POINT('Origin',(-6.75,0.,0.));
#11048=CARTESIAN_POINT('Origin',(5.25,-1.55,-20.4780007457121));
#11049=CARTESIAN_POINT('',(5.25,-1.55,-9.25));
#11050=CARTESIAN_POINT('',(5.25,-1.55,-20.4780007457121));
#11051=CARTESIAN_POINT('',(5.25,-3.75,-9.25));
#11052=CARTESIAN_POINT('',(5.25,-1.55,-9.25));
#11053=CARTESIAN_POINT('',(5.25,-3.75,-20.4780007457121));
#11054=CARTESIAN_POINT('Origin',(5.25,-3.75,-20.4780007457121));
#11055=CARTESIAN_POINT('',(-5.25,-3.75,-9.25));
#11056=CARTESIAN_POINT('',(5.25,-3.75,-9.25));
#11057=CARTESIAN_POINT('',(-5.25,-3.75,-20.4780007457121));
#11058=CARTESIAN_POINT('Origin',(-5.25,-1.55,-20.4780007457121));
#11059=CARTESIAN_POINT('',(-5.25,-1.55,-9.25));
#11060=CARTESIAN_POINT('',(-5.25,-1.55,-9.25));
#11061=CARTESIAN_POINT('',(-5.25,-1.55,-20.4780007457121));
#11062=CARTESIAN_POINT('Origin',(5.25,-1.55,-20.4780007457121));
#11063=CARTESIAN_POINT('',(5.25,-1.55,-9.25));
#11064=CARTESIAN_POINT('Origin',(6.75,-4.25,-9.25));
#11065=CARTESIAN_POINT('Origin',(-5.75,-3.1733303762741,-11.2194276023861));
#11066=CARTESIAN_POINT('Origin',(5.75,-3.1733303762741,-11.2194276023861));
#11067=CARTESIAN_POINT('',(0.,0.,0.));
#11068=CARTESIAN_POINT('Origin',(-14.,24.0000005662441,35.5));
#11069=CARTESIAN_POINT('',(-16.,24.0000005662441,37.));
#11070=CARTESIAN_POINT('Origin',(-14.,24.0000005662441,37.));
#11071=CARTESIAN_POINT('',(-16.,24.0000005662441,34.));
#11072=CARTESIAN_POINT('',(-16.,24.0000005662441,35.5));
#11073=CARTESIAN_POINT('',(-12.8094746069454,25.6073173476994,33.9999093408197));
#11074=CARTESIAN_POINT('Origin',(-14.,24.0000005662441,34.));
#11075=CARTESIAN_POINT('',(-12.2561319547693,24.9784606603173,33.9999149029078));
#11076=CARTESIAN_POINT('Origin',(-14.,24.0000005662441,34.));
#11077=CARTESIAN_POINT('Origin',(-14.,24.0000005662441,34.));
#11078=CARTESIAN_POINT('Origin',(-14.,24.0000005662441,34.));
#11079=CARTESIAN_POINT('Ctrl Pts',(-12.2571146736239,24.9794260922977,33.9998298058156));
#11080=CARTESIAN_POINT('Ctrl Pts',(-12.3334769089123,25.0627205210741,33.9998249576279));
#11081=CARTESIAN_POINT('Ctrl Pts',(-12.4086360579995,25.1460834542754,33.9998218167683));
#11082=CARTESIAN_POINT('Ctrl Pts',(-12.4825577498066,25.2294321216497,33.9998200032772));
#11083=CARTESIAN_POINT('Ctrl Pts',(-12.5810129267258,25.3404429439364,33.9998175879161));
#11084=CARTESIAN_POINT('Ctrl Pts',(-12.677268345657,25.4514243535,33.9998175688839));
#11085=CARTESIAN_POINT('Ctrl Pts',(-12.7710682078527,25.5619031307072,33.9998183287708));
#11086=CARTESIAN_POINT('Ctrl Pts',(-12.784143036679,25.5773028452389,33.999818434692));
#11087=CARTESIAN_POINT('Ctrl Pts',(-12.797170235206,25.5926928121008,33.9998185542471));
#11088=CARTESIAN_POINT('Ctrl Pts',(-12.8101491882131,25.6080717677212,33.9998186816394));
#11089=CARTESIAN_POINT('Origin',(14.,52.0000005662441,34.));
#11090=CARTESIAN_POINT('',(12.255214124185,51.0225649417874,33.9999969918663));
#11091=CARTESIAN_POINT('',(12.808844033133,50.3934757709917,33.9999969290088));
#11092=CARTESIAN_POINT('Ctrl Pts',(12.2551494078742,51.0225055972443,34.));
#11093=CARTESIAN_POINT('Ctrl Pts',(12.449328376452,50.8107108045717,34.));
#11094=CARTESIAN_POINT('Ctrl Pts',(12.6338392768025,50.6006316995252,34.));
#11095=CARTESIAN_POINT('Ctrl Pts',(12.808799759259,50.3934384023487,34.));
#11096=CARTESIAN_POINT('Origin',(14.,52.0000005662441,34.));
#11097=CARTESIAN_POINT('Origin',(14.,52.0000005662441,35.5));
#11098=CARTESIAN_POINT('',(12.,52.0000005662441,37.));
#11099=CARTESIAN_POINT('Origin',(14.,52.0000005662441,37.));
#11100=CARTESIAN_POINT('',(12.,52.0000005662441,34.));
#11101=CARTESIAN_POINT('',(12.,52.0000005662441,35.5));
#11102=CARTESIAN_POINT('Origin',(14.,52.0000005662441,34.));
#11103=CARTESIAN_POINT('Origin',(14.,52.0000005662441,34.));
#11104=CARTESIAN_POINT('Origin',(-14.,52.0000005662441,34.));
#11105=CARTESIAN_POINT('',(-12.8082865475745,50.3930053985284,34.000035876967));
#11106=CARTESIAN_POINT('',(-12.2548711694568,51.0222510051616,34.0000130842321));
#11107=CARTESIAN_POINT('Ctrl Pts',(-12.8087997592746,50.3934384023303,34.));
#11108=CARTESIAN_POINT('Ctrl Pts',(-12.6269313699509,50.6088122439383,34.));
#11109=CARTESIAN_POINT('Ctrl Pts',(-12.4421875068197,50.8184994911942,34.));
#11110=CARTESIAN_POINT('Ctrl Pts',(-12.2551493846103,51.0225056226186,34.));
#11111=CARTESIAN_POINT('Origin',(-14.,52.0000005662441,34.));
#11112=CARTESIAN_POINT('Origin',(-14.,52.0000005662441,35.5));
#11113=CARTESIAN_POINT('',(-16.,52.0000005662441,37.));
#11114=CARTESIAN_POINT('Origin',(-14.,52.0000005662441,37.));
#11115=CARTESIAN_POINT('',(-16.,52.0000005662441,34.));
#11116=CARTESIAN_POINT('',(-16.,52.0000005662441,35.5));
#11117=CARTESIAN_POINT('Origin',(-14.,52.0000005662441,34.));
#11118=CARTESIAN_POINT('Origin',(-14.,52.0000005662441,34.));
#11119=CARTESIAN_POINT('Origin',(14.,24.0000005662441,35.5));
#11120=CARTESIAN_POINT('',(12.,24.0000005662441,37.));
#11121=CARTESIAN_POINT('Origin',(14.,24.0000005662441,37.));
#11122=CARTESIAN_POINT('',(12.,24.0000005662441,34.));
#11123=CARTESIAN_POINT('',(12.,24.0000005662441,35.5));
#11124=CARTESIAN_POINT('',(12.2549190849847,24.9777057953558,34.0000106643588));
#11125=CARTESIAN_POINT('Origin',(14.,24.0000005662441,34.));
#11126=CARTESIAN_POINT('',(12.8083209717814,25.606967074216,34.0000331916728));
#11127=CARTESIAN_POINT('Origin',(14.,24.0000005662441,34.));
#11128=CARTESIAN_POINT('Origin',(14.,24.0000005662441,34.));
#11129=CARTESIAN_POINT('Origin',(14.,24.0000005662441,34.));
#11130=CARTESIAN_POINT('Ctrl Pts',(12.8088000256936,25.6065629276965,34.));
#11131=CARTESIAN_POINT('Ctrl Pts',(12.6269315613017,25.3911889878756,34.));
#11132=CARTESIAN_POINT('Ctrl Pts',(12.4421883641279,25.1815024525206,34.));
#11133=CARTESIAN_POINT('Ctrl Pts',(12.25514921339,24.9774952037689,34.));
#11134=CARTESIAN_POINT('Origin',(0.,38.0000005662441,34.));
#11135=CARTESIAN_POINT('',(-23.,38.0000005662441,34.));
#11136=CARTESIAN_POINT('Origin',(0.,38.0000005662441,34.));
#11137=CARTESIAN_POINT('',(17.5,37.696840763092,34.));
#11138=CARTESIAN_POINT('Origin',(19.5,37.696840763092,34.));
#11139=CARTESIAN_POINT('',(-21.5,38.4063053131104,34.));
#11140=CARTESIAN_POINT('Origin',(-19.5,38.4063053131104,34.));
#11141=CARTESIAN_POINT('',(-11.5220881061775,24.2172179424477,34.0000000000004));
#11142=CARTESIAN_POINT('Ctrl Pts',(-11.5220881061775,24.2172179424477,34.));
#11143=CARTESIAN_POINT('Ctrl Pts',(-11.7802853389868,24.4716983677743,34.));
#11144=CARTESIAN_POINT('Ctrl Pts',(-12.0244615812597,24.725879704459,34.));
#11145=CARTESIAN_POINT('Ctrl Pts',(-12.2551492359147,24.9774952283369,34.));
#11146=CARTESIAN_POINT('',(-0.577522185892017,20.4228255515069,34.0000143778683));
#11147=CARTESIAN_POINT('Ctrl Pts',(-0.577726199762945,20.422543625277,34.));
#11148=CARTESIAN_POINT('Ctrl Pts',(-2.76283782800432,20.4876492552526,34.));
#11149=CARTESIAN_POINT('Ctrl Pts',(-4.92446037439741,20.9217678033017,34.));
#11150=CARTESIAN_POINT('Ctrl Pts',(-8.59528320317384,22.3367873703621,34.));
#11151=CARTESIAN_POINT('Ctrl Pts',(-10.1282010818218,23.1808721405476,34.));
#11152=CARTESIAN_POINT('Ctrl Pts',(-11.5220881061775,24.2172179424477,34.));
#11153=CARTESIAN_POINT('',(-2.02652205526829,18.5,34.));
#11154=CARTESIAN_POINT('Origin',(-0.0265220552682877,18.5,34.));
#11155=CARTESIAN_POINT('',(0.529703049039262,20.4210951619789,33.9999796232144));
#11156=CARTESIAN_POINT('Origin',(-0.0265220552682877,18.5,34.));
#11157=CARTESIAN_POINT('',(11.5220881061775,24.2172179424477,34.0000000000004));
#11158=CARTESIAN_POINT('Ctrl Pts',(11.5220881061775,24.2172179424477,34.));
#11159=CARTESIAN_POINT('Ctrl Pts',(10.2419775319752,23.2654641802261,34.));
#11160=CARTESIAN_POINT('Ctrl Pts',(8.84425017409342,22.4756030378812,34.0000000000008));
#11161=CARTESIAN_POINT('Ctrl Pts',(5.19247119928897,20.9746591707119,34.0000000000008));
#11162=CARTESIAN_POINT('Ctrl Pts',(2.875780847529,20.4852299922278,34.));
#11163=CARTESIAN_POINT('Ctrl Pts',(0.529465334733032,20.4211657972819,34.));
#11164=CARTESIAN_POINT('Ctrl Pts',(12.25514921339,24.9774952037689,34.));
#11165=CARTESIAN_POINT('Ctrl Pts',(12.0141779573143,24.7146631561129,34.));
#11166=CARTESIAN_POINT('Ctrl Pts',(11.7695494042232,24.4611169792165,34.));
#11167=CARTESIAN_POINT('Ctrl Pts',(11.5220881061775,24.2172179424477,34.));
#11168=CARTESIAN_POINT('Ctrl Pts',(12.808799759259,50.3934384023487,34.));
#11169=CARTESIAN_POINT('Ctrl Pts',(13.1755727483295,49.9590951503537,34.));
#11170=CARTESIAN_POINT('Ctrl Pts',(13.5003023491728,49.537383102678,34.0000000001084));
#11171=CARTESIAN_POINT('Ctrl Pts',(15.0522151374735,47.3723763421176,34.0000000001084));
#11172=CARTESIAN_POINT('Ctrl Pts',(16.011909820439,45.418065022777,34.));
#11173=CARTESIAN_POINT('Ctrl Pts',(17.3146771740661,40.9795298611556,34.));
#11174=CARTESIAN_POINT('Ctrl Pts',(17.5424100718692,38.5154322756049,34.0000000001588));
#11175=CARTESIAN_POINT('Ctrl Pts',(17.0358152642375,33.5679376073036,34.0000000001588));
#11176=CARTESIAN_POINT('Ctrl Pts',(16.2831351037473,31.1454034835569,34.0000000004071));
#11177=CARTESIAN_POINT('Ctrl Pts',(14.4174098975322,27.7048047578251,34.0000000004071));
#11178=CARTESIAN_POINT('Ctrl Pts',(13.6438216887605,26.59541993494,34.));
#11179=CARTESIAN_POINT('Ctrl Pts',(12.8088000256936,25.6065629276965,34.));
#11180=CARTESIAN_POINT('',(11.5220881057916,51.7827830691111,34.0000000000004));
#11181=CARTESIAN_POINT('Ctrl Pts',(11.5220881057916,51.7827830691111,34.));
#11182=CARTESIAN_POINT('Ctrl Pts',(11.7802842617072,51.5283037058985,34.));
#11183=CARTESIAN_POINT('Ctrl Pts',(12.0244610244434,51.2741219215998,34.));
#11184=CARTESIAN_POINT('Ctrl Pts',(12.2551494078742,51.0225055972443,34.));
#11185=CARTESIAN_POINT('',(0.386235228810451,55.5810572238828,34.0001996778982));
#11186=CARTESIAN_POINT('Ctrl Pts',(0.386091662523593,55.5822195909765,34.));
#11187=CARTESIAN_POINT('Ctrl Pts',(2.63639211804554,55.5374229773939,34.));
#11188=CARTESIAN_POINT('Ctrl Pts',(4.86473662635933,55.1012553766293,34.));
#11189=CARTESIAN_POINT('Ctrl Pts',(8.59528320694756,53.6632136431544,34.));
#11190=CARTESIAN_POINT('Ctrl Pts',(10.1282010834848,52.8191288717948,34.));
#11191=CARTESIAN_POINT('Ctrl Pts',(11.5220881057916,51.7827830691111,34.));
#11192=CARTESIAN_POINT('',(-2.18146300688386,57.5,34.));
#11193=CARTESIAN_POINT('Origin',(-0.18146300688386,57.5,34.));
#11194=CARTESIAN_POINT('',(-0.71614741212319,55.572070264116,34.0001530482334));
#11195=CARTESIAN_POINT('Origin',(-0.18146300688386,57.5,34.));
#11196=CARTESIAN_POINT('',(-11.5220881057917,51.782783069111,34.0000000000004));
#11197=CARTESIAN_POINT('Ctrl Pts',(-11.5220881057916,51.782783069111,34.));
#11198=CARTESIAN_POINT('Ctrl Pts',(-10.2419775294926,52.7345368350104,34.));
#11199=CARTESIAN_POINT('Ctrl Pts',(-8.84425016884245,53.5243979803515,34.0000000000008));
#11200=CARTESIAN_POINT('Ctrl Pts',(-5.25011111984663,55.0016508494759,34.0000000000008));
#11201=CARTESIAN_POINT('Ctrl Pts',(-2.99869164032234,55.488499074995,34.));
#11202=CARTESIAN_POINT('Ctrl Pts',(-0.716280285385278,55.5728335695788,
34.));
#11203=CARTESIAN_POINT('Ctrl Pts',(-12.2551493846103,51.0225056226186,34.));
#11204=CARTESIAN_POINT('Ctrl Pts',(-12.0141794164845,51.2853362712914,34.));
#11205=CARTESIAN_POINT('Ctrl Pts',(-11.7695509109688,51.5388825475988,34.));
#11206=CARTESIAN_POINT('Ctrl Pts',(-11.5220881057916,51.782783069111,34.));
#11207=CARTESIAN_POINT('Ctrl Pts',(-12.8088000256777,25.6065629276776,34.));
#11208=CARTESIAN_POINT('Ctrl Pts',(-13.1755714549729,26.0409043513269,34.));
#11209=CARTESIAN_POINT('Ctrl Pts',(-13.5003034153149,26.4626194001631,34.0000000001084));
#11210=CARTESIAN_POINT('Ctrl Pts',(-15.052215148359,28.6276246955921,34.0000000001084));
#11211=CARTESIAN_POINT('Ctrl Pts',(-16.0119098317009,30.5819360233681,34.));
#11212=CARTESIAN_POINT('Ctrl Pts',(-17.3146771790708,35.0204711951253,34.));
#11213=CARTESIAN_POINT('Ctrl Pts',(-17.5424100728076,37.4845687810715,34.0000000001588));
#11214=CARTESIAN_POINT('Ctrl Pts',(-17.0358152569076,42.4320634448361,34.0000000001588));
#11215=CARTESIAN_POINT('Ctrl Pts',(-16.2831350937207,44.8545975638824,34.0000000004071));
#11216=CARTESIAN_POINT('Ctrl Pts',(-14.4174118809213,48.2951925989585,34.0000000004071));
#11217=CARTESIAN_POINT('Ctrl Pts',(-13.6438136128017,49.4045906861394,34.));
#11218=CARTESIAN_POINT('Ctrl Pts',(-12.8087997592746,50.3934384023303,34.));
#11219=CARTESIAN_POINT('Origin',(-19.5,38.4063053131104,35.5));
#11220=CARTESIAN_POINT('',(-21.5,38.4063053131104,37.));
#11221=CARTESIAN_POINT('Origin',(-19.5,38.4063053131104,37.));
#11222=CARTESIAN_POINT('',(-21.5,38.4063053131104,35.5));
#11223=CARTESIAN_POINT('Origin',(19.5,37.696840763092,35.5));
#11224=CARTESIAN_POINT('',(17.5,37.696840763092,37.));
#11225=CARTESIAN_POINT('Origin',(19.5,37.696840763092,37.));
#11226=CARTESIAN_POINT('',(17.5,37.696840763092,35.5));
#11227=CARTESIAN_POINT('Origin',(-0.0265220552682877,18.5,35.5));
#11228=CARTESIAN_POINT('',(-2.02652205526829,18.5,37.));
#11229=CARTESIAN_POINT('Origin',(-0.0265220552682877,18.5,37.));
#11230=CARTESIAN_POINT('',(-2.02652205526829,18.5,35.5));
#11231=CARTESIAN_POINT('Origin',(-0.0265220552682877,18.5,34.));
#11232=CARTESIAN_POINT('Origin',(-0.0265220552682877,18.5,34.));
#11233=CARTESIAN_POINT('Ctrl Pts',(0.529940763345491,20.4210245266759,33.9999592464288));
#11234=CARTESIAN_POINT('Ctrl Pts',(0.495229876225178,20.4200990904379,33.9999612598116));
#11235=CARTESIAN_POINT('Ctrl Pts',(0.46051230716866,20.4192669354607,33.9999633437947));
#11236=CARTESIAN_POINT('Ctrl Pts',(0.425788436230648,20.4185280760831,33.9999654456073));
#11237=CARTESIAN_POINT('Ctrl Pts',(0.0910999709904748,20.4114065281551,
33.9999857040762));
#11238=CARTESIAN_POINT('Ctrl Pts',(-0.24338283439299,20.4129671482623,34.0000076762352));
#11239=CARTESIAN_POINT('Ctrl Pts',(-0.577318172021089,20.4231074777367,
34.0000287557365));
#11240=CARTESIAN_POINT('Origin',(-0.18146300688386,57.5,34.));
#11241=CARTESIAN_POINT('Ctrl Pts',(-0.716014538861102,55.5713069586533,
34.0003060964668));
#11242=CARTESIAN_POINT('Ctrl Pts',(-0.619076719465008,55.5748078660425,
34.0003159575452));
#11243=CARTESIAN_POINT('Ctrl Pts',(-0.522082857138107,55.5775840937037,
34.0003257164399));
#11244=CARTESIAN_POINT('Ctrl Pts',(-0.425041139515879,55.5796352385469,
34.0003349420496));
#11245=CARTESIAN_POINT('Ctrl Pts',(-0.154363165821512,55.5853564865162,
34.0003606749963));
#11246=CARTESIAN_POINT('Ctrl Pts',(0.116169769938665,55.5854262631307,34.0003820335188));
#11247=CARTESIAN_POINT('Ctrl Pts',(0.386378795097309,55.579894856789,34.0003993557963));
#11248=CARTESIAN_POINT('Origin',(-0.18146300688386,57.5,34.));
#11249=CARTESIAN_POINT('Origin',(-0.18146300688386,57.5,35.5));
#11250=CARTESIAN_POINT('',(-2.18146300688386,57.5,37.));
#11251=CARTESIAN_POINT('Origin',(-0.18146300688386,57.5,37.));
#11252=CARTESIAN_POINT('',(-2.18146300688386,57.5,35.5));
#11253=CARTESIAN_POINT('Origin',(35.,-45.,41.));
#11254=CARTESIAN_POINT('',(40.,-45.,46.));
#11255=CARTESIAN_POINT('',(35.,-50.,46.));
#11256=CARTESIAN_POINT('Origin',(35.,-45.,46.));
#11257=CARTESIAN_POINT('',(35.,-50.,41.));
#11258=CARTESIAN_POINT('',(35.,-50.,41.));
#11259=CARTESIAN_POINT('',(40.,-45.,41.));
#11260=CARTESIAN_POINT('Origin',(35.,-45.,41.));
#11261=CARTESIAN_POINT('',(40.,-45.,41.));
#11262=CARTESIAN_POINT('Origin',(40.,-50.,41.));
#11263=CARTESIAN_POINT('',(40.,75.,41.));
#11264=CARTESIAN_POINT('',(40.,80.,41.));
#11265=CARTESIAN_POINT('',(40.,75.,46.));
#11266=CARTESIAN_POINT('',(40.,75.,41.));
#11267=CARTESIAN_POINT('',(40.,80.,46.));
#11268=CARTESIAN_POINT('Origin',(0.,15.,41.));
#11269=CARTESIAN_POINT('',(-35.,-50.,41.));
#11270=CARTESIAN_POINT('',(40.,-50.,41.));
#11271=CARTESIAN_POINT('',(-40.,-45.,41.));
#11272=CARTESIAN_POINT('Origin',(-35.,-45.,41.));
#11273=CARTESIAN_POINT('',(-40.,75.,41.));
#11274=CARTESIAN_POINT('',(-40.,-50.,41.));
#11275=CARTESIAN_POINT('',(-35.,80.,41.));
#11276=CARTESIAN_POINT('Origin',(-35.,75.,41.));
#11277=CARTESIAN_POINT('',(35.,80.,41.));
#11278=CARTESIAN_POINT('',(-40.,80.,41.));
#11279=CARTESIAN_POINT('Origin',(35.,75.,41.));
#11280=CARTESIAN_POINT('',(-10.0000001490116,-15.,41.));
#11281=CARTESIAN_POINT('',(-10.0000001490116,-12.,41.));
#11282=CARTESIAN_POINT('Origin',(-10.0000001490116,-13.5,41.));
#11283=CARTESIAN_POINT('',(10.0000001490116,-15.,41.));
#11284=CARTESIAN_POINT('',(10.0000001490116,-15.,41.));
#11285=CARTESIAN_POINT('',(10.0000001490116,-12.,41.));
#11286=CARTESIAN_POINT('Origin',(10.0000001490116,-13.5,41.));
#11287=CARTESIAN_POINT('',(-10.0000001490116,-12.,41.));
#11288=CARTESIAN_POINT('',(-5.,-20.,41.));
#11289=CARTESIAN_POINT('',(-5.,-17.,41.));
#11290=CARTESIAN_POINT('Origin',(-5.,-18.5,41.));
#11291=CARTESIAN_POINT('',(5.,-20.,41.));
#11292=CARTESIAN_POINT('',(5.,-20.,41.));
#11293=CARTESIAN_POINT('',(5.,-17.,41.));
#11294=CARTESIAN_POINT('Origin',(5.,-18.5,41.));
#11295=CARTESIAN_POINT('',(-5.,-17.,41.));
#11296=CARTESIAN_POINT('',(-5.00000007450581,-9.99999999999999,41.));
#11297=CARTESIAN_POINT('',(-5.00000007450581,-6.99999999999999,41.));
#11298=CARTESIAN_POINT('Origin',(-5.00000007450581,-8.49999999999999,41.));
#11299=CARTESIAN_POINT('',(5.00000007450581,-9.99999999999999,41.));
#11300=CARTESIAN_POINT('',(-5.00000007450581,-9.99999999999999,41.));
#11301=CARTESIAN_POINT('',(5.00000007450581,-6.99999999999999,41.));
#11302=CARTESIAN_POINT('Origin',(5.00000007450581,-8.49999999999999,41.));
#11303=CARTESIAN_POINT('',(-5.00000007450581,-6.99999999999999,41.));
#11304=CARTESIAN_POINT('',(-33.,-45.,41.));
#11305=CARTESIAN_POINT('Origin',(-35.,-45.,41.));
#11306=CARTESIAN_POINT('',(37.,75.,41.));
#11307=CARTESIAN_POINT('Origin',(35.,75.,41.));
#11308=CARTESIAN_POINT('',(-33.,75.,41.));
#11309=CARTESIAN_POINT('Origin',(-35.,75.,41.));
#11310=CARTESIAN_POINT('',(37.,-45.,41.));
#11311=CARTESIAN_POINT('Origin',(35.,-45.,41.));
#11312=CARTESIAN_POINT('',(-23.,38.0000005662441,41.));
#11313=CARTESIAN_POINT('Origin',(0.,38.0000005662441,41.));
#11314=CARTESIAN_POINT('Origin',(-35.,-45.,41.));
#11315=CARTESIAN_POINT('',(-35.,-50.,46.));
#11316=CARTESIAN_POINT('',(-40.,-45.,46.));
#11317=CARTESIAN_POINT('Origin',(-35.,-45.,46.));
#11318=CARTESIAN_POINT('',(-40.,-45.,41.));
#11319=CARTESIAN_POINT('',(-35.,-50.,41.));
#11320=CARTESIAN_POINT('Origin',(-40.,80.,41.));
#11321=CARTESIAN_POINT('',(-40.,75.,46.));
#11322=CARTESIAN_POINT('',(-40.,-50.,46.));
#11323=CARTESIAN_POINT('',(-40.,75.,41.));
#11324=CARTESIAN_POINT('Origin',(-35.,75.,41.));
#11325=CARTESIAN_POINT('',(-35.,80.,46.));
#11326=CARTESIAN_POINT('Origin',(-35.,75.,46.));
#11327=CARTESIAN_POINT('',(-35.,80.,41.));
#11328=CARTESIAN_POINT('Origin',(35.,75.,41.));
#11329=CARTESIAN_POINT('',(35.,80.,46.));
#11330=CARTESIAN_POINT('Origin',(35.,75.,46.));
#11331=CARTESIAN_POINT('',(35.,80.,41.));
#11332=CARTESIAN_POINT('Origin',(0.,38.0000005662441,42.));
#11333=CARTESIAN_POINT('',(17.,38.0000005662441,42.));
#11334=CARTESIAN_POINT('Origin',(0.,38.0000005662441,42.));
#11335=CARTESIAN_POINT('',(17.,38.0000005662441,37.));
#11336=CARTESIAN_POINT('',(17.,38.0000005662441,42.));
#11337=CARTESIAN_POINT('Origin',(0.,38.0000005662441,37.));
#11338=CARTESIAN_POINT('Origin',(0.,38.0000005662441,42.));
#11339=CARTESIAN_POINT('',(22.,38.0000005662441,42.));
#11340=CARTESIAN_POINT('Origin',(0.,38.0000005662441,42.));
#11341=CARTESIAN_POINT('',(22.,38.0000005662441,37.));
#11342=CARTESIAN_POINT('',(22.,38.0000005662441,42.));
#11343=CARTESIAN_POINT('Origin',(0.,38.0000005662441,37.));
#11344=CARTESIAN_POINT('Origin',(0.,38.0000005662441,37.));
#11345=CARTESIAN_POINT('Origin',(0.,38.0000005662441,42.));
#11346=CARTESIAN_POINT('',(-23.,38.0000005662441,42.));
#11347=CARTESIAN_POINT('Origin',(0.,38.0000005662441,42.));
#11348=CARTESIAN_POINT('Origin',(0.,38.0000005662441,42.));
#11349=CARTESIAN_POINT('',(-23.,38.0000005662441,42.));
#11350=CARTESIAN_POINT('Ctrl Pts',(-13.2459777577411,50.320638984178,34.3160269647115));
#11351=CARTESIAN_POINT('Ctrl Pts',(-13.1816003707755,50.48186286079,32.0684639038384));
#11352=CARTESIAN_POINT('Ctrl Pts',(-13.0199249183346,50.8338299794586,29.1417722069036));
#11353=CARTESIAN_POINT('Ctrl Pts',(-12.6046642400659,51.4321098820945,23.4396310951064));
#11354=CARTESIAN_POINT('Ctrl Pts',(-12.1550081872286,51.8796878690482,16.012695920598));
#11355=CARTESIAN_POINT('Ctrl Pts',(-12.,52.,6.29858396437866));
#11356=CARTESIAN_POINT('Ctrl Pts',(-12.,52.,0.));
#11357=CARTESIAN_POINT('Ctrl Pts',(-11.2693396175615,52.2221393672787,34.211599589456));
#11358=CARTESIAN_POINT('Ctrl Pts',(-11.1661144970228,52.2261782074915,31.9196148935764));
#11359=CARTESIAN_POINT('Ctrl Pts',(-10.9288465026411,52.2343015497503,28.9345239972306));
#11360=CARTESIAN_POINT('Ctrl Pts',(-10.4210755975386,52.1875544226306,23.2656676950751));
#11361=CARTESIAN_POINT('Ctrl Pts',(-9.90802995075085,52.0733556424813,15.9394603586629));
#11362=CARTESIAN_POINT('Ctrl Pts',(-9.71428571428572,52.,6.27741686184456));
#11363=CARTESIAN_POINT('Ctrl Pts',(-9.71428571428572,52.,0.));
#11364=CARTESIAN_POINT('Ctrl Pts',(-7.61487510290929,54.4217776550609,34.0741730112267));
#11365=CARTESIAN_POINT('Ctrl Pts',(-7.51222775001572,54.230597198355,31.730015580035));
#11366=CARTESIAN_POINT('Ctrl Pts',(-7.28913984913178,53.8118292817767,28.6941392942883));
#11367=CARTESIAN_POINT('Ctrl Pts',(-6.87007553873585,53.0437075935317,23.077075606992));
#11368=CARTESIAN_POINT('Ctrl Pts',(-6.45287913305301,52.3008713211488,15.8538744168285));
#11369=CARTESIAN_POINT('Ctrl Pts',(-6.28571428571429,52.,6.25289056579828));
#11370=CARTESIAN_POINT('Ctrl Pts',(-6.28571428571429,52.,0.));
#11371=CARTESIAN_POINT('Ctrl Pts',(-0.739029729347919,55.9244687246758,
33.9787270866384));
#11372=CARTESIAN_POINT('Ctrl Pts',(-0.724491848881475,55.5905700363428,
31.6012098705346));
#11373=CARTESIAN_POINT('Ctrl Pts',(-0.694518140240597,54.8761768813313,
28.5422820084888));
#11374=CARTESIAN_POINT('Ctrl Pts',(-0.643046372625176,53.6247682701913,
22.9565429661935));
#11375=CARTESIAN_POINT('Ctrl Pts',(-0.592648721121521,52.4559339973176,
15.7951825882794));
#11376=CARTESIAN_POINT('Ctrl Pts',(-0.571428571428571,52.,6.23589657905525));
#11377=CARTESIAN_POINT('Ctrl Pts',(-0.571428571428571,52.,0.));
#11378=CARTESIAN_POINT('Ctrl Pts',(6.39557665330725,55.160554084751,34.0278549909136));
#11379=CARTESIAN_POINT('Ctrl Pts',(6.29325886422983,54.901429382455,31.6666688094643));
#11380=CARTESIAN_POINT('Ctrl Pts',(6.07581453217334,54.3390512000884,28.6161518660183));
#11381=CARTESIAN_POINT('Ctrl Pts',(5.68620951960943,53.3302540710855,23.01551564729));
#11382=CARTESIAN_POINT('Ctrl Pts',(5.30096138489681,52.3769653852113,15.8249923546199));
#11383=CARTESIAN_POINT('Ctrl Pts',(5.14285714285714,52.,6.24457120929008));
#11384=CARTESIAN_POINT('Ctrl Pts',(5.14285714285714,52.,0.));
#11385=CARTESIAN_POINT('Ctrl Pts',(11.2693396175615,52.2221393672787,34.211599589456));
#11386=CARTESIAN_POINT('Ctrl Pts',(11.1659802850325,52.2276490704798,31.9193738209477));
#11387=CARTESIAN_POINT('Ctrl Pts',(10.9285258245956,52.2350498134313,28.9335816566301));
#11388=CARTESIAN_POINT('Ctrl Pts',(10.4208868263425,52.1881256355811,23.2651565716289));
#11389=CARTESIAN_POINT('Ctrl Pts',(9.90805843775314,52.0737383321321,15.9398053796417));
#11390=CARTESIAN_POINT('Ctrl Pts',(9.71428571428572,52.,6.277486298381));
#11391=CARTESIAN_POINT('Ctrl Pts',(9.71428571428572,52.,0.));
#11392=CARTESIAN_POINT('Ctrl Pts',(13.2459777577411,50.320638984178,34.3160269647115));
#11393=CARTESIAN_POINT('Ctrl Pts',(13.1816003707755,50.48186286079,32.0684639038384));
#11394=CARTESIAN_POINT('Ctrl Pts',(13.0199249183346,50.8338299794586,29.1417722069036));
#11395=CARTESIAN_POINT('Ctrl Pts',(12.6046642400659,51.4321098820945,23.4396310951064));
#11396=CARTESIAN_POINT('Ctrl Pts',(12.1550081872286,51.8796878690482,16.012695920598));
#11397=CARTESIAN_POINT('Ctrl Pts',(12.,52.,6.29858396437866));
#11398=CARTESIAN_POINT('Ctrl Pts',(12.,52.,0.));
#11399=CARTESIAN_POINT('',(12.,52.,0.));
#11400=CARTESIAN_POINT('Ctrl Pts',(11.5220881057916,51.7827830691111,34.0000000000008));
#11401=CARTESIAN_POINT('Ctrl Pts',(11.5237122241657,51.7604288492999,32.2475129974321));
#11402=CARTESIAN_POINT('Ctrl Pts',(11.5294786067085,51.7350983850278,30.7368144661638));
#11403=CARTESIAN_POINT('Ctrl Pts',(11.6024554739123,51.6723600517737,24.2734068160199));
#11404=CARTESIAN_POINT('Ctrl Pts',(11.7159619363538,51.7443101201569,21.3909254527631));
#11405=CARTESIAN_POINT('Ctrl Pts',(11.9592673295003,51.9514397433465,10.0226852429498));
#11406=CARTESIAN_POINT('Ctrl Pts',(12.,52.,5.502314189636));
#11407=CARTESIAN_POINT('Ctrl Pts',(12.,52.,-2.22044604925031E-15));
#11408=CARTESIAN_POINT('',(-12.,52.,0.));
#11409=CARTESIAN_POINT('Ctrl Pts',(12.,52.,0.));
#11410=CARTESIAN_POINT('Ctrl Pts',(9.71428571428572,52.,0.));
#11411=CARTESIAN_POINT('Ctrl Pts',(5.14285714285714,52.,0.));
#11412=CARTESIAN_POINT('Ctrl Pts',(-0.571428571428571,52.,0.));
#11413=CARTESIAN_POINT('Ctrl Pts',(-6.28571428571429,52.,0.));
#11414=CARTESIAN_POINT('Ctrl Pts',(-9.71428571428572,52.,0.));
#11415=CARTESIAN_POINT('Ctrl Pts',(-12.,52.,0.));
#11416=CARTESIAN_POINT('Ctrl Pts',(-11.5220881057916,51.7827830691111,34.0000000000008));
#11417=CARTESIAN_POINT('Ctrl Pts',(-11.5236987443771,51.7606143839032,32.2620582145548));
#11418=CARTESIAN_POINT('Ctrl Pts',(-11.5293911501119,51.7355336603957,30.7621346830952));
#11419=CARTESIAN_POINT('Ctrl Pts',(-11.6010568947837,51.6725016221499,24.3455026258218));
#11420=CARTESIAN_POINT('Ctrl Pts',(-11.7126772702146,51.7420047853076,21.4999851452435));
#11421=CARTESIAN_POINT('Ctrl Pts',(-11.9585987350176,51.9503459509212,10.101371291453));
#11422=CARTESIAN_POINT('Ctrl Pts',(-12.,52.,5.56299491672389));
#11423=CARTESIAN_POINT('Ctrl Pts',(-12.,52.,2.22044604925031E-15));
#11424=CARTESIAN_POINT('Ctrl Pts',(10.1123412711873,53.0188456457225,34.4526835859933));
#11425=CARTESIAN_POINT('Ctrl Pts',(10.3093462209656,52.9752752720931,32.1889193749481));
#11426=CARTESIAN_POINT('Ctrl Pts',(10.9052970367396,52.7963439106913,28.2759336016718));
#11427=CARTESIAN_POINT('Ctrl Pts',(11.7883949076892,52.1861741582444,19.8700149278432));
#11428=CARTESIAN_POINT('Ctrl Pts',(12.,52.,9.49635499198339));
#11429=CARTESIAN_POINT('Ctrl Pts',(12.,52.,0.));
#11430=CARTESIAN_POINT('Ctrl Pts',(10.6371597176593,52.6059257660205,34.4181235363531));
#11431=CARTESIAN_POINT('Ctrl Pts',(10.7925747883229,52.5385613693969,32.139093384596));
#11432=CARTESIAN_POINT('Ctrl Pts',(11.2575101257184,52.2935056124138,28.2012425425592));
#11433=CARTESIAN_POINT('Ctrl Pts',(11.8882849595995,51.5771439864244,19.837310557649));
#11434=CARTESIAN_POINT('Ctrl Pts',(12.0011881708092,51.3337560063103,9.48885165436965));
#11435=CARTESIAN_POINT('Ctrl Pts',(12.,51.3333333333333,0.));
#11436=CARTESIAN_POINT('Ctrl Pts',(11.1411094252733,52.1622186821354,34.3841657612895));
#11437=CARTESIAN_POINT('Ctrl Pts',(11.255188153388,52.0733025785242,32.0906014634026));
#11438=CARTESIAN_POINT('Ctrl Pts',(11.5922716986944,51.7691918417703,28.129739787623));
#11439=CARTESIAN_POINT('Ctrl Pts',(11.9843576180543,50.9621194168918,19.8067386896523));
#11440=CARTESIAN_POINT('Ctrl Pts',(12.0015083153394,50.6672731140647,9.48073274641122));
#11441=CARTESIAN_POINT('Ctrl Pts',(12.,50.6666666666667,0.));
#11442=CARTESIAN_POINT('Ctrl Pts',(11.7646680637959,51.5492169913751,34.3417247563124));
#11443=CARTESIAN_POINT('Ctrl Pts',(11.8267220921027,51.4346482036074,32.0298424220383));
#11444=CARTESIAN_POINT('Ctrl Pts',(12.0030742323446,51.0638211192764,28.0432487148152));
#11445=CARTESIAN_POINT('Ctrl Pts',(12.1035009063198,50.1550979786835,19.7688348292338));
#11446=CARTESIAN_POINT('Ctrl Pts',(12.0024658429523,49.8007181771817,9.47116527158808));
#11447=CARTESIAN_POINT('Ctrl Pts',(12.,49.8,0.));
#11448=CARTESIAN_POINT('Ctrl Pts',(12.0505089086403,51.2597601864577,34.3223456690063));
#11449=CARTESIAN_POINT('Ctrl Pts',(12.0860038152468,51.136057079039,32.0022072697067));
#11450=CARTESIAN_POINT('Ctrl Pts',(12.184142838713,50.7463375757566,28.0036995115071));
#11451=CARTESIAN_POINT('Ctrl Pts',(12.1587665494434,49.7921768300295,19.7511499437103));
#11452=CARTESIAN_POINT('Ctrl Pts',(12.0029654137915,49.3999627259181,9.46671532441711));
#11453=CARTESIAN_POINT('Ctrl Pts',(12.,49.4,0.));
#11454=CARTESIAN_POINT('Ctrl Pts',(12.6269081146374,50.6385852455567,34.2845422498956));
#11455=CARTESIAN_POINT('Ctrl Pts',(12.6109338107695,50.4980290577271,31.9483721641454));
#11456=CARTESIAN_POINT('Ctrl Pts',(12.5545486666841,50.0708955858404,27.9273905535407));
#11457=CARTESIAN_POINT('Ctrl Pts',(12.2693082771195,49.0482640459275,19.7155729802865));
#11458=CARTESIAN_POINT('Ctrl Pts',(12.0040815657014,48.5992436915127,9.45792243475413));
#11459=CARTESIAN_POINT('Ctrl Pts',(12.,48.6,0.));
#11460=CARTESIAN_POINT('Ctrl Pts',(13.6300480016321,49.4443294340731,34.2212296176889));
#11461=CARTESIAN_POINT('Ctrl Pts',(13.5237856443732,49.2827788684433,31.8590181208683));
#11462=CARTESIAN_POINT('Ctrl Pts',(13.1987906621357,48.8113804016993,27.8017037321111));
#11463=CARTESIAN_POINT('Ctrl Pts',(12.4613108282449,47.7202086241895,19.6540566645548));
#11464=CARTESIAN_POINT('Ctrl Pts',(12.0054145121236,47.1983323999538,9.44207698634295));
#11465=CARTESIAN_POINT('Ctrl Pts',(12.,47.2,0.));
#11466=CARTESIAN_POINT('Ctrl Pts',(15.539463463676,46.6319797646021,34.1082674710351));
#11467=CARTESIAN_POINT('Ctrl Pts',(15.2607001852899,46.4602846451104,31.7014480179908));
#11468=CARTESIAN_POINT('Ctrl Pts',(14.4308838796863,45.9784882808899,27.5887189950059));
#11469=CARTESIAN_POINT('Ctrl Pts',(12.8261473180755,44.9443835272549,19.5393382915381));
#11470=CARTESIAN_POINT('Ctrl Pts',(12.0063932208135,44.3990463747338,9.41071119020821));
#11471=CARTESIAN_POINT('Ctrl Pts',(12.,44.4,0.));
#11472=CARTESIAN_POINT('Ctrl Pts',(17.4914666005607,41.4774448134684,34.0027816598459));
#11473=CARTESIAN_POINT('Ctrl Pts',(17.0279345574655,41.3886504713787,31.5589861710353));
#11474=CARTESIAN_POINT('Ctrl Pts',(15.6906841062557,41.1491429296086,27.415219080568));
#11475=CARTESIAN_POINT('Ctrl Pts',(13.2041456844882,40.6678944501243,19.4304491065774));
#11476=CARTESIAN_POINT('Ctrl Pts',(12.0043458776604,40.4004224575225,9.37621779089599));
#11477=CARTESIAN_POINT('Ctrl Pts',(12.,40.4,0.));
#11478=CARTESIAN_POINT('Ctrl Pts',(17.4886972057402,34.5232044873394,34.0028206397952));
#11479=CARTESIAN_POINT('Ctrl Pts',(17.0256453189646,34.6113086338867,31.5590530909985));
#11480=CARTESIAN_POINT('Ctrl Pts',(15.6893067472684,34.8509667267724,27.4154870358904));
#11481=CARTESIAN_POINT('Ctrl Pts',(13.203680720723,35.3320098370948,19.4306964683899));
#11482=CARTESIAN_POINT('Ctrl Pts',(12.0041870211794,35.5995518906962,9.37612099619378));
#11483=CARTESIAN_POINT('Ctrl Pts',(12.,35.6,0.));
#11484=CARTESIAN_POINT('Ctrl Pts',(15.1475201529105,28.3351303635791,34.1294466915294));
#11485=CARTESIAN_POINT('Ctrl Pts',(14.9041921663927,28.5212857373279,31.7318479185022));
#11486=CARTESIAN_POINT('Ctrl Pts',(14.1755731301023,29.0512558209441,27.6218429009262));
#11487=CARTESIAN_POINT('Ctrl Pts',(12.7506324371676,30.1956914504058,19.5622768997247));
#11488=CARTESIAN_POINT('Ctrl Pts',(12.0041630830316,30.8022502787804,9.41523347757374));
#11489=CARTESIAN_POINT('Ctrl Pts',(12.,30.8,0.));
#11490=CARTESIAN_POINT('Ctrl Pts',(12.761476901917,25.4312868910093,34.2731859302111));
#11491=CARTESIAN_POINT('Ctrl Pts',(12.7328704918017,25.5816170764212,31.9317534224586));
#11492=CARTESIAN_POINT('Ctrl Pts',(12.6390390506276,26.0310592683036,27.9030531456978));
#11493=CARTESIAN_POINT('Ctrl Pts',(12.2961614862167,27.1143781050023,19.7073007363255));
#11494=CARTESIAN_POINT('Ctrl Pts',(12.0044394922226,27.601657596325,9.45594167465586));
#11495=CARTESIAN_POINT('Ctrl Pts',(12.,27.6,0.));
#11496=CARTESIAN_POINT('Ctrl Pts',(11.1438181241899,23.8403765974711,34.3841675453758));
#11497=CARTESIAN_POINT('Ctrl Pts',(11.2601497929686,23.9311371193988,32.090268426872));
#11498=CARTESIAN_POINT('Ctrl Pts',(11.5997641258795,24.2428300320108,28.13003874409));
#11499=CARTESIAN_POINT('Ctrl Pts',(11.9842369794543,25.0472123324314,19.8065467580984));
#11500=CARTESIAN_POINT('Ctrl Pts',(12.0019899491636,25.3320765596052,9.48121072405806));
#11501=CARTESIAN_POINT('Ctrl Pts',(12.,25.3333333333333,0.));
#11502=CARTESIAN_POINT('Ctrl Pts',(10.6371597168977,23.3940752590059,34.4181235900528));
#11503=CARTESIAN_POINT('Ctrl Pts',(10.7925747870646,23.4614395748817,32.139093456541));
#11504=CARTESIAN_POINT('Ctrl Pts',(11.2575101228579,23.7064950957689,28.2012426171016));
#11505=CARTESIAN_POINT('Ctrl Pts',(11.8882849601792,24.422856239698,19.8373105541705));
#11506=CARTESIAN_POINT('Ctrl Pts',(12.0011881709575,24.6662439934638,9.48885165436769));
#11507=CARTESIAN_POINT('Ctrl Pts',(12.,24.6666666666667,0.));
#11508=CARTESIAN_POINT('Ctrl Pts',(10.112341269859,22.9811553801457,34.4526836411523));
#11509=CARTESIAN_POINT('Ctrl Pts',(10.3093462184939,23.0247256740568,32.1889194489387));
#11510=CARTESIAN_POINT('Ctrl Pts',(10.905297031418,23.2036567989818,28.2759336784714));
#11511=CARTESIAN_POINT('Ctrl Pts',(11.7883949087487,23.8138260673175,19.870014924319));
#11512=CARTESIAN_POINT('Ctrl Pts',(12.,24.,9.49635499198339));
#11513=CARTESIAN_POINT('Ctrl Pts',(12.,24.,0.));
#11514=CARTESIAN_POINT('',(12.,24.,0.));
#11515=CARTESIAN_POINT('Ctrl Pts',(12.,24.,-5.55111512312578E-16));
#11516=CARTESIAN_POINT('Ctrl Pts',(12.,24.,5.56299449443359));
#11517=CARTESIAN_POINT('Ctrl Pts',(11.9585987638323,24.0496540459202,10.1013699563055));
#11518=CARTESIAN_POINT('Ctrl Pts',(11.7126772820585,24.2579955239216,21.4999845976027));
#11519=CARTESIAN_POINT('Ctrl Pts',(11.6010568893719,24.3274988642124,24.3455031070843));
#11520=CARTESIAN_POINT('Ctrl Pts',(11.529391136401,24.2644671907138,30.7621360169702));
#11521=CARTESIAN_POINT('Ctrl Pts',(11.5236987448213,24.2393865606381,32.2620583917018));
#11522=CARTESIAN_POINT('Ctrl Pts',(11.5220881061775,24.2172179424477,34.0000000000008));
#11523=CARTESIAN_POINT('Ctrl Pts',(12.,24.,0.));
#11524=CARTESIAN_POINT('Ctrl Pts',(12.,24.6666666666667,0.));
#11525=CARTESIAN_POINT('Ctrl Pts',(12.,25.3333333333333,0.));
#11526=CARTESIAN_POINT('Ctrl Pts',(12.,27.6,0.));
#11527=CARTESIAN_POINT('Ctrl Pts',(12.,30.8,0.));
#11528=CARTESIAN_POINT('Ctrl Pts',(12.,35.6,0.));
#11529=CARTESIAN_POINT('Ctrl Pts',(12.,40.4,0.));
#11530=CARTESIAN_POINT('Ctrl Pts',(12.,44.4,0.));
#11531=CARTESIAN_POINT('Ctrl Pts',(12.,47.2,0.));
#11532=CARTESIAN_POINT('Ctrl Pts',(12.,48.6,0.));
#11533=CARTESIAN_POINT('Ctrl Pts',(12.,49.4,0.));
#11534=CARTESIAN_POINT('Ctrl Pts',(12.,49.8,0.));
#11535=CARTESIAN_POINT('Ctrl Pts',(12.,50.6666666666667,0.));
#11536=CARTESIAN_POINT('Ctrl Pts',(12.,51.3333333333333,0.));
#11537=CARTESIAN_POINT('Ctrl Pts',(12.,52.,0.));
#11538=CARTESIAN_POINT('Ctrl Pts',(10.2429503946317,25.7084600926861,41.));
#11539=CARTESIAN_POINT('Ctrl Pts',(10.2429503946317,25.7084600926861,27.3333333333333));
#11540=CARTESIAN_POINT('Ctrl Pts',(10.,26.,27.3333333333333));
#11541=CARTESIAN_POINT('Ctrl Pts',(10.,26.,0.));
#11542=CARTESIAN_POINT('Ctrl Pts',(8.61639732026945,24.3529991973843,41.));
#11543=CARTESIAN_POINT('Ctrl Pts',(8.61639732026945,24.3529991973843,27.3333333333333));
#11544=CARTESIAN_POINT('Ctrl Pts',(8.09523809523809,26.,27.3333333333334));
#11545=CARTESIAN_POINT('Ctrl Pts',(8.09523809523809,26.,0.));
#11546=CARTESIAN_POINT('Ctrl Pts',(4.82133990572459,22.3026154911332,41.));
#11547=CARTESIAN_POINT('Ctrl Pts',(4.82133990572459,22.3026154911332,27.3333333333333));
#11548=CARTESIAN_POINT('Ctrl Pts',(4.28571428571429,26.,27.3333333333333));
#11549=CARTESIAN_POINT('Ctrl Pts',(4.28571428571429,26.,0.));
#11550=CARTESIAN_POINT('Ctrl Pts',(-2.70461143331559,21.5427902478794,41.));
#11551=CARTESIAN_POINT('Ctrl Pts',(-2.70461143331559,21.5427902478794,27.3333333333333));
#11552=CARTESIAN_POINT('Ctrl Pts',(-2.38095238095238,26.,27.3333333333334));
#11553=CARTESIAN_POINT('Ctrl Pts',(-2.38095238095238,26.,0.));
#11554=CARTESIAN_POINT('Ctrl Pts',(-7.80312078308834,23.6752687497333,41.));
#11555=CARTESIAN_POINT('Ctrl Pts',(-7.80312078308834,23.6752687497333,27.3333333333333));
#11556=CARTESIAN_POINT('Ctrl Pts',(-7.14285714285714,26.,27.3333333333333));
#11557=CARTESIAN_POINT('Ctrl Pts',(-7.14285714285714,26.,0.));
#11558=CARTESIAN_POINT('Ctrl Pts',(-10.2429503946317,25.7084600926861,41.));
#11559=CARTESIAN_POINT('Ctrl Pts',(-10.2429503946317,25.7084600926861,27.3333333333333));
#11560=CARTESIAN_POINT('Ctrl Pts',(-10.,26.,27.3333333333333));
#11561=CARTESIAN_POINT('Ctrl Pts',(-10.,26.,0.));
#11562=CARTESIAN_POINT('',(10.2429503946317,25.7084600926861,41.));
#11563=CARTESIAN_POINT('',(-10.2429503946317,25.7084600926861,41.));
#11564=CARTESIAN_POINT('Origin',(0.,38.0000005662441,41.));
#11565=CARTESIAN_POINT('',(10.,26.,0.));
#11566=CARTESIAN_POINT('Ctrl Pts',(10.2429503946317,25.7084600926861,41.));
#11567=CARTESIAN_POINT('Ctrl Pts',(10.2429503946317,25.7084600926861,27.3333333333333));
#11568=CARTESIAN_POINT('Ctrl Pts',(10.,26.,27.3333333333333));
#11569=CARTESIAN_POINT('Ctrl Pts',(10.,26.,0.));
#11570=CARTESIAN_POINT('',(-10.,26.,0.));
#11571=CARTESIAN_POINT('',(10.,26.,0.));
#11572=CARTESIAN_POINT('Ctrl Pts',(-10.2429503946317,25.7084600926861,41.));
#11573=CARTESIAN_POINT('Ctrl Pts',(-10.2429503946317,25.7084600926861,27.3333333333333));
#11574=CARTESIAN_POINT('Ctrl Pts',(-10.,26.,27.3333333333333));
#11575=CARTESIAN_POINT('Ctrl Pts',(-10.,26.,0.));
#11576=CARTESIAN_POINT('Ctrl Pts',(-10.2429503946317,25.7084600926861,41.));
#11577=CARTESIAN_POINT('Ctrl Pts',(-10.2429503946317,25.7084600926861,27.3333333333333));
#11578=CARTESIAN_POINT('Ctrl Pts',(-10.,26.,27.3333333333333));
#11579=CARTESIAN_POINT('Ctrl Pts',(-10.,26.,0.));
#11580=CARTESIAN_POINT('Ctrl Pts',(-11.0562269318128,26.386190540337,41.));
#11581=CARTESIAN_POINT('Ctrl Pts',(-11.0562269318128,26.386190540337,27.3333333333333));
#11582=CARTESIAN_POINT('Ctrl Pts',(-10.,27.1428571428571,27.3333333333333));
#11583=CARTESIAN_POINT('Ctrl Pts',(-10.,27.1428571428571,0.));
#11584=CARTESIAN_POINT('Ctrl Pts',(-12.7313279956619,28.0603395413165,41.));
#11585=CARTESIAN_POINT('Ctrl Pts',(-12.7313279956619,28.0603395413165,27.3333333333333));
#11586=CARTESIAN_POINT('Ctrl Pts',(-10.,29.4285714285714,27.3333333333333));
#11587=CARTESIAN_POINT('Ctrl Pts',(-10.,29.4285714285714,0.));
#11588=CARTESIAN_POINT('Ctrl Pts',(-14.844926321407,31.5418484774365,41.));
#11589=CARTESIAN_POINT('Ctrl Pts',(-14.844926321407,31.5418484774365,27.3333333333333));
#11590=CARTESIAN_POINT('Ctrl Pts',(-10.,32.8571428571429,27.3333333333334));
#11591=CARTESIAN_POINT('Ctrl Pts',(-10.,32.8571428571429,0.));
#11592=CARTESIAN_POINT('Ctrl Pts',(-16.047739997256,35.7546367164338,41.));
#11593=CARTESIAN_POINT('Ctrl Pts',(-16.047739997256,35.7546367164338,27.3333333333333));
#11594=CARTESIAN_POINT('Ctrl Pts',(-10.,36.2857142857143,27.3333333333333));
#11595=CARTESIAN_POINT('Ctrl Pts',(-10.,36.2857142857143,0.));
#11596=CARTESIAN_POINT('Ctrl Pts',(-16.0567299204407,40.9984978142036,41.));
#11597=CARTESIAN_POINT('Ctrl Pts',(-16.0567299204407,40.9984978142036,27.3333333333333));
#11598=CARTESIAN_POINT('Ctrl Pts',(-10.,40.2857142857143,27.3333333333333));
#11599=CARTESIAN_POINT('Ctrl Pts',(-10.,40.2857142857143,0.));
#11600=CARTESIAN_POINT('Ctrl Pts',(-14.5297483639098,45.1260560365317,41.));
#11601=CARTESIAN_POINT('Ctrl Pts',(-14.5297483639098,45.1260560365317,27.3333333333333));
#11602=CARTESIAN_POINT('Ctrl Pts',(-10.,43.7142857142857,27.3333333333333));
#11603=CARTESIAN_POINT('Ctrl Pts',(-10.,43.7142857142857,0.));
#11604=CARTESIAN_POINT('Ctrl Pts',(-12.3090975364441,48.3536554918854,41.));
#11605=CARTESIAN_POINT('Ctrl Pts',(-12.3090975364441,48.3536554918854,27.3333333333333));
#11606=CARTESIAN_POINT('Ctrl Pts',(-10.,47.1428571428571,27.3333333333333));
#11607=CARTESIAN_POINT('Ctrl Pts',(-10.,47.1428571428571,0.));
#11608=CARTESIAN_POINT('Ctrl Pts',(-11.0562269318128,49.6138105921512,41.));
#11609=CARTESIAN_POINT('Ctrl Pts',(-11.0562269318128,49.6138105921512,27.3333333333333));
#11610=CARTESIAN_POINT('Ctrl Pts',(-10.,48.8571428571429,27.3333333333333));
#11611=CARTESIAN_POINT('Ctrl Pts',(-10.,48.8571428571429,0.));
#11612=CARTESIAN_POINT('Ctrl Pts',(-10.2429503946317,50.2915410398021,41.));
#11613=CARTESIAN_POINT('Ctrl Pts',(-10.2429503946317,50.2915410398021,27.3333333333333));
#11614=CARTESIAN_POINT('Ctrl Pts',(-10.,50.,27.3333333333333));
#11615=CARTESIAN_POINT('Ctrl Pts',(-10.,50.,0.));
#11616=CARTESIAN_POINT('',(-16.,38.0000005662441,41.));
#11617=CARTESIAN_POINT('Origin',(0.,38.0000005662441,41.));
#11618=CARTESIAN_POINT('',(-10.,50.,0.));
#11619=CARTESIAN_POINT('',(-10.,26.,0.));
#11620=CARTESIAN_POINT('',(-10.2429503946317,50.2915410398021,41.));
#11621=CARTESIAN_POINT('Ctrl Pts',(-10.2429503946317,50.2915410398021,41.));
#11622=CARTESIAN_POINT('Ctrl Pts',(-10.2429503946317,50.2915410398021,27.3333333333333));
#11623=CARTESIAN_POINT('Ctrl Pts',(-10.,50.,27.3333333333333));
#11624=CARTESIAN_POINT('Ctrl Pts',(-10.,50.,0.));
#11625=CARTESIAN_POINT('Origin',(0.,38.0000005662441,41.));
#11626=CARTESIAN_POINT('Ctrl Pts',(-10.2429503946317,50.2915410398021,41.));
#11627=CARTESIAN_POINT('Ctrl Pts',(-10.2429503946317,50.2915410398021,27.3333333333333));
#11628=CARTESIAN_POINT('Ctrl Pts',(-10.,50.,27.3333333333333));
#11629=CARTESIAN_POINT('Ctrl Pts',(-10.,50.,0.));
#11630=CARTESIAN_POINT('Ctrl Pts',(-8.61639732026944,51.647001935104,41.));
#11631=CARTESIAN_POINT('Ctrl Pts',(-8.61639732026944,51.647001935104,27.3333333333333));
#11632=CARTESIAN_POINT('Ctrl Pts',(-8.09523809523809,50.,27.3333333333334));
#11633=CARTESIAN_POINT('Ctrl Pts',(-8.09523809523809,50.,0.));
#11634=CARTESIAN_POINT('Ctrl Pts',(-4.82139200519009,53.6971554044959,41.));
#11635=CARTESIAN_POINT('Ctrl Pts',(-4.82139200519009,53.6971554044959,27.3333333333333));
#11636=CARTESIAN_POINT('Ctrl Pts',(-4.28571428571429,50.,27.3333333333333));
#11637=CARTESIAN_POINT('Ctrl Pts',(-4.28571428571429,50.,0.));
#11638=CARTESIAN_POINT('Ctrl Pts',(2.70442572492878,54.4567744649324,41.));
#11639=CARTESIAN_POINT('Ctrl Pts',(2.70442572492878,54.4567744649324,27.3333333333333));
#11640=CARTESIAN_POINT('Ctrl Pts',(2.38095238095238,50.,27.3333333333334));
#11641=CARTESIAN_POINT('Ctrl Pts',(2.38095238095238,50.,0.));
#11642=CARTESIAN_POINT('Ctrl Pts',(7.80312078308834,52.3247323827549,41.));
#11643=CARTESIAN_POINT('Ctrl Pts',(7.80312078308834,52.3247323827549,27.3333333333333));
#11644=CARTESIAN_POINT('Ctrl Pts',(7.14285714285714,50.,27.3333333333333));
#11645=CARTESIAN_POINT('Ctrl Pts',(7.14285714285714,50.,0.));
#11646=CARTESIAN_POINT('Ctrl Pts',(10.2429503946317,50.2915410398021,41.));
#11647=CARTESIAN_POINT('Ctrl Pts',(10.2429503946317,50.2915410398021,27.3333333333333));
#11648=CARTESIAN_POINT('Ctrl Pts',(10.,50.,27.3333333333333));
#11649=CARTESIAN_POINT('Ctrl Pts',(10.,50.,0.));
#11650=CARTESIAN_POINT('',(10.2429503946317,50.2915410398021,41.));
#11651=CARTESIAN_POINT('Origin',(0.,38.0000005662441,41.));
#11652=CARTESIAN_POINT('',(10.,50.,0.));
#11653=CARTESIAN_POINT('',(-10.,50.,0.));
#11654=CARTESIAN_POINT('Ctrl Pts',(10.2429503946317,50.2915410398021,41.));
#11655=CARTESIAN_POINT('Ctrl Pts',(10.2429503946317,50.2915410398021,27.3333333333333));
#11656=CARTESIAN_POINT('Ctrl Pts',(10.,50.,27.3333333333333));
#11657=CARTESIAN_POINT('Ctrl Pts',(10.,50.,0.));
#11658=CARTESIAN_POINT('Ctrl Pts',(10.2429503946317,50.2915410398021,41.));
#11659=CARTESIAN_POINT('Ctrl Pts',(10.2429503946317,50.2915410398021,27.3333333333333));
#11660=CARTESIAN_POINT('Ctrl Pts',(10.,50.,27.3333333333333));
#11661=CARTESIAN_POINT('Ctrl Pts',(10.,50.,0.));
#11662=CARTESIAN_POINT('Ctrl Pts',(11.0562269318128,49.6138105921512,41.));
#11663=CARTESIAN_POINT('Ctrl Pts',(11.0562269318128,49.6138105921512,27.3333333333333));
#11664=CARTESIAN_POINT('Ctrl Pts',(10.,48.8571428571429,27.3333333333333));
#11665=CARTESIAN_POINT('Ctrl Pts',(10.,48.8571428571429,0.));
#11666=CARTESIAN_POINT('Ctrl Pts',(12.7313279956619,47.9396615911717,41.));
#11667=CARTESIAN_POINT('Ctrl Pts',(12.7313279956619,47.9396615911717,27.3333333333333));
#11668=CARTESIAN_POINT('Ctrl Pts',(10.,46.5714285714286,27.3333333333333));
#11669=CARTESIAN_POINT('Ctrl Pts',(10.,46.5714285714286,0.));
#11670=CARTESIAN_POINT('Ctrl Pts',(14.844926321407,44.4581526550518,41.));
#11671=CARTESIAN_POINT('Ctrl Pts',(14.844926321407,44.4581526550518,27.3333333333333));
#11672=CARTESIAN_POINT('Ctrl Pts',(10.,43.1428571428571,27.3333333333334));
#11673=CARTESIAN_POINT('Ctrl Pts',(10.,43.1428571428571,0.));
#11674=CARTESIAN_POINT('Ctrl Pts',(16.047739997256,40.2453644160544,41.));
#11675=CARTESIAN_POINT('Ctrl Pts',(16.047739997256,40.2453644160544,27.3333333333333));
#11676=CARTESIAN_POINT('Ctrl Pts',(10.,39.7142857142857,27.3333333333333));
#11677=CARTESIAN_POINT('Ctrl Pts',(10.,39.7142857142857,0.));
#11678=CARTESIAN_POINT('Ctrl Pts',(16.0567299204407,35.0015033182846,41.));
#11679=CARTESIAN_POINT('Ctrl Pts',(16.0567299204407,35.0015033182846,27.3333333333333));
#11680=CARTESIAN_POINT('Ctrl Pts',(10.,35.7142857142857,27.3333333333333));
#11681=CARTESIAN_POINT('Ctrl Pts',(10.,35.7142857142857,0.));
#11682=CARTESIAN_POINT('Ctrl Pts',(14.5297483639098,30.8739450959566,41.));
#11683=CARTESIAN_POINT('Ctrl Pts',(14.5297483639098,30.8739450959566,27.3333333333333));
#11684=CARTESIAN_POINT('Ctrl Pts',(10.,32.2857142857143,27.3333333333333));
#11685=CARTESIAN_POINT('Ctrl Pts',(10.,32.2857142857143,0.));
#11686=CARTESIAN_POINT('Ctrl Pts',(12.3090975364441,27.6463456406028,41.));
#11687=CARTESIAN_POINT('Ctrl Pts',(12.3090975364441,27.6463456406028,27.3333333333333));
#11688=CARTESIAN_POINT('Ctrl Pts',(10.,28.8571428571428,27.3333333333333));
#11689=CARTESIAN_POINT('Ctrl Pts',(10.,28.8571428571428,0.));
#11690=CARTESIAN_POINT('Ctrl Pts',(11.0562269318128,26.386190540337,41.));
#11691=CARTESIAN_POINT('Ctrl Pts',(11.0562269318128,26.386190540337,27.3333333333333));
#11692=CARTESIAN_POINT('Ctrl Pts',(10.,27.1428571428571,27.3333333333333));
#11693=CARTESIAN_POINT('Ctrl Pts',(10.,27.1428571428571,0.));
#11694=CARTESIAN_POINT('Ctrl Pts',(10.2429503946317,25.7084600926861,41.));
#11695=CARTESIAN_POINT('Ctrl Pts',(10.2429503946317,25.7084600926861,27.3333333333333));
#11696=CARTESIAN_POINT('Ctrl Pts',(10.,26.,27.3333333333333));
#11697=CARTESIAN_POINT('Ctrl Pts',(10.,26.,0.));
#11698=CARTESIAN_POINT('Origin',(0.,38.0000005662441,41.));
#11699=CARTESIAN_POINT('',(10.,50.,0.));
#11700=CARTESIAN_POINT('Origin',(0.,38.,0.));
#11701=CARTESIAN_POINT('',(-12.,24.,0.));
#11702=CARTESIAN_POINT('Ctrl Pts',(-12.,24.,0.));
#11703=CARTESIAN_POINT('Ctrl Pts',(-9.71428571428572,24.,0.));
#11704=CARTESIAN_POINT('Ctrl Pts',(-5.14285714285715,24.,0.));
#11705=CARTESIAN_POINT('Ctrl Pts',(1.71428571428571,24.,0.));
#11706=CARTESIAN_POINT('Ctrl Pts',(7.42857142857143,24.,0.));
#11707=CARTESIAN_POINT('Ctrl Pts',(10.8571428571429,24.,0.));
#11708=CARTESIAN_POINT('Ctrl Pts',(12.,24.,0.));
#11709=CARTESIAN_POINT('Ctrl Pts',(-12.,52.,0.));
#11710=CARTESIAN_POINT('Ctrl Pts',(-12.,51.3333333333333,0.));
#11711=CARTESIAN_POINT('Ctrl Pts',(-12.,50.6666666666667,0.));
#11712=CARTESIAN_POINT('Ctrl Pts',(-12.,48.4,0.));
#11713=CARTESIAN_POINT('Ctrl Pts',(-12.,45.2,0.));
#11714=CARTESIAN_POINT('Ctrl Pts',(-12.,40.4,0.));
#11715=CARTESIAN_POINT('Ctrl Pts',(-12.,35.6,0.));
#11716=CARTESIAN_POINT('Ctrl Pts',(-12.,31.6,0.));
#11717=CARTESIAN_POINT('Ctrl Pts',(-12.,28.8,0.));
#11718=CARTESIAN_POINT('Ctrl Pts',(-12.,27.2,0.));
#11719=CARTESIAN_POINT('Ctrl Pts',(-12.,26.4,0.));
#11720=CARTESIAN_POINT('Ctrl Pts',(-12.,25.3333333333333,0.));
#11721=CARTESIAN_POINT('Ctrl Pts',(-12.,24.6666666666667,0.));
#11722=CARTESIAN_POINT('Ctrl Pts',(-12.,24.,0.));
#11723=CARTESIAN_POINT('Ctrl Pts',(13.2459797390637,25.6793670016471,34.3160962296264));
#11724=CARTESIAN_POINT('Ctrl Pts',(13.2137913629212,25.5987555207106,33.1923083580017));
#11725=CARTESIAN_POINT('Ctrl Pts',(13.0913435658111,25.3040003315561,30.0475742665244));
#11726=CARTESIAN_POINT('Ctrl Pts',(12.698186665763,24.65822109585,24.9274473629856));
#11727=CARTESIAN_POINT('Ctrl Pts',(12.1532093410692,24.1198441022229,16.0115254800134));
#11728=CARTESIAN_POINT('Ctrl Pts',(12.,24.,6.29860244973556));
#11729=CARTESIAN_POINT('Ctrl Pts',(12.,24.,0.));
#11730=CARTESIAN_POINT('Ctrl Pts',(12.2576612575809,24.7286143951828,34.263883221463));
#11731=CARTESIAN_POINT('Ctrl Pts',(12.2162208041318,24.6871426328143,33.1292337726628));
#11732=CARTESIAN_POINT('Ctrl Pts',(12.0598988093456,24.5357291650351,29.950324967308));
#11733=CARTESIAN_POINT('Ctrl Pts',(11.6122839596399,24.2222277586447,24.828322404533));
#11734=CARTESIAN_POINT('Ctrl Pts',(11.0299920146614,24.0230510231566,15.9756638691218));
#11735=CARTESIAN_POINT('Ctrl Pts',(10.8571428571429,24.,6.2880694971309));
#11736=CARTESIAN_POINT('Ctrl Pts',(10.8571428571429,24.,0.));
#11737=CARTESIAN_POINT('Ctrl Pts',(8.95240102138949,22.190449471666,34.1144795366288));
#11738=CARTESIAN_POINT('Ctrl Pts',(8.89504986982699,22.2571066659782,32.9493794316109));
#11739=CARTESIAN_POINT('Ctrl Pts',(8.68290212267671,22.5046931360094,29.6783652957602));
#11740=CARTESIAN_POINT('Ctrl Pts',(8.19725499530012,23.0779047815768,24.5707873043219));
#11741=CARTESIAN_POINT('Ctrl Pts',(7.61972897490978,23.7625985856305,15.8803330188418));
#11742=CARTESIAN_POINT('Ctrl Pts',(7.42857142857143,24.,6.25978941875094));
#11743=CARTESIAN_POINT('Ctrl Pts',(7.42857142857143,24.,0.));
#11744=CARTESIAN_POINT('Ctrl Pts',(2.16817851293276,19.9174339982987,33.9679531631092));
#11745=CARTESIAN_POINT('Ctrl Pts',(2.1487992086999,20.0919443367486,32.7774242763949));
#11746=CARTESIAN_POINT('Ctrl Pts',(2.07759796332228,20.7346455716166,29.4454522038872));
#11747=CARTESIAN_POINT('Ctrl Pts',(1.93635913064702,22.0755966883719,24.3678973678397));
#11748=CARTESIAN_POINT('Ctrl Pts',(1.77213789008367,23.5256671255028,15.7921253627359));
#11749=CARTESIAN_POINT('Ctrl Pts',(1.71428571428571,24.,6.23415521514031));
#11750=CARTESIAN_POINT('Ctrl Pts',(1.71428571428571,24.,0.));
#11751=CARTESIAN_POINT('Ctrl Pts',(-6.39663205643071,20.8410203750527,34.0281614306925));
#11752=CARTESIAN_POINT('Ctrl Pts',(-6.34517710038322,20.9703854892452,32.8476056525181));
#11753=CARTESIAN_POINT('Ctrl Pts',(-6.15602010684648,21.4485352972002,29.5370701959515));
#11754=CARTESIAN_POINT('Ctrl Pts',(-5.76218768224733,22.4812630507864,24.4465747488434));
#11755=CARTESIAN_POINT('Ctrl Pts',(-5.30174337763838,23.6221731209517,15.8281853463857));
#11756=CARTESIAN_POINT('Ctrl Pts',(-5.14285714285715,24.,6.24461629745606));
#11757=CARTESIAN_POINT('Ctrl Pts',(-5.14285714285715,24.,0.));
#11758=CARTESIAN_POINT('Ctrl Pts',(-11.2693427760981,23.7778617887185,34.2116702132995));
#11759=CARTESIAN_POINT('Ctrl Pts',(-11.2178424372924,23.7753160880465,33.0655696414301));
#11760=CARTESIAN_POINT('Ctrl Pts',(-11.0260191754779,23.7665231749476,29.8503074248243));
#11761=CARTESIAN_POINT('Ctrl Pts',(-10.5258009230941,23.7881634960895,24.7285778543227));
#11762=CARTESIAN_POINT('Ctrl Pts',(-9.90708623903213,23.92668432014,15.9406898585687));
#11763=CARTESIAN_POINT('Ctrl Pts',(-9.71428571428572,24.,6.27748431234114));
#11764=CARTESIAN_POINT('Ctrl Pts',(-9.71428571428572,24.,0.));
#11765=CARTESIAN_POINT('Ctrl Pts',(-13.2459797390637,25.6793670016471,34.3160962296264));
#11766=CARTESIAN_POINT('Ctrl Pts',(-13.2137913629212,25.5987555207106,33.1923083580017));
#11767=CARTESIAN_POINT('Ctrl Pts',(-13.0913435658111,25.3040003315561,30.0475742665244));
#11768=CARTESIAN_POINT('Ctrl Pts',(-12.698186665763,24.65822109585,24.9274473629856));
#11769=CARTESIAN_POINT('Ctrl Pts',(-12.1532093410692,24.1198441022229,16.0115254800134));
#11770=CARTESIAN_POINT('Ctrl Pts',(-12.,24.,6.29860244973556));
#11771=CARTESIAN_POINT('Ctrl Pts',(-12.,24.,0.));
#11772=CARTESIAN_POINT('Ctrl Pts',(-11.5220881061775,24.2172179424477,34.0000000000008));
#11773=CARTESIAN_POINT('Ctrl Pts',(-11.5237122244559,24.2395720925545,32.2475133427291));
#11774=CARTESIAN_POINT('Ctrl Pts',(-11.5294786010755,24.2649024719301,30.7368150707958));
#11775=CARTESIAN_POINT('Ctrl Pts',(-11.6024554683009,24.3276404300509,24.2734073082523));
#11776=CARTESIAN_POINT('Ctrl Pts',(-11.7159619488167,24.2556901835754,21.3909248716211));
#11777=CARTESIAN_POINT('Ctrl Pts',(-11.9592673533655,24.0485602578172,10.0226841283615));
#11778=CARTESIAN_POINT('Ctrl Pts',(-12.,24.,5.50231380152949));
#11779=CARTESIAN_POINT('Ctrl Pts',(-12.,24.,1.66533453693773E-15));
#11780=CARTESIAN_POINT('Ctrl Pts',(-10.112341270007,22.9811553801785,34.4526836394518));
#11781=CARTESIAN_POINT('Ctrl Pts',(-10.3093462186726,23.0247256741053,32.1889194475549));
#11782=CARTESIAN_POINT('Ctrl Pts',(-10.7451397237423,23.1570220826824,29.2537225564606));
#11783=CARTESIAN_POINT('Ctrl Pts',(-11.4276286952875,23.5467640510791,23.5273939548662));
#11784=CARTESIAN_POINT('Ctrl Pts',(-11.8789120652318,23.9102814208241,16.0790125051908));
#11785=CARTESIAN_POINT('Ctrl Pts',(-12.,24.,6.33090332753602));
#11786=CARTESIAN_POINT('Ctrl Pts',(-12.,24.,0.));
#11787=CARTESIAN_POINT('Ctrl Pts',(-10.6371597170136,23.3940752590565,34.4181235883412));
#11788=CARTESIAN_POINT('Ctrl Pts',(-10.791701370175,23.4614892587286,32.1390814750075));
#11789=CARTESIAN_POINT('Ctrl Pts',(-11.1312479132803,23.6433252448656,29.1851630927924));
#11790=CARTESIAN_POINT('Ctrl Pts',(-11.6350333695076,24.1104946678391,23.4739732727369));
#11791=CARTESIAN_POINT('Ctrl Pts',(-11.9330294951968,24.5447055458227,16.0593072345149));
#11792=CARTESIAN_POINT('Ctrl Pts',(-12.0004755107252,24.6671534909545,6.32469406155589));
#11793=CARTESIAN_POINT('Ctrl Pts',(-12.,24.6666666666667,0.));
#11794=CARTESIAN_POINT('Ctrl Pts',(-11.1410833363185,23.8377344917489,34.384165362096));
#11795=CARTESIAN_POINT('Ctrl Pts',(-11.2539689963813,23.9267822761493,32.0905776523649));
#11796=CARTESIAN_POINT('Ctrl Pts',(-11.4990821370407,24.1529730339404,29.1192841715099));
#11797=CARTESIAN_POINT('Ctrl Pts',(-11.8326123984049,24.6864904439775,23.4235116419985));
#11798=CARTESIAN_POINT('Ctrl Pts',(-11.9852618912437,25.1827478829912,16.0402386179619));
#11799=CARTESIAN_POINT('Ctrl Pts',(-12.0006713416619,25.3339840392032,6.31887433944325));
#11800=CARTESIAN_POINT('Ctrl Pts',(-12.,25.3333333333333,0.));
#11801=CARTESIAN_POINT('Ctrl Pts',(-11.9084715465712,24.5921950524033,34.3319313612775));
#11802=CARTESIAN_POINT('Ctrl Pts',(-11.9565026160089,24.712502984502,32.0160366775476));
#11803=CARTESIAN_POINT('Ctrl Pts',(-12.0553535745109,25.0009800698392,29.0203912126964));
#11804=CARTESIAN_POINT('Ctrl Pts',(-12.1319033734171,25.625721417918,23.3479538864222));
#11805=CARTESIAN_POINT('Ctrl Pts',(-12.0650187491472,26.2087904371211,16.0110282660822));
#11806=CARTESIAN_POINT('Ctrl Pts',(-12.000967946936,26.4011136266437,6.30996490047941));
#11807=CARTESIAN_POINT('Ctrl Pts',(-12.,26.4,0.));
#11808=CARTESIAN_POINT('Ctrl Pts',(-12.4835585458214,25.1907808619659,34.2935864991795));
#11809=CARTESIAN_POINT('Ctrl Pts',(-12.4779700609704,25.3269568059765,31.9616317621075));
#11810=CARTESIAN_POINT('Ctrl Pts',(-12.4601515457908,25.6441528375146,28.9481430438132));
#11811=CARTESIAN_POINT('Ctrl Pts',(-12.350031563848,26.3192899422425,23.2916710896011));
#11812=CARTESIAN_POINT('Ctrl Pts',(-12.1266211446134,26.9725234794129,15.9886780409929));
#11813=CARTESIAN_POINT('Ctrl Pts',(-12.0006755349895,27.2016184927012,6.3033479986062));
#11814=CARTESIAN_POINT('Ctrl Pts',(-12.,27.2,0.));
#11815=CARTESIAN_POINT('Ctrl Pts',(-13.6311539702774,26.5566614750971,34.2212283436912));
#11816=CARTESIAN_POINT('Ctrl Pts',(-13.5224776825145,26.7166803219065,31.8592997101356));
#11817=CARTESIAN_POINT('Ctrl Pts',(-13.2777383542786,27.0767091605905,28.8148918336161));
#11818=CARTESIAN_POINT('Ctrl Pts',(-12.7899583534428,27.8060454992044,23.1853399758652));
#11819=CARTESIAN_POINT('Ctrl Pts',(-12.2470479746052,28.5292348091129,15.9437962333395));
#11820=CARTESIAN_POINT('Ctrl Pts',(-12.0007471785501,28.8026726174448,6.29035113547876));
#11821=CARTESIAN_POINT('Ctrl Pts',(-12.,28.8,0.));
#11822=CARTESIAN_POINT('Ctrl Pts',(-15.5395511492914,29.3681069326411,34.1082667824145));
#11823=CARTESIAN_POINT('Ctrl Pts',(-15.2574835175906,29.537476242157,31.7016433028783));
#11824=CARTESIAN_POINT('Ctrl Pts',(-14.6357523368403,29.9047599398692,28.6159050187702));
#11825=CARTESIAN_POINT('Ctrl Pts',(-13.5225524867033,30.6024288757664,23.0222645455304));
#11826=CARTESIAN_POINT('Ctrl Pts',(-12.4455129479405,31.3107528202101,15.8678914084301));
#11827=CARTESIAN_POINT('Ctrl Pts',(-12.0010140066041,31.6031647138906,6.26939640502345));
#11828=CARTESIAN_POINT('Ctrl Pts',(-12.,31.6,0.));
#11829=CARTESIAN_POINT('Ctrl Pts',(-17.4920046748059,34.5229950181987,34.0027793822553));
#11830=CARTESIAN_POINT('Ctrl Pts',(-17.0269190282593,34.6109217470099,31.5590874247006));
#11831=CARTESIAN_POINT('Ctrl Pts',(-16.0233450709378,34.7942653465462,28.450193948914));
#11832=CARTESIAN_POINT('Ctrl Pts',(-14.2794488699735,35.1238184193246,22.8820958360572));
#11833=CARTESIAN_POINT('Ctrl Pts',(-12.6461921544987,35.4558667223446,15.7906553602049));
#11834=CARTESIAN_POINT('Ctrl Pts',(-12.0013199571739,35.6017976475677,6.24780178264286));
#11835=CARTESIAN_POINT('Ctrl Pts',(-12.,35.6,0.));
#11836=CARTESIAN_POINT('Ctrl Pts',(-17.4887663639961,41.4768333645804,34.0028190064989));
#11837=CARTESIAN_POINT('Ctrl Pts',(-17.0239164735092,41.3896306689477,31.5591990241785));
#11838=CARTESIAN_POINT('Ctrl Pts',(-16.0205683772859,41.2074708065856,28.4503524370037));
#11839=CARTESIAN_POINT('Ctrl Pts',(-14.2781275836651,40.8784594713323,22.8824363138657));
#11840=CARTESIAN_POINT('Ctrl Pts',(-12.6458656061561,40.5447325663488,15.7906660130315));
#11841=CARTESIAN_POINT('Ctrl Pts',(-12.0012797168973,40.398666442542,6.24785605433453));
#11842=CARTESIAN_POINT('Ctrl Pts',(-12.,40.4,0.));
#11843=CARTESIAN_POINT('Ctrl Pts',(-15.1476517936936,47.6649610008971,34.1294463645824));
#11844=CARTESIAN_POINT('Ctrl Pts',(-14.9020801493541,47.4809266894333,31.7317417508725));
#11845=CARTESIAN_POINT('Ctrl Pts',(-14.3560509655061,47.0777645969999,28.6487365582869));
#11846=CARTESIAN_POINT('Ctrl Pts',(-13.3696583657031,46.3074571055452,23.0502505938334));
#11847=CARTESIAN_POINT('Ctrl Pts',(-12.4056430179483,45.5198094570559,15.8832779734094));
#11848=CARTESIAN_POINT('Ctrl Pts',(-12.0003727055082,45.1979630832605,6.27397247880739));
#11849=CARTESIAN_POINT('Ctrl Pts',(-12.,45.2,0.));
#11850=CARTESIAN_POINT('Ctrl Pts',(-12.761486501593,50.5687133604171,34.2731856057107));
#11851=CARTESIAN_POINT('Ctrl Pts',(-12.7301283514499,50.4202724746437,31.9321890014934));
#11852=CARTESIAN_POINT('Ctrl Pts',(-12.6560938917896,50.0800854253427,28.9088296942237));
#11853=CARTESIAN_POINT('Ctrl Pts',(-12.4561418951263,49.3600916846035,23.2624578978466));
#11854=CARTESIAN_POINT('Ctrl Pts',(-12.1566539465497,48.652073239543,15.9782134411335));
#11855=CARTESIAN_POINT('Ctrl Pts',(-12.0005849672016,48.3979436656637,6.2998829076593));
#11856=CARTESIAN_POINT('Ctrl Pts',(-12.,48.4,0.));
#11857=CARTESIAN_POINT('Ctrl Pts',(-11.1438202696641,52.1596251497274,34.3841674962715));
#11858=CARTESIAN_POINT('Ctrl Pts',(-11.2585772033749,52.0685198793518,32.090367132007));
#11859=CARTESIAN_POINT('Ctrl Pts',(-11.5059977638719,51.8372812869849,29.1193374815783));
#11860=CARTESIAN_POINT('Ctrl Pts',(-11.8360636132136,51.3016874428479,23.4235657788117));
#11861=CARTESIAN_POINT('Ctrl Pts',(-11.9846969243182,50.8131032918509,16.0402684863452));
#11862=CARTESIAN_POINT('Ctrl Pts',(-12.0009471548424,50.6659301911965,6.31880498224219));
#11863=CARTESIAN_POINT('Ctrl Pts',(-12.,50.6666666666667,0.));
#11864=CARTESIAN_POINT('Ctrl Pts',(-10.6371597177752,52.6059257659698,34.4181235346415));
#11865=CARTESIAN_POINT('Ctrl Pts',(-10.7917013715645,52.5385116857577,32.139081403036));
#11866=CARTESIAN_POINT('Ctrl Pts',(-11.1312479160311,52.3566755227885,29.185163015691));
#11867=CARTESIAN_POINT('Ctrl Pts',(-11.6350333703082,51.8895057668936,23.473973244052));
#11868=CARTESIAN_POINT('Ctrl Pts',(-11.9330294950172,51.4552945751565,16.0593072362505));
#11869=CARTESIAN_POINT('Ctrl Pts',(-12.0004755106285,51.332846509065,6.32469406161304));
#11870=CARTESIAN_POINT('Ctrl Pts',(-12.,51.3333333333333,0.));
#11871=CARTESIAN_POINT('Ctrl Pts',(-10.1123412713353,53.0188456456898,34.4526835842929));
#11872=CARTESIAN_POINT('Ctrl Pts',(-10.3093462211443,52.9752752720447,32.1889193735643));
#11873=CARTESIAN_POINT('Ctrl Pts',(-10.7451397288176,52.8429786868212,29.253722477115));
#11874=CARTESIAN_POINT('Ctrl Pts',(-11.427628696821,52.4532363837031,23.527393925207));
#11875=CARTESIAN_POINT('Ctrl Pts',(-11.8789120648274,52.0897187001749,16.0790125070541));
#11876=CARTESIAN_POINT('Ctrl Pts',(-12.,52.,6.33090332753602));
#11877=CARTESIAN_POINT('Ctrl Pts',(-12.,52.,0.));
#11878=CARTESIAN_POINT('Origin',(35.,-45.,42.5));
#11879=CARTESIAN_POINT('',(37.,-45.,44.));
#11880=CARTESIAN_POINT('',(37.,-45.,42.5));
#11881=CARTESIAN_POINT('Origin',(35.,-45.,44.));
#11882=CARTESIAN_POINT('Origin',(35.,-45.,44.));
#11883=CARTESIAN_POINT('Origin',(-35.,75.,42.5));
#11884=CARTESIAN_POINT('',(-33.,75.,44.));
#11885=CARTESIAN_POINT('',(-33.,75.,42.5));
#11886=CARTESIAN_POINT('Origin',(-35.,75.,44.));
#11887=CARTESIAN_POINT('Origin',(-35.,75.,44.));
#11888=CARTESIAN_POINT('Origin',(35.,75.,42.5));
#11889=CARTESIAN_POINT('',(37.,75.,44.));
#11890=CARTESIAN_POINT('',(37.,75.,42.5));
#11891=CARTESIAN_POINT('Origin',(35.,75.,44.));
#11892=CARTESIAN_POINT('Origin',(35.,75.,44.));
#11893=CARTESIAN_POINT('Origin',(-35.,-45.,42.5));
#11894=CARTESIAN_POINT('',(-33.,-45.,44.));
#11895=CARTESIAN_POINT('',(-33.,-45.,42.5));
#11896=CARTESIAN_POINT('Origin',(-35.,-45.,44.));
#11897=CARTESIAN_POINT('Origin',(-35.,-45.,44.));
#11898=CARTESIAN_POINT('Origin',(0.,38.0000005662441,42.));
#11899=CARTESIAN_POINT('',(-23.,38.0000005662441,46.));
#11900=CARTESIAN_POINT('',(-23.,38.0000005662441,42.));
#11901=CARTESIAN_POINT('Origin',(0.,38.0000005662441,46.));
#11902=CARTESIAN_POINT('Origin',(0.,38.0000005662441,42.));
#11903=CARTESIAN_POINT('',(-16.,38.0000005662441,42.));
#11904=CARTESIAN_POINT('Origin',(0.,38.0000005662441,42.));
#11905=CARTESIAN_POINT('Origin',(10.0000001490116,-15.,41.));
#11906=CARTESIAN_POINT('',(-10.0000001490116,-15.,46.));
#11907=CARTESIAN_POINT('',(-10.0000001490116,-15.,41.));
#11908=CARTESIAN_POINT('',(10.0000001490116,-15.,46.));
#11909=CARTESIAN_POINT('',(10.0000001490116,-15.,46.));
#11910=CARTESIAN_POINT('',(10.0000001490116,-15.,41.));
#11911=CARTESIAN_POINT('Origin',(10.0000001490116,-13.5,41.));
#11912=CARTESIAN_POINT('',(10.0000001490116,-12.,46.));
#11913=CARTESIAN_POINT('Origin',(10.0000001490116,-13.5,46.));
#11914=CARTESIAN_POINT('',(10.0000001490116,-12.,41.));
#11915=CARTESIAN_POINT('Origin',(-10.0000001490116,-12.,41.));
#11916=CARTESIAN_POINT('',(-10.0000001490116,-12.,46.));
#11917=CARTESIAN_POINT('',(-10.0000001490116,-12.,46.));
#11918=CARTESIAN_POINT('',(-10.0000001490116,-12.,41.));
#11919=CARTESIAN_POINT('Origin',(-10.0000001490116,-13.5,41.));
#11920=CARTESIAN_POINT('Origin',(-10.0000001490116,-13.5,46.));
#11921=CARTESIAN_POINT('Origin',(5.,-20.,41.));
#11922=CARTESIAN_POINT('',(-5.,-20.,46.));
#11923=CARTESIAN_POINT('',(-5.,-20.,41.));
#11924=CARTESIAN_POINT('',(5.,-20.,46.));
#11925=CARTESIAN_POINT('',(5.,-20.,46.));
#11926=CARTESIAN_POINT('',(5.,-20.,41.));
#11927=CARTESIAN_POINT('Origin',(5.,-18.5,41.));
#11928=CARTESIAN_POINT('',(5.,-17.,46.));
#11929=CARTESIAN_POINT('Origin',(5.,-18.5,46.));
#11930=CARTESIAN_POINT('',(5.,-17.,41.));
#11931=CARTESIAN_POINT('Origin',(-5.,-17.,41.));
#11932=CARTESIAN_POINT('',(-5.,-17.,46.));
#11933=CARTESIAN_POINT('',(-5.,-17.,46.));
#11934=CARTESIAN_POINT('',(-5.,-17.,41.));
#11935=CARTESIAN_POINT('Origin',(-5.,-18.5,41.));
#11936=CARTESIAN_POINT('Origin',(-5.,-18.5,46.));
#11937=CARTESIAN_POINT('Origin',(5.00000007450581,-9.99999999999999,41.));
#11938=CARTESIAN_POINT('',(-5.00000007450581,-9.99999999999999,46.));
#11939=CARTESIAN_POINT('',(-5.00000007450581,-9.99999999999999,41.));
#11940=CARTESIAN_POINT('',(5.00000007450581,-9.99999999999999,46.));
#11941=CARTESIAN_POINT('',(-5.00000007450581,-9.99999999999999,46.));
#11942=CARTESIAN_POINT('',(5.00000007450581,-9.99999999999999,41.));
#11943=CARTESIAN_POINT('Origin',(5.00000007450581,-8.49999999999999,41.));
#11944=CARTESIAN_POINT('',(5.00000007450581,-6.99999999999999,46.));
#11945=CARTESIAN_POINT('Origin',(5.00000007450581,-8.49999999999999,46.));
#11946=CARTESIAN_POINT('',(5.00000007450581,-6.99999999999999,41.));
#11947=CARTESIAN_POINT('Origin',(-5.00000007450581,-6.99999999999999,41.));
#11948=CARTESIAN_POINT('',(-5.00000007450581,-6.99999999999999,46.));
#11949=CARTESIAN_POINT('',(-5.00000007450581,-6.99999999999999,46.));
#11950=CARTESIAN_POINT('',(-5.00000007450581,-6.99999999999999,41.));
#11951=CARTESIAN_POINT('Origin',(-5.00000007450581,-8.49999999999999,41.));
#11952=CARTESIAN_POINT('Origin',(-5.00000007450581,-8.49999999999999,46.));
#11953=CARTESIAN_POINT('Origin',(0.,38.0000005662441,41.));
#11954=CARTESIAN_POINT('',(-16.,38.0000005662441,41.));
#11955=CARTESIAN_POINT('Origin',(40.,80.,41.));
#11956=CARTESIAN_POINT('',(-40.,80.,46.));
#11957=CARTESIAN_POINT('Origin',(-40.,-50.,41.));
#11958=CARTESIAN_POINT('',(40.,-50.,46.));
#11959=CARTESIAN_POINT('Origin',(0.,15.,46.));
#11960=CARTESIAN_POINT('Origin',(0.,38.0000005662441,45.));
#11961=CARTESIAN_POINT('',(-17.,38.0000005662441,45.));
#11962=CARTESIAN_POINT('Origin',(-20.,38.0000005662441,45.));
#11963=CARTESIAN_POINT('Origin',(0.,38.0000005662441,45.));
#11964=CARTESIAN_POINT('',(0.,89.9886256023022,70.0068845799574));
#11965=CARTESIAN_POINT('',(-1.78859859188506E-7,63.4940428498135,93.));
#11966=CARTESIAN_POINT('',(0.,66.0262026979861,54.8474184248944));
#11967=UNCERTAINTY_MEASURE_WITH_UNIT(LENGTH_MEASURE(0.01),#11977,
'DISTANCE_ACCURACY_VALUE',
'Maximum model space distance between geometric entities at asserted c
onnectivities');
#11968=UNCERTAINTY_MEASURE_WITH_UNIT(LENGTH_MEASURE(0.01),#11977,
'DISTANCE_ACCURACY_VALUE',
'Maximum model space distance between geometric entities at asserted c
onnectivities');
#11969=UNCERTAINTY_MEASURE_WITH_UNIT(LENGTH_MEASURE(0.01),#11977,
'DISTANCE_ACCURACY_VALUE',
'Maximum model space distance between geometric entities at asserted c
onnectivities');
#11970=UNCERTAINTY_MEASURE_WITH_UNIT(LENGTH_MEASURE(0.01),#11977,
'DISTANCE_ACCURACY_VALUE',
'Maximum model space distance between geometric entities at asserted c
onnectivities');
#11971=UNCERTAINTY_MEASURE_WITH_UNIT(LENGTH_MEASURE(0.01),#11977,
'DISTANCE_ACCURACY_VALUE',
'Maximum model space distance between geometric entities at asserted c
onnectivities');
#11972=(
GEOMETRIC_REPRESENTATION_CONTEXT(3)
GLOBAL_UNCERTAINTY_ASSIGNED_CONTEXT((#11967))
GLOBAL_UNIT_ASSIGNED_CONTEXT((#11977,#11979,#11980))
REPRESENTATION_CONTEXT('','3D')
);
#11973=(
GEOMETRIC_REPRESENTATION_CONTEXT(3)
GLOBAL_UNCERTAINTY_ASSIGNED_CONTEXT((#11968))
GLOBAL_UNIT_ASSIGNED_CONTEXT((#11977,#11979,#11980))
REPRESENTATION_CONTEXT('','3D')
);
#11974=(
GEOMETRIC_REPRESENTATION_CONTEXT(3)
GLOBAL_UNCERTAINTY_ASSIGNED_CONTEXT((#11969))
GLOBAL_UNIT_ASSIGNED_CONTEXT((#11977,#11979,#11980))
REPRESENTATION_CONTEXT('','3D')
);
#11975=(
GEOMETRIC_REPRESENTATION_CONTEXT(3)
GLOBAL_UNCERTAINTY_ASSIGNED_CONTEXT((#11970))
GLOBAL_UNIT_ASSIGNED_CONTEXT((#11977,#11979,#11980))
REPRESENTATION_CONTEXT('','3D')
);
#11976=(
GEOMETRIC_REPRESENTATION_CONTEXT(3)
GLOBAL_UNCERTAINTY_ASSIGNED_CONTEXT((#11971))
GLOBAL_UNIT_ASSIGNED_CONTEXT((#11977,#11979,#11980))
REPRESENTATION_CONTEXT('','3D')
);
#11977=(
LENGTH_UNIT()
NAMED_UNIT(*)
SI_UNIT(.MILLI.,.METRE.)
);
#11978=(
LENGTH_UNIT()
NAMED_UNIT(*)
SI_UNIT($,.METRE.)
);
#11979=(
NAMED_UNIT(*)
PLANE_ANGLE_UNIT()
SI_UNIT($,.RADIAN.)
);
#11980=(
NAMED_UNIT(*)
SI_UNIT($,.STERADIAN.)
SOLID_ANGLE_UNIT()
);
#11981=SHAPE_DEFINITION_REPRESENTATION(#11985,#11992);
#11982=SHAPE_DEFINITION_REPRESENTATION(#11986,#11993);
#11983=SHAPE_DEFINITION_REPRESENTATION(#11987,#11994);
#11984=SHAPE_DEFINITION_REPRESENTATION(#11988,#11995);
#11985=PRODUCT_DEFINITION_SHAPE('',$,#11997);
#11986=PRODUCT_DEFINITION_SHAPE('',$,#11998);
#11987=PRODUCT_DEFINITION_SHAPE('',$,#11999);
#11988=PRODUCT_DEFINITION_SHAPE('',$,#12000);
#11989=PRODUCT_DEFINITION_SHAPE($,$,#20);
#11990=PRODUCT_DEFINITION_SHAPE($,$,#21);
#11991=PRODUCT_DEFINITION_SHAPE($,$,#22);
#11992=SHAPE_REPRESENTATION('',(#6236,#6908,#6909,#6910),#11972);
#11993=SHAPE_REPRESENTATION('',(#6237),#11973);
#11994=SHAPE_REPRESENTATION('',(#6391),#11974);
#11995=SHAPE_REPRESENTATION('',(#6780),#11975);
#11996=PRODUCT_DEFINITION_CONTEXT('part definition',#12010,'design');
#11997=PRODUCT_DEFINITION('2026-09-16-18-24-31-627','Finished build',#12001,
#11996);
#11998=PRODUCT_DEFINITION('2026-09-12-10-18-39-435',
'biometric scanner enclosure',#12002,#11996);
#11999=PRODUCT_DEFINITION('2026-09-16-13-04-30-283','R307',#12003,#11996);
#12000=PRODUCT_DEFINITION('2026-09-05-20-12-11-896',
'biometric scanner front plate',#12004,#11996);
#12001=PRODUCT_DEFINITION_FORMATION('',$,#12012);
#12002=PRODUCT_DEFINITION_FORMATION('',$,#12013);
#12003=PRODUCT_DEFINITION_FORMATION('',$,#12014);
#12004=PRODUCT_DEFINITION_FORMATION('',$,#12015);
#12005=PRODUCT_RELATED_PRODUCT_CATEGORY('Finished build',
'Finished build',(#12012));
#12006=PRODUCT_RELATED_PRODUCT_CATEGORY('biometric scanner enclosure',
'biometric scanner enclosure',(#12013));
#12007=PRODUCT_RELATED_PRODUCT_CATEGORY('R307','R307',(#12014));
#12008=PRODUCT_RELATED_PRODUCT_CATEGORY('biometric scanner front plate',
'biometric scanner front plate',(#12015));
#12009=APPLICATION_PROTOCOL_DEFINITION('international standard',
'automotive_design',2009,#12010);
#12010=APPLICATION_CONTEXT(
'Core Data for Automotive Mechanical Design Process');
#12011=PRODUCT_CONTEXT('part definition',#12010,'mechanical');
#12012=PRODUCT('2026-09-16-18-24-31-627','Finished build',$,(#12011));
#12013=PRODUCT('2026-09-12-10-18-39-435','biometric scanner enclosure',
$,(#12011));
#12014=PRODUCT('2026-09-16-13-04-30-283','R307','STEP AP214',(#12011));
#12015=PRODUCT('2026-09-05-20-12-11-896',
'biometric scanner front plate',$,(#12011));
#12016=PRESENTATION_STYLE_ASSIGNMENT((#12023));
#12017=PRESENTATION_STYLE_ASSIGNMENT((#12024));
#12018=PRESENTATION_STYLE_ASSIGNMENT((#12025));
#12019=PRESENTATION_STYLE_ASSIGNMENT((#12026));
#12020=PRESENTATION_STYLE_ASSIGNMENT((#12027));
#12021=PRESENTATION_STYLE_ASSIGNMENT((#12028));
#12022=PRESENTATION_STYLE_ASSIGNMENT((#12029));
#12023=SURFACE_STYLE_USAGE(.BOTH.,#12030);
#12024=SURFACE_STYLE_USAGE(.BOTH.,#12031);
#12025=SURFACE_STYLE_USAGE(.BOTH.,#12032);
#12026=SURFACE_STYLE_USAGE(.BOTH.,#12033);
#12027=SURFACE_STYLE_USAGE(.BOTH.,#12034);
#12028=SURFACE_STYLE_USAGE(.BOTH.,#12035);
#12029=SURFACE_STYLE_USAGE(.BOTH.,#12036);
#12030=SURFACE_SIDE_STYLE('',(#12037));
#12031=SURFACE_SIDE_STYLE('',(#12038));
#12032=SURFACE_SIDE_STYLE('',(#12039));
#12033=SURFACE_SIDE_STYLE('',(#12040));
#12034=SURFACE_SIDE_STYLE('',(#12041));
#12035=SURFACE_SIDE_STYLE('',(#12042));
#12036=SURFACE_SIDE_STYLE('',(#12043));
#12037=SURFACE_STYLE_FILL_AREA(#12044);
#12038=SURFACE_STYLE_FILL_AREA(#12045);
#12039=SURFACE_STYLE_FILL_AREA(#12046);
#12040=SURFACE_STYLE_FILL_AREA(#12047);
#12041=SURFACE_STYLE_FILL_AREA(#12048);
#12042=SURFACE_STYLE_FILL_AREA(#12049);
#12043=SURFACE_STYLE_FILL_AREA(#12050);
#12044=FILL_AREA_STYLE('Steel - Satin',(#12051));
#12045=FILL_AREA_STYLE('Opaque(26,26,26)',(#12052));
#12046=FILL_AREA_STYLE('Opaque(240,245,247)',(#12053));
#12047=FILL_AREA_STYLE('Opaque(255,255,255)',(#12054));
#12048=FILL_AREA_STYLE('Opaque(73,144,226)',(#12055));
#12049=FILL_AREA_STYLE('Opaque(195,185,245)',(#12056));
#12050=FILL_AREA_STYLE('Plastic - Translucent Matte (White)',(#12057));
#12051=FILL_AREA_STYLE_COLOUR('Steel - Satin',#12058);
#12052=FILL_AREA_STYLE_COLOUR('Opaque(26,26,26)',#12059);
#12053=FILL_AREA_STYLE_COLOUR('Opaque(240,245,247)',#12060);
#12054=FILL_AREA_STYLE_COLOUR('Opaque(255,255,255)',#12061);
#12055=FILL_AREA_STYLE_COLOUR('Opaque(73,144,226)',#12062);
#12056=FILL_AREA_STYLE_COLOUR('Opaque(195,185,245)',#12063);
#12057=FILL_AREA_STYLE_COLOUR('Plastic - Translucent Matte (White)',#12064);
#12058=COLOUR_RGB('Steel - Satin',0.627450980392157,0.627450980392157,0.627450980392157);
#12059=COLOUR_RGB('Opaque(26,26,26)',0.101960784313725,0.101960784313725,
0.101960784313725);
#12060=COLOUR_RGB('Opaque(240,245,247)',0.941176470588235,0.96078431372549,
0.968627450980392);
#12061=COLOUR_RGB('Opaque(255,255,255)',1.,1.,1.);
#12062=COLOUR_RGB('Opaque(73,144,226)',0.286274509803922,0.564705882352941,
0.886274509803922);
#12063=COLOUR_RGB('Opaque(195,185,245)',0.764705882352941,0.725490196078431,
0.96078431372549);
#12064=COLOUR_RGB('Plastic - Translucent Matte (White)',0.964705882352941,
0.964705882352941,0.952941176470588);
ENDSEC;
END-ISO-10303-21;
